46001,"40.213154",-85.680698,Alexandria,IN,Madison
46011,"40.141033",-85.766164,Anderson,IN,Madison
46012,"40.165726",-85.633225,Anderson,IN,Madison
46013,"40.05668",-85.674976,Anderson,IN,Madison
46014,"40.161733",-85.719659,Anderson,IN,Madison
46015,"40.093792",-85.657825,Anderson,IN,Madison
46016,"40.144894",-85.742377,Anderson,IN,Madison
46017,"40.100275",-85.710226,Anderson,IN,Madison
46018,"40.161733",-85.719659,Anderson,IN,Madison
46030,"40.167756",-86.045789,Arcadia,IN,Hamilton
46031,"40.174289",-86.018909,Atlanta,IN,Hamilton
46032,"40.071102",-86.117215,Carmel,IN,Hamilton
46033,"39.974404",-86.082936,Carmel,IN,Hamilton
46034,"40.154903",-86.038337,Cicero,IN,Hamilton
46035,"40.211041",-86.64787,Colfax,IN,Clinton
46036,"40.27843",-85.719657,Elwood,IN,Madison
46038,"39.967406",-85.964894,Fishers,IN,Hamilton
46039,"40.373825",-86.309246,Forest,IN,Clinton
46040,"39.894912",-85.792762,Fortville,IN,Hancock
46041,"40.304355",-86.468915,Frankfort,IN,Clinton
46044,"40.213173",-85.786049,Frankton,IN,Madison
46045,"40.289836",-86.149423,Goldsmith,IN,Tipton
46046,"40.304473",-86.469044,Hillisburg,IN,Clinton
46047,"40.284101",-85.945505,Hobbs,IN,Tipton
46048,"39.95729",-85.798078,Ingalls,IN,Madison
46049,"40.307545",-86.146767,Kempton,IN,Tipton
46050,"40.259929",-86.45201,Kirklin,IN,Clinton
46051,"40.05956",-85.834429,Lapel,IN,Madison
46052,"40.050302",-86.490381,Lebanon,IN,Boone
46055,"39.878113",-85.897957,Mc Cordsville,IN,Hancock
46056,"39.985793",-85.617925,Markleville,IN,Madison
46057,"40.306276",-86.490945,Michigantown,IN,Clinton
46058,"40.359433",-86.628659,Mulberry,IN,Clinton
46060,"40.073328",-85.999521,Noblesville,IN,Hamilton
46061,"40.072462",-86.052285,Noblesville,IN,Hamilton
46063,"40.271524",-85.72808,Orestes,IN,Madison
46064,"40.107304",-85.757678,Pendleton,IN,Madison
46065,"40.360973",-86.603449,Rossville,IN,Clinton
46067,"40.304473",-86.469044,Sedalia,IN,Clinton
46068,"40.354088",-86.118782,Sharpsville,IN,Tipton
46069,"40.129468",-86.185273,Sheridan,IN,Hamilton
46070,"40.314012",-85.666794,Summitville,IN,Madison
46071,"40.068631",-86.58186,Thorntown,IN,Boone
46072,"40.311418",-86.063107,Tipton,IN,Tipton
46074,"40.097028",-86.125716,Westfield,IN,Hamilton
46075,"40.022608",-86.346179,Whitestown,IN,Boone
46076,"40.348927",-85.937642,Windfall,IN,Tipton
46077,"39.997457",-86.298135,Zionsville,IN,Boone
46082,"40.072462",-86.052285,Carmel,IN,Hamilton
46102,"39.995599",-86.619774,Advance,IN,Boone
46103,"39.736926",-86.483474,Amo,IN,Hendricks
46104,"39.663342",-85.590869,Arlington,IN,Rush
46105,"39.752428",-86.812416,Bainbridge,IN,Putnam
46106,"39.489652",-86.102271,Bargersville,IN,Johnson
46107,"39.713893",-86.093293,Beech Grove,IN,Marion
46110,"39.566614",-85.91406,Boggstown,IN,Shelby
46111,"39.539599",-86.370057,Brooklyn,IN,Morgan
46112,"39.807038",-86.470429,Brownsburg,IN,Hendricks
46113,"39.6533",-86.30309,Camby,IN,Marion
46114,"39.762448",-86.510386,Cartersburg,IN,Hendricks
46115,"39.735455",-85.552199,Carthage,IN,Rush
46117,"39.838824",-85.625798,Charlottesville,IN,Hancock
46118,"39.711088",-86.495365,Clayton,IN,Hendricks
46120,"39.658826",-86.782523,Cloverdale,IN,Putnam
46121,"39.688598",-86.594745,Coatesville,IN,Hendricks
46122,"39.766794",-86.530319,Danville,IN,Hendricks
46123,"39.721434",-86.488881,Avon,IN,Hendricks
46124,"39.430795",-86.099838,Edinburgh,IN,Johnson
46125,"39.506641",-86.641773,Eminence,IN,Morgan
46126,"39.617344",-85.87593,Fairland,IN,Shelby
46127,"39.729032",-85.333088,Falmouth,IN,Rush
46128,"39.652271",-86.73796,Fillmore,IN,Putnam
46129,"39.821516",-85.765169,Finly,IN,Hancock
46130,"39.580663",-85.809775,Fountaintown,IN,Shelby
46131,"39.469172",-86.068718,Franklin,IN,Johnson
46133,"39.58598",-85.276882,Glenwood,IN,Fayette
46135,"39.699485",-86.857172,Greencastle,IN,Putnam
46140,"39.821787",-85.775403,Greenfield,IN,Hancock
46142,"39.491246",-86.100454,Greenwood,IN,Johnson
46143,"39.50708",-86.10149,Greenwood,IN,Johnson
46144,"39.66172",-85.647634,Gwynneville,IN,Shelby
46146,"39.619923",-85.46554,Homer,IN,Rush
46147,"39.988674",-86.563204,Jamestown,IN,Boone
46148,"39.836197",-85.474444,Knightstown,IN,Henry
46149,"39.871667",-86.560328,Lizton,IN,Hendricks
46150,"39.546509",-85.583666,Manilla,IN,Rush
46151,"39.477625",-86.466792,Martinsville,IN,Morgan
46154,"39.856763",-85.768357,Maxwell,IN,Hancock
46155,"39.743769",-85.431184,Mays,IN,Rush
46156,"39.488994",-85.486278,Milroy,IN,Rush
46157,"39.555178",-86.531957,Monrovia,IN,Morgan
46158,"39.50942",-86.437089,Mooresville,IN,Morgan
46160,"39.244566",-86.267561,Morgantown,IN,Brown
46161,"39.65521",-85.71264,Morristown,IN,Shelby
46162,"39.560511",-85.96563,Needham,IN,Johnson
46163,"39.739927",-85.885962,New Palestine,IN,Hancock
46164,"39.391505",-86.109534,Nineveh,IN,Johnson
46165,"39.839162",-86.640794,North Salem,IN,Hendricks
46166,"39.427654",-86.533865,Paragon,IN,Morgan
46167,"39.784191",-86.475318,Pittsboro,IN,Hendricks
46168,"39.729892",-86.423412,Plainfield,IN,Hendricks
46170,"39.668441",-86.828402,Putnamville,IN,Putnam
46171,"39.543141",-86.955955,Reelsville,IN,Putnam
46172,"39.821381",-86.814317,Roachdale,IN,Putnam
46173,"39.612836",-85.439133,Rushville,IN,Rush
46175,"39.822491",-86.973306,Russellville,IN,Putnam
46176,"39.511568",-85.791993,Shelbyville,IN,Shelby
46180,"39.632997",-86.607678,Stilesville,IN,Hendricks
46181,"39.416652",-86.103674,Trafalgar,IN,Johnson
46182,"39.515",-85.781538,Waldron,IN,Shelby
46183,"39.648251",-86.28509,West Newton,IN,Marion
46184,"39.50607",-86.08434,Whiteland,IN,Johnson
46186,"39.895139",-85.643767,Wilkinson,IN,Hancock
46201,"39.775092",-86.13216,Indianapolis,IN,Marion
46202,"39.762392",-86.143736,Indianapolis,IN,Marion
46203,"39.743493",-86.113535,Indianapolis,IN,Marion
46204,"39.772692",-86.158038,Indianapolis,IN,Marion
46205,"39.822641",-86.129886,Indianapolis,IN,Marion
46206,"39.761293",-86.161336,Indianapolis,IN,Marion
46207,"39.767293",-86.160616,Indianapolis,IN,Marion
46208,"39.832741",-86.190186,Indianapolis,IN,Marion
46209,"39.779492",-86.132837,Indianapolis,IN,Marion
46211,"39.779492",-86.132837,Indianapolis,IN,Marion
46214,"39.792379",-86.287465,Indianapolis,IN,Marion
46216,"39.864689",-86.013632,Indianapolis,IN,Marion
46217,"39.678245",-86.197637,Indianapolis,IN,Marion
46218,"39.806991",-86.100535,Indianapolis,IN,Marion
46219,"39.782841",-86.081084,Indianapolis,IN,Marion
46220,"39.86904",-86.10895,Indianapolis,IN,Marion
46221,"39.764258",-86.130655,Indianapolis,IN,Marion
46222,"39.783642",-86.207687,Indianapolis,IN,Marion
46223,"39.779492",-86.132837,Indianapolis,IN,Marion
46224,"39.794042",-86.27074,Indianapolis,IN,Marion
46225,"39.743793",-86.167886,Indianapolis,IN,Marion
46226,"39.832577",-86.083634,Indianapolis,IN,Marion
46227,"39.678945",-86.130154,Indianapolis,IN,Marion
46228,"39.846191",-86.195081,Indianapolis,IN,Marion
46229,"39.798941",-86.035533,Indianapolis,IN,Marion
46230,"39.779492",-86.132837,Indianapolis,IN,Marion
46231,"39.703844",-86.30294,Indianapolis,IN,Marion
46234,"39.808793",-86.316288,Indianapolis,IN,Marion
46235,"39.84709",-85.974081,Indianapolis,IN,Marion
46236,"39.868939",-85.976532,Indianapolis,IN,Marion
46237,"39.742726",-86.171117,Indianapolis,IN,Marion
46239,"39.726493",-86.000482,Indianapolis,IN,Marion
46240,"39.877991",-86.200688,Indianapolis,IN,Marion
46241,"39.709624",-86.261389,Indianapolis,IN,Marion
46242,"39.779492",-86.132837,Indianapolis,IN,Marion
46244,"39.779492",-86.132837,Indianapolis,IN,Marion
46247,"39.779492",-86.132837,Indianapolis,IN,Marion
46249,"39.858989",-86.006082,Indianapolis,IN,Marion
46250,"39.904838",-86.067263,Indianapolis,IN,Marion
46251,"39.779492",-86.132837,Indianapolis,IN,Marion
46253,"39.779492",-86.132837,Indianapolis,IN,Marion
46254,"39.81594",-86.22681,Indianapolis,IN,Marion
46255,"39.779492",-86.132837,Indianapolis,IN,Marion
46256,"39.897708",-86.009447,Indianapolis,IN,Marion
46259,"39.667045",-85.998092,Indianapolis,IN,Marion
46260,"39.89384",-86.137988,Indianapolis,IN,Marion
46266,"39.779492",-86.132837,Indianapolis,IN,Marion
46268,"39.868173",-86.21231,Indianapolis,IN,Marion
46274,"39.779492",-86.132837,Indianapolis,IN,Marion
46275,"39.779492",-86.132837,Indianapolis,IN,Marion
46277,"39.779492",-86.132837,Indianapolis,IN,Marion
46278,"39.872591",-86.276791,Indianapolis,IN,Marion
46280,"39.9416",-86.115707,Indianapolis,IN,Hamilton
46282,"39.779492",-86.132837,Indianapolis,IN,Marion
46283,"39.779492",-86.132837,Indianapolis,IN,Marion
46285,"39.779492",-86.132837,Indianapolis,IN,Marion
46290,"39.93731",-86.199445,Indianapolis,IN,Hamilton
46291,"39.779492",-86.132837,Indianapolis,IN,Marion
46295,"39.779492",-86.132837,Indianapolis,IN,Marion
46296,"",,Indianapolis,IN,Marion
46298,"39.779492",-86.132837,Indianapolis,IN,Marion
46301,"41.683796",-86.975178,Beverly Shores,IN,Porter
46302,"41.354186",-87.130431,Boone Grove,IN,Porter
46303,"41.311861",-87.41665,Cedar Lake,IN,Lake
46304,"41.498946",-87.087021,Chesterton,IN,Porter
46307,"41.444409",-87.360089,Crown Point,IN,Lake
46308,"41.461543",-87.372779,Crown Point,IN,Lake
46310,"41.107336",-87.208423,Demotte,IN,Jasper
46311,"41.451993",-87.499489,Dyer,IN,Lake
46312,"41.640835",-87.46149,East Chicago,IN,Lake
46319,"41.522129",-87.390338,Griffith,IN,Lake
46320,"41.444246",-87.487242,Hammond,IN,Lake
46321,"41.550535",-87.502585,Munster,IN,Lake
46322,"41.577699",-87.47744,Highland,IN,Lake
46323,"41.590519",-87.45644,Hammond,IN,Lake
46324,"41.585185",-87.496665,Hammond,IN,Lake
46325,"41.461543",-87.372779,Hammond,IN,Lake
46327,"41.615085",-87.49039,Hammond,IN,Lake
46340,"41.378592",-86.788687,Hanna,IN,La Porte
46341,"41.347188",-87.152358,Hebron,IN,Porter
46342,"41.520515",-87.347486,Hobart,IN,Lake
46345,"41.526023",-86.699703,Kingsbury,IN,La Porte
46346,"41.480172",-86.691914,Kingsford Heights,IN,La Porte
46347,"41.301319",-87.066825,Kouts,IN,Porter
46348,"41.394105",-86.806742,La Crosse,IN,La Porte
46349,"41.108242",-87.418963,Lake Village,IN,Newton
46350,"41.537585",-86.73764,La Porte,IN,La Porte
46352,"41.498992",-86.709883,La Porte,IN,La Porte
46355,"41.359415",-87.27081,Leroy,IN,Lake
46356,"41.280102",-87.411308,Lowell,IN,Lake
46360,"41.594185",-86.756985,Michigan City,IN,La Porte
46361,"41.70354",-86.915077,Michigan City,IN,La Porte
46365,"41.609081",-86.543956,Mill Creek,IN,La Porte
46366,"41.25163",-86.735127,North Judson,IN,Starke
46368,"41.473367",-87.12927,Portage,IN,Porter
46371,"41.686609",-86.599414,Rolling Prairie,IN,La Porte
46372,"41.143358",-87.322049,Roselawn,IN,Newton
46373,"41.453965",-87.453086,Saint John,IN,Lake
46374,"41.216655",-86.884,San Pierre,IN,Starke
46375,"41.487733",-87.441525,Schererville,IN,Lake
46376,"41.189953",-87.477881,Schneider,IN,Lake
46377,"41.191734",-87.339778,Shelby,IN,Lake
46379,"41.167119",-87.43355,Sumava Resorts,IN,Newton
46380,"41.194816",-86.968614,Tefft,IN,Jasper
46381,"41.17115",-87.331323,Thayer,IN,Newton
46382,"41.466863",-86.772226,Union Mills,IN,La Porte
46383,"41.454731",-87.065565,Valparaiso,IN,Porter
46384,"41.490545",-87.076094,Valparaiso,IN,Porter
46385,"41.470567",-87.078309,Valparaiso,IN,Porter
46390,"41.421123",-86.872078,Wanatah,IN,La Porte
46391,"41.549933",-86.742979,Westville,IN,La Porte
46392,"41.133299",-87.063818,Wheatfield,IN,Jasper
46393,"41.511578",-87.179177,Wheeler,IN,Porter
46394,"41.656785",-87.493392,Whiting,IN,Lake
46401,"41.590686",-87.319937,Gary,IN,Lake
46402,"41.599336",-87.336338,Gary,IN,Lake
46403,"41.605636",-87.268536,Gary,IN,Lake
46404,"41.584136",-87.377538,Gary,IN,Lake
46405,"41.555785",-87.354587,Lake Station,IN,Lake
46406,"41.596012",-87.388189,Gary,IN,Lake
46407,"41.578886",-87.319987,Gary,IN,Lake
46408,"41.544936",-87.375307,Gary,IN,Lake
46409,"41.545636",-87.304186,Gary,IN,Lake
46410,"41.497212",-87.338656,Merrillville,IN,Lake
46411,"41.461543",-87.372779,Merrillville,IN,Lake
46501,"41.242669",-86.248052,Argos,IN,Marshall
46502,"41.254035",-85.969708,Atwood,IN,Kosciusko
46504,"41.323904",-86.150818,Bourbon,IN,Marshall
46506,"41.40577",-86.242235,Bremen,IN,Marshall
46507,"41.712983",-85.824845,Bristol,IN,Elkhart
46508,"41.154726",-85.969282,Burket,IN,Kosciusko
46510,"41.136771",-85.871487,Claypool,IN,Kosciusko
46511,"41.314629",-86.386582,Culver,IN,Marshall
46513,"41.361903",-86.444254,Donaldson,IN,Marshall
46514,"41.71873",-85.937024,Elkhart,IN,Elkhart
46515,"41.641449",-85.938348,Elkhart,IN,Elkhart
46516,"41.620856",-85.897236,Elkhart,IN,Elkhart
46517,"41.617705",-85.965717,Elkhart,IN,Elkhart
46524,"41.296306",-85.99843,Etna Green,IN,Kosciusko
46526,"41.584839",-85.858059,Goshen,IN,Elkhart
46527,"41.597739",-85.858076,Goshen,IN,Elkhart
46528,"41.624763",-85.839139,Goshen,IN,Elkhart
46530,"41.734912",-86.139868,Granger,IN,St Joseph
46531,"41.34963",-86.524321,Grovertown,IN,Starke
46532,"41.393141",-86.594849,Hamlet,IN,Starke
46534,"41.280907",-86.608249,Knox,IN,Starke
46536,"41.526373",-86.270086,Lakeville,IN,St Joseph
46537,"41.455431",-86.309368,Lapaz,IN,Marshall
46538,"41.342883",-85.823785,Leesburg,IN,Kosciusko
46539,"41.177648",-86.008586,Mentone,IN,Kosciusko
46540,"41.646192",-85.831327,Middlebury,IN,Elkhart
46542,"41.28296",-85.871138,Milford,IN,Kosciusko
46543,"41.531255",-85.712083,Millersburg,IN,Elkhart
46544,"41.61536",-86.287884,Mishawaka,IN,St Joseph
46545,"41.696407",-86.304735,Mishawaka,IN,St Joseph
46546,"41.688432",-86.196485,Mishawaka,IN,St Joseph
46550,"41.574743",-85.972724,Nappanee,IN,Elkhart
46552,"41.701172",-86.455494,New Carlisle,IN,St Joseph
46553,"41.47867",-85.8192,New Paris,IN,Elkhart
46554,"41.561716",-86.414045,North Liberty,IN,St Joseph
46555,"41.332568",-85.710285,North Webster,IN,Kosciusko
46556,"41.596769",-86.292991,Notre Dame,IN,St Joseph
46561,"41.669504",-86.087002,Osceola,IN,St Joseph
46562,"41.265769",-85.854745,Pierceton,IN,Kosciusko
46563,"41.352997",-86.301486,Plymouth,IN,Marshall
46565,"41.67572",-85.567362,Shipshewana,IN,Lagrange
46566,"41.137923",-85.88883,Sidney,IN,Kosciusko
46567,"41.296386",-85.844729,Syracuse,IN,Kosciusko
46570,"41.215971",-86.12282,Tippecanoe,IN,Marshall
46571,"41.578904",-85.540055,Topeka,IN,Lagrange
46572,"41.325513",-86.260569,Tyner,IN,Marshall
46573,"41.58574",-85.882695,Wakarusa,IN,Elkhart
46574,"41.488957",-86.446734,Walkerton,IN,St Joseph
46580,"41.2228",-85.860179,Warsaw,IN,Kosciusko
46581,"41.239365",-85.864267,Warsaw,IN,Kosciusko
46582,"41.254225",-85.849508,Warsaw,IN,Kosciusko
46590,"41.232725",-85.826346,Winona Lake,IN,Kosciusko
46595,"41.518136",-86.165227,Wyatt,IN,St Joseph
46601,"41.673383",-86.251654,South Bend,IN,St Joseph
46604,"41.664198",-86.221805,South Bend,IN,St Joseph
46612,"41.628483",-86.234589,South Bend,IN,St Joseph
46613,"41.656573",-86.255696,South Bend,IN,St Joseph
46614,"41.616532",-86.278463,South Bend,IN,St Joseph
46615,"41.677046",-86.216105,South Bend,IN,St Joseph
46616,"41.695957",-86.264293,South Bend,IN,St Joseph
46617,"41.682897",-86.238906,South Bend,IN,St Joseph
46619,"41.672919",-86.296056,South Bend,IN,St Joseph
46620,"41.596769",-86.292991,South Bend,IN,St Joseph
46624,"41.733223",-86.283278,South Bend,IN,St Joseph
46626,"41.677397",-86.252506,South Bend,IN,St Joseph
46628,"41.716559",-86.335738,South Bend,IN,St Joseph
46629,"41.671919",-86.27911,South Bend,IN,St Joseph
46634,"41.596769",-86.292991,South Bend,IN,St Joseph
46635,"41.686358",-86.338666,South Bend,IN,St Joseph
46637,"41.699077",-86.315321,South Bend,IN,St Joseph
46660,"41.596769",-86.292991,South Bend,IN,St Joseph
46680,"41.596769",-86.292991,South Bend,IN,St Joseph
46699,"41.596769",-86.292991,South Bend,IN,St Joseph
46701,"41.376028",-85.413862,Albion,IN,Noble
46702,"40.820278",-85.597862,Andrews,IN,Huntington
46703,"41.672567",-85.000474,Angola,IN,Steuben
46704,"41.103797",-85.292474,Arcola,IN,Allen
46705,"41.501455",-85.071275,Ashley,IN,De Kalb
46706,"41.377758",-85.027689,Auburn,IN,De Kalb
46710,"41.368123",-85.391019,Avilla,IN,Noble
46711,"40.671628",-84.934331,Berne,IN,Adams
46713,"40.829196",-85.489198,Bippus,IN,Huntington
46714,"40.71327",-85.2023,Bluffton,IN,Wells
46720,"41.395275",-85.423462,Brimfield,IN,Noble
46721,"41.426441",-84.912517,Butler,IN,De Kalb
46723,"41.190811",-85.389672,Churubusco,IN,Whitley
46725,"41.14956",-85.50042,Columbia City,IN,Whitley
46730,"41.463082",-85.137324,Corunna,IN,De Kalb
46731,"40.794056",-85.104206,Craigville,IN,Wells
46732,"41.377903",-85.59875,Cromwell,IN,Noble
46733,"40.81911",-84.93785,Decatur,IN,Adams
46737,"41.711462",-84.945643,Fremont,IN,Steuben
46738,"41.323007",-85.140707,Garrett,IN,De Kalb
46740,"40.612058",-84.936072,Geneva,IN,Adams
46741,"41.195015",-84.963984,Grabill,IN,Allen
46742,"41.572304",-84.897465,Hamilton,IN,Steuben
46743,"41.227324",-84.987882,Harlan,IN,Allen
46745,"40.957347",-85.002148,Hoagland,IN,Allen
46746,"41.711914",-85.367474,Howe,IN,Lagrange
46747,"41.577125",-85.113166,Hudson,IN,Steuben
46748,"41.237988",-85.159437,Huntertown,IN,Allen
46750,"40.842697",-85.489225,Huntington,IN,Huntington
46755,"41.431488",-85.389073,Kendallville,IN,Noble
46759,"40.603317",-85.205635,Keystone,IN,Wells
46760,"41.369423",-85.543448,Kimmell,IN,Noble
46761,"41.655135",-85.387208,Lagrange,IN,Lagrange
46763,"41.292913",-85.27904,Laotto,IN,Noble
46764,"41.206938",-85.591994,Larwill,IN,Whitley
46765,"41.232203",-85.043118,Leo,IN,Allen
46766,"40.698551",-85.278222,Liberty Center,IN,Wells
46767,"41.405478",-85.42573,Ligonier,IN,Noble
46769,"40.74532",-84.937926,Linn Grove,IN,Adams
46770,"40.862309",-85.354611,Markle,IN,Huntington
46771,"41.665489",-85.267567,Mongo,IN,Lagrange
46772,"40.709518",-84.919164,Monroe,IN,Adams
46773,"41.059007",-84.90402,Monroeville,IN,Allen
46774,"41.102098",-84.962038,New Haven,IN,Allen
46776,"41.71364",-85.140168,Orland,IN,Steuben
46777,"40.855435",-85.203797,Ossian,IN,Wells
46778,"40.611419",-85.152604,Petroleum,IN,Wells
46779,"41.577443",-85.031873,Pleasant Lake,IN,Steuben
46780,"40.74532",-84.937926,Pleasant Mills,IN,Adams
46781,"40.639684",-85.259163,Poneto,IN,Wells
46782,"40.83204",-85.005402,Preble,IN,Adams
46783,"40.954446",-85.393868,Roanoke,IN,Huntington
46784,"41.401296",-85.401402,Rome City,IN,Noble
46785,"41.319754",-84.888552,Saint Joe,IN,De Kalb
46786,"41.536899",-85.319241,South Milford,IN,Lagrange
46787,"41.071204",-85.510981,South Whitley,IN,Whitley
46788,"41.302927",-84.902416,Spencerville,IN,De Kalb
46789,"41.583493",-85.199186,Stroh,IN,Lagrange
46791,"40.859358",-85.270039,Uniondale,IN,Wells
46792,"40.712066",-85.468798,Warren,IN,Huntington
46793,"41.461019",-85.019562,Waterloo,IN,De Kalb
46794,"41.476682",-85.386856,Wawaka,IN,Noble
46795,"41.583475",-85.337737,Wolcottville,IN,Lagrange
46796,"41.336115",-85.500246,Wolflake,IN,Noble
46797,"41.125044",-84.874249,Woodburn,IN,Allen
46798,"41.009498",-85.086518,Yoder,IN,Allen
46799,"40.918797",-85.282422,Zanesville,IN,Allen
46801,"41.093763",-85.070713,Fort Wayne,IN,Allen
46802,"41.065397",-85.15842,Fort Wayne,IN,Allen
46803,"41.065648",-85.084069,Fort Wayne,IN,Allen
46804,"41.057168",-85.239172,Fort Wayne,IN,Allen
46805,"41.099948",-85.078019,Fort Wayne,IN,Allen
46806,"41.049248",-85.082319,Fort Wayne,IN,Allen
46807,"41.042342",-85.14682,Fort Wayne,IN,Allen
46808,"41.093898",-85.184121,Fort Wayne,IN,Allen
46809,"41.037097",-85.205071,Fort Wayne,IN,Allen
46814,"41.045647",-85.305823,Fort Wayne,IN,Allen
46815,"41.141189",-85.072068,Fort Wayne,IN,Allen
46816,"40.988047",-85.033817,Fort Wayne,IN,Allen
46818,"41.112548",-85.203895,Fort Wayne,IN,Allen
46819,"40.978697",-85.126419,Fort Wayne,IN,Allen
46825,"41.138003",-85.104001,Fort Wayne,IN,Allen
46835,"41.156698",-85.057218,Fort Wayne,IN,Allen
46845,"41.095957",-85.084581,Fort Wayne,IN,Allen
46850,"41.093763",-85.070713,Fort Wayne,IN,Allen
46851,"41.093763",-85.070713,Fort Wayne,IN,Allen
46852,"41.093763",-85.070713,Fort Wayne,IN,Allen
46853,"41.093763",-85.070713,Fort Wayne,IN,Allen
46854,"41.093763",-85.070713,Fort Wayne,IN,Allen
46855,"41.093763",-85.070713,Fort Wayne,IN,Allen
46856,"41.093763",-85.070713,Fort Wayne,IN,Allen
46857,"41.093763",-85.070713,Fort Wayne,IN,Allen
46858,"41.093763",-85.070713,Fort Wayne,IN,Allen
46859,"41.093763",-85.070713,Fort Wayne,IN,Allen
46860,"41.093763",-85.070713,Fort Wayne,IN,Allen
46861,"41.093763",-85.070713,Fort Wayne,IN,Allen
46862,"41.093763",-85.070713,Fort Wayne,IN,Allen
46863,"41.093763",-85.070713,Fort Wayne,IN,Allen
46864,"41.093763",-85.070713,Fort Wayne,IN,Allen
46865,"41.126298",-85.090669,Fort Wayne,IN,Allen
46866,"41.093763",-85.070713,Fort Wayne,IN,Allen
46867,"41.093763",-85.070713,Fort Wayne,IN,Allen
46868,"41.093763",-85.070713,Fort Wayne,IN,Allen
46869,"41.093763",-85.070713,Fort Wayne,IN,Allen
46885,"41.093763",-85.070713,Fort Wayne,IN,Allen
46895,"41.093763",-85.070713,Fort Wayne,IN,Allen
46896,"41.093763",-85.070713,Fort Wayne,IN,Allen
46897,"41.093763",-85.070713,Fort Wayne,IN,Allen
46898,"41.093763",-85.070713,Fort Wayne,IN,Allen
46899,"41.093763",-85.070713,Fort Wayne,IN,Allen
46901,"40.506851",-86.171054,Kokomo,IN,Howard
46902,"40.444291",-86.17559,Kokomo,IN,Howard
46903,"40.469625",-86.11894,Kokomo,IN,Howard
46904,"40.469625",-86.11894,Kokomo,IN,Howard
46910,"41.047932",-86.069172,Akron,IN,Fulton
46911,"40.650476",-85.943552,Amboy,IN,Miami
46912,"41.040988",-86.206925,Athens,IN,Fulton
46913,"40.500141",-86.507065,Bringhurst,IN,Carroll
46914,"40.659068",-86.102125,Bunker Hill,IN,Miami
46915,"40.495181",-86.394248,Burlington,IN,Carroll
46916,"40.584272",-86.573952,Burrows,IN,Carroll
46917,"40.626954",-86.499148,Camden,IN,Carroll
46919,"40.578034",-85.878104,Converse,IN,Miami
46920,"40.485424",-86.488525,Cutler,IN,Carroll
46921,"40.960538",-86.12908,Deedsville,IN,Miami
46922,"41.040988",-86.206925,Delong,IN,Fulton
46923,"40.580452",-86.637891,Delphi,IN,Carroll
46926,"40.867036",-86.07524,Denver,IN,Miami
46928,"40.515421",-85.661196,Fairmount,IN,Grant
46929,"40.556269",-86.490521,Flora,IN,Carroll
46930,"40.40993",-85.571035,Fowlerton,IN,Grant
46931,"40.948405",-86.265814,Fulton,IN,Fulton
46932,"40.634254",-86.269625,Galveston,IN,Cass
46933,"40.54429",-85.585245,Gas City,IN,Grant
46935,"41.040988",-86.206925,Grass Creek,IN,Fulton
46936,"40.485442",-85.997326,Greentown,IN,Howard
46937,"40.418662",-86.018139,Hemlock,IN,Howard
46938,"40.44673",-85.650398,Jonesboro,IN,Grant
46939,"41.040533",-86.374647,Kewanna,IN,Fulton
46940,"40.696155",-85.740428,La Fontaine,IN,Wabash
46941,"40.826475",-85.700909,Lagro,IN,Wabash
46942,"40.736111",-86.37341,Lake Cicott,IN,Cass
46943,"40.974279",-85.837546,Laketon,IN,Wabash
46945,"41.040988",-86.206925,Leiters Ford,IN,Fulton
46946,"41.035629",-85.735756,Liberty Mills,IN,Wabash
46947,"40.77927",-86.375168,Logansport,IN,Cass
46950,"40.875277",-86.354066,Lucerne,IN,Cass
46951,"40.95841",-86.129366,Macy,IN,Miami
46952,"40.519756",-85.636731,Marion,IN,Grant
46953,"40.499959",-85.626401,Marion,IN,Grant
46957,"40.389831",-85.476619,Matthews,IN,Grant
46958,"40.822384",-86.116189,Mexico,IN,Miami
46959,"40.61466",-86.106432,Miami,IN,Miami
46960,"41.124552",-86.544617,Monterey,IN,Pulaski
46961,"40.762054",-86.193648,New Waverly,IN,Cass
46962,"40.859877",-85.794138,North Manchester,IN,Wabash
46965,"40.412741",-86.101484,Oakford,IN,Howard
46967,"40.694298",-86.204238,Onward,IN,Cass
46968,"41.175557",-86.554326,Ora,IN,Starke
46970,"40.73991",-86.07581,Peru,IN,Miami
46971,"40.780955",-86.016441,Grissom Arb,IN,Miami
46974,"40.951589",-85.854151,Roann,IN,Wabash
46975,"41.040988",-86.254272,Rochester,IN,Fulton
46977,"40.584272",-86.573952,Rockfield,IN,Carroll
46978,"40.851622",-86.492019,Royal Center,IN,Cass
46979,"40.42573",-86.269717,Russiaville,IN,Howard
46980,"40.848927",-85.792501,Servia,IN,Wabash
46982,"41.130963",-85.856589,Silver Lake,IN,Kosciusko
46984,"40.671369",-85.828846,Somerset,IN,Wabash
46985,"41.003004",-86.589005,Star City,IN,Pulaski
46986,"40.505141",-85.815617,Swayzee,IN,Grant
46987,"40.564673",-85.765569,Sweetser,IN,Grant
46988,"40.866096",-86.233899,Twelve Mile,IN,Cass
46989,"40.455985",-85.62512,Upland,IN,Grant
46990,"40.886571",-85.736386,Urbana,IN,Wabash
46991,"40.617379",-85.514796,Van Buren,IN,Grant
46992,"40.801867",-85.791823,Wabash,IN,Wabash
46994,"40.677128",-86.260927,Walton,IN,Cass
46995,"40.442117",-86.215482,West Middleton,IN,Howard
46996,"41.035862",-86.622156,Winamac,IN,Pulaski
46998,"40.866023",-86.225982,Young America,IN,Cass
47001,"39.091081",-84.988904,Aurora,IN,Dearborn
47003,"39.515851",-84.862979,West College Corner,IN,Union
47006,"39.19017",-85.229151,Batesville,IN,Ripley
47010,"39.490701",-84.853529,Bath,IN,Franklin
47011,"38.864386",-85.074867,Bennington,IN,Switzerland
47012,"39.416398",-85.00028,Brookville,IN,Franklin
47016,"39.367379",-84.910391,Cedar Grove,IN,Franklin
47017,"38.945037",-85.191159,Cross Plains,IN,Ripley
47018,"39.002217",-85.02623,Dillsboro,IN,Dearborn
47019,"38.868591",-84.925998,East Enterprise,IN,Switzerland
47020,"38.82353",-84.950119,Florence,IN,Switzerland
47021,"38.970266",-85.15039,Friendship,IN,Ripley
47022,"39.193261",-84.964354,Guilford,IN,Dearborn
47023,"39.082863",-85.374353,Holton,IN,Ripley
47024,"39.467957",-85.178057,Laurel,IN,Franklin
47025,"39.152741",-84.891015,Lawrenceburg,IN,Dearborn
47030,"39.433095",-85.111826,Metamora,IN,Franklin
47031,"39.115266",-85.22819,Milan,IN,Ripley
47032,"39.16259",-84.980417,Moores Hill,IN,Dearborn
47033,"39.281429",-85.1739,Morris,IN,Ripley
47034,"39.204833",-85.326962,Napoleon,IN,Ripley
47035,"39.309983",-84.900711,New Trenton,IN,Franklin
47036,"39.386175",-85.238529,Oldenburg,IN,Franklin
47037,"39.172808",-85.285367,Osgood,IN,Ripley
47038,"38.84188",-84.881782,Patriot,IN,Switzerland
47039,"39.111625",-85.255114,Pierceville,IN,Ripley
47040,"38.958134",-84.984085,Rising Sun,IN,Ohio
47041,"39.231396",-85.140001,Sunman,IN,Ripley
47042,"39.039682",-85.244161,Versailles,IN,Ripley
47043,"38.809388",-85.061136,Vevay,IN,Switzerland
47060,"39.25151",-84.91437,West Harrison,IN,Dearborn
47102,"38.748455",-85.750469,Austin,IN,Scott
47104,"38.539899",-85.421753,Bethlehem,IN,Clark
47106,"38.482335",-85.76776,Borden,IN,Clark
47107,"38.190314",-86.115257,Bradford,IN,Harrison
47108,"38.614255",-86.220645,Campbellsburg,IN,Washington
47110,"38.096971",-86.172327,Central,IN,Harrison
47111,"38.459992",-85.615235,Charlestown,IN,Clark
47112,"38.1863",-86.145211,Corydon,IN,Harrison
47114,"38.289882",-86.08239,Crandall,IN,Harrison
47115,"38.338462",-86.212957,Depauw,IN,Harrison
47116,"38.329303",-86.575635,Eckerty,IN,Crawford
47117,"38.094629",-85.988349,Elizabeth,IN,Harrison
47118,"38.288549",-86.501185,English,IN,Crawford
47119,"38.35257",-85.890727,Floyds Knobs,IN,Floyd
47120,"38.46772",-86.185333,Fredericksburg,IN,Washington
47122,"38.31098",-85.960009,Georgetown,IN,Floyd
47123,"38.281966",-86.484327,Grantsburg,IN,Crawford
47124,"38.373209",-85.986626,Greenville,IN,Floyd
47125,"38.500408",-86.244689,Hardinsburg,IN,Washington
47126,"38.5504",-85.774327,Henryville,IN,Clark
47129,"38.310958",-85.764463,Clarksville,IN,Clark
47130,"38.404909",-85.716548,Jeffersonville,IN,Clark
47131,"38.437021",-85.704973,Jeffersonville,IN,Clark
47132,"38.286819",-85.732062,Jeffersonville,IN,Clark
47133,"38.286819",-85.732062,Jeffersonville,IN,Clark
47134,"38.286819",-85.732062,Jeffersonville,IN,Clark
47135,"38.039957",-86.06555,Laconia,IN,Harrison
47136,"38.227684",-85.990389,Lanesville,IN,Harrison
47137,"38.195771",-86.368905,Leavenworth,IN,Crawford
47138,"38.671281",-85.6333,Lexington,IN,Scott
47139,"38.600666",-86.078828,Little York,IN,Washington
47140,"38.357884",-86.372687,Marengo,IN,Crawford
47141,"38.549871",-85.597466,Marysville,IN,Clark
47142,"38.073945",-86.204065,Mauckport,IN,Harrison
47143,"38.467595",-85.769631,Memphis,IN,Clark
47144,"38.286819",-85.732062,Jeffersonville,IN,Clark
47145,"38.337832",-86.314971,Milltown,IN,Crawford
47146,"38.298486",-85.896961,Mount Saint Francis,IN,Floyd
47147,"38.580326",-85.532171,Nabb,IN,Clark
47150,"38.293355",-85.837911,New Albany,IN,Floyd
47151,"38.298486",-85.896961,New Albany,IN,Floyd
47160,"38.148843",-86.049282,New Middletown,IN,Harrison
47161,"38.328025",-86.105996,New Salisbury,IN,Harrison
47162,"38.550289",-85.486131,New Washington,IN,Clark
47163,"38.535058",-85.669829,Otisco,IN,Clark
47164,"38.380353",-86.105954,Palmyra,IN,Harrison
47165,"38.512878",-86.010567,Pekin,IN,Washington
47166,"38.303364",-86.168979,Ramsey,IN,Harrison
47167,"38.608621",-86.079404,Salem,IN,Washington
47170,"38.695648",-85.772815,Scottsburg,IN,Scott
47172,"38.404577",-85.787963,Sellersburg,IN,Clark
47174,"38.22588",-86.490751,Sulphur,IN,Crawford
47175,"38.345487",-86.54608,Taswell,IN,Crawford
47177,"38.584823",-85.748631,Underwood,IN,Clark
47199,"38.286819",-85.732062,Jeffersonville,IN,Clark
47201,"39.191447",-85.891338,Columbus,IN,Bartholomew
47202,"39.192972",-85.885168,Columbus,IN,Bartholomew
47203,"39.241129",-85.827439,Columbus,IN,Bartholomew
47220,"38.866192",-86.046452,Brownstown,IN,Jackson
47223,"39.046146",-85.486831,Butlerville,IN,Jennings
47224,"38.873448",-85.291935,Canaan,IN,Jefferson
47225,"39.424072",-85.347677,Clarksburg,IN,Decatur
47226,"39.282609",-85.868533,Clifford,IN,Bartholomew
47227,"38.868992",-85.660004,Commiskey,IN,Jennings
47228,"38.974458",-85.962761,Cortland,IN,Jackson
47229,"38.815289",-85.985182,Crothersville,IN,Jackson
47230,"38.794988",-85.60731,Deputy,IN,Jefferson
47231,"38.876272",-85.500519,Dupont,IN,Jefferson
47232,"39.118884",-85.773533,Elizabethtown,IN,Bartholomew
47234,"39.393802",-85.77201,Flat Rock,IN,Shelby
47235,"38.962837",-86.155545,Freetown,IN,Jackson
47236,"39.152228",-85.726135,Grammer,IN,Bartholomew
47240,"39.299802",-85.491781,Greensburg,IN,Decatur
47243,"38.734755",-85.376804,Hanover,IN,Jefferson
47244,"39.218578",-85.717648,Hartsville,IN,Bartholomew
47245,"39.001301",-85.619906,Hayden,IN,Jennings
47246,"39.20336",-85.787611,Hope,IN,Bartholomew
47247,"39.059349",-85.888579,Jonesville,IN,Bartholomew
47249,"38.897974",-86.056681,Kurtz,IN,Jackson
47250,"38.804552",-85.420605,Madison,IN,Jefferson
47260,"38.84003",-86.194693,Medora,IN,Jackson
47261,"39.292004",-85.491788,Millhousen,IN,Decatur
47262,"39.001301",-85.619906,Nebraska,IN,Jennings
47263,"39.308252",-85.329695,New Point,IN,Decatur
47264,"38.947371",-86.23671,Norman,IN,Jackson
47265,"39.023539",-85.622328,North Vernon,IN,Jennings
47270,"38.86752",-85.716186,Paris Crossing,IN,Jennings
47272,"39.318",-85.463684,Saint Paul,IN,Decatur
47273,"39.064795",-85.733853,Scipio,IN,Jennings
47274,"38.944827",-86.010789,Seymour,IN,Jackson
47280,"39.295266",-85.949844,Taylorsville,IN,Bartholomew
47281,"38.814419",-86.092983,Vallonia,IN,Jackson
47282,"38.982509",-85.616595,Vernon,IN,Jennings
47283,"39.241181",-85.564278,Westport,IN,Decatur
47302,"40.142124",-85.389874,Muncie,IN,Delaware
47303,"40.280332",-85.383447,Muncie,IN,Delaware
47304,"40.238544",-85.484122,Muncie,IN,Delaware
47305,"40.247979",-85.433223,Muncie,IN,Delaware
47306,"40.202293",-85.408221,Muncie,IN,Delaware
47307,"40.162093",-85.442772,Muncie,IN,Delaware
47308,"40.227938",-85.396685,Muncie,IN,Delaware
47320,"40.277967",-85.274125,Albany,IN,Delaware
47322,"39.656994",-85.167996,Bentonville,IN,Fayette
47324,"39.757864",-84.848442,Boston,IN,Wayne
47325,"39.682946",-84.995266,Brownsville,IN,Union
47326,"40.54116",-84.982803,Bryant,IN,Jay
47327,"39.848569",-85.035364,Cambridge City,IN,Wayne
47330,"39.787438",-84.986277,Centerville,IN,Wayne
47331,"39.656933",-85.168099,Connersville,IN,Fayette
47334,"40.143843",-85.508457,Daleville,IN,Delaware
47335,"39.812688",-85.204359,Dublin,IN,Wayne
47336,"40.43525",-85.091124,Dunkirk,IN,Jay
47337,"39.803063",-85.43711,Dunreith,IN,Henry
47338,"40.252982",-85.338738,Eaton,IN,Delaware
47339,"39.961044",-85.102314,Economy,IN,Wayne
47340,"40.187565",-85.14558,Farmland,IN,Randolph
47341,"39.864218",-84.995365,Fountain City,IN,Wayne
47342,"40.309361",-85.432657,Gaston,IN,Delaware
47344,"39.878933",-85.464036,Greensboro,IN,Henry
47345,"39.893845",-85.013775,Greens Fork,IN,Wayne
47346,"39.895789",-85.05967,Hagerstown,IN,Wayne
47348,"40.472672",-85.326447,Hartford City,IN,Blackford
47351,"39.904018",-85.520548,Kennard,IN,Henry
47352,"39.830372",-85.372732,Lewisville,IN,Henry
47353,"39.625149",-84.925002,Liberty,IN,Union
47354,"40.048148",-85.17051,Losantville,IN,Randolph
47355,"40.055775",-84.941102,Lynn,IN,Randolph
47356,"39.941555",-85.462793,Middletown,IN,Henry
47357,"39.764911",-85.109015,Milton,IN,Wayne
47358,"40.055419",-85.108514,Modoc,IN,Randolph
47359,"40.515895",-85.295619,Montpelier,IN,Blackford
47360,"40.01641",-85.293037,Mooreland,IN,Henry
47361,"40.001295",-85.319923,Mount Summit,IN,Henry
47362,"39.92487",-85.366926,New Castle,IN,Henry
47366,"39.931785",-85.398625,New Lisbon,IN,Henry
47367,"40.079197",-85.389978,Oakville,IN,Delaware
47368,"40.174184",-85.173858,Parker City,IN,Randolph
47369,"40.457413",-85.133813,Pennville,IN,Jay
47370,"39.861314",-85.147437,Pershing,IN,Wayne
47371,"40.431634",-84.983015,Portland,IN,Jay
47373,"40.359568",-85.151994,Redkey,IN,Jay
47374,"39.84081",-85.010442,Richmond,IN,Wayne
47375,"39.860417",-85.015983,Richmond,IN,Wayne
47380,"40.167082",-85.048286,Ridgeville,IN,Randolph
47381,"40.378574",-84.882263,Salamonia,IN,Jay
47382,"40.234703",-84.91848,Saratoga,IN,Randolph
47383,"40.15178",-85.265562,Selma,IN,Delaware
47384,"39.946332",-85.485528,Shirley,IN,Henry
47385,"39.91725",-85.450834,Spiceland,IN,Henry
47386,"40.011128",-85.383768,Springport,IN,Henry
47387,"39.83059",-85.284275,Straughn,IN,Henry
47388,"40.005999",-85.44341,Sulphur Springs,IN,Henry
47390,"40.166457",-85.006297,Union City,IN,Randolph
47392,"39.911895",-84.935057,Webster,IN,Wayne
47393,"39.930541",-85.028032,Williamsburg,IN,Wayne
47394,"40.159854",-84.984682,Winchester,IN,Randolph
47396,"40.19855",-85.509272,Yorktown,IN,Delaware
47401,"39.07881",-86.435094,Bloomington,IN,Monroe
47402,"39.173234",-86.501543,Bloomington,IN,Monroe
47403,"39.07884",-86.592389,Bloomington,IN,Monroe
47404,"39.25007",-86.580849,Bloomington,IN,Monroe
47405,"39.173447",-86.515145,Bloomington,IN,Monroe
47406,"39.174541",-86.518296,Bloomington,IN,Monroe
47407,"39.173234",-86.501543,Bloomington,IN,Monroe
47408,"39.230326",-86.469187,Bloomington,IN,Monroe
47420,"38.839482",-86.47943,Avoca,IN,Lawrence
47421,"38.890524",-86.525843,Bedford,IN,Lawrence
47424,"39.031541",-86.838359,Bloomfield,IN,Greene
47426,"39.173234",-86.501543,Clear Creek,IN,Monroe
47427,"39.319527",-86.842743,Coal City,IN,Owen
47429,"39.276356",-86.62658,Ellettsville,IN,Monroe
47430,"38.839482",-86.47943,Fort Ritner,IN,Lawrence
47431,"39.319527",-86.842743,Freedom,IN,Owen
47432,"38.486914",-86.587861,French Lick,IN,Orange
47433,"39.346964",-86.701332,Gosport,IN,Owen
47434,"39.012984",-86.545732,Harrodsburg,IN,Monroe
47435,"39.196272",-86.230212,Helmsburg,IN,Brown
47436,"38.839482",-86.47943,Heltonville,IN,Lawrence
47437,"38.722153",-86.670987,Huron,IN,Lawrence
47438,"39.078835",-86.992896,Jasonville,IN,Greene
47439,"39.037144",-86.961577,Koleen,IN,Greene
47441,"39.04963",-87.126965,Linton,IN,Greene
47443,"38.988255",-87.102958,Lyons,IN,Greene
47445,"39.037144",-86.961577,Midland,IN,Greene
47446,"38.803928",-86.50326,Mitchell,IN,Lawrence
47448,"39.180583",-86.226228,Nashville,IN,Brown
47449,"39.037144",-86.961577,Newberry,IN,Greene
47451,"38.895608",-86.525522,Oolitic,IN,Lawrence
47452,"38.586595",-86.451946,Orleans,IN,Orange
47453,"39.037144",-86.961577,Owensburg,IN,Greene
47454,"38.513132",-86.459473,Paoli,IN,Orange
47455,"39.319527",-86.842743,Patricksburg,IN,Owen
47456,"39.442888",-86.669559,Quincy,IN,Owen
47457,"39.037144",-86.961577,Scotland,IN,Greene
47458,"39.173234",-86.501543,Smithville,IN,Monroe
47459,"39.104137",-86.73706,Solsberry,IN,Greene
47460,"39.313258",-86.756423,Spencer,IN,Owen
47462,"38.941408",-86.584408,Springville,IN,Lawrence
47463,"39.085896",-86.6689,Stanford,IN,Monroe
47464,"39.299823",-86.648201,Stinesville,IN,Monroe
47465,"39.037144",-86.961577,Switz City,IN,Greene
47467,"38.839482",-86.47943,Tunnelton,IN,Lawrence
47468,"39.274735",-86.42106,Unionville,IN,Monroe
47469,"38.620834",-86.589851,West Baden Springs,IN,Orange
47470,"38.839482",-86.47943,Williams,IN,Lawrence
47471,"39.124289",-86.970755,Worthington,IN,Greene
47490,"39.173234",-86.501543,Bloomington,IN,Monroe
47501,"38.689503",-87.121505,Washington,IN,Daviess
47512,"38.741286",-87.346192,Bicknell,IN,Knox
47513,"38.326772",-86.820726,Birdseye,IN,Dubois
47514,"38.053876",-86.621994,Branchville,IN,Perry
47515,"38.198133",-86.682068,Bristow,IN,Perry
47516,"38.761354",-87.417076,Bruceville,IN,Knox
47519,"38.697289",-87.091762,Cannelburg,IN,Daviess
47520,"37.949544",-86.715557,Cannelton,IN,Perry
47521,"38.406745",-86.742618,Celestine,IN,Dubois
47522,"38.894879",-86.900174,Crane,IN,Martin
47523,"38.149611",-86.946217,Dale,IN,Spencer
47524,"38.626138",-87.511863,Decker,IN,Knox
47525,"38.020017",-86.565129,Derby,IN,Perry
47527,"38.439461",-86.777335,Dubois,IN,Dubois
47528,"38.786795",-87.38271,Edwardsport,IN,Knox
47529,"38.877167",-87.085001,Elnora,IN,Daviess
47531,"38.045062",-86.864745,Evanston,IN,Spencer
47532,"38.251171",-86.867492,Ferdinand,IN,Dubois
47535,"38.862735",-87.312678,Freelandville,IN,Knox
47536,"37.993813",-87.016971,Fulda,IN,Spencer
47537,"38.080052",-87.049834,Gentryville,IN,Spencer
47541,"38.249617",-87.007734,Holland,IN,Dubois
47542,"38.298972",-86.952413,Huntingburg,IN,Dubois
47545,"38.413687",-87.000879,Ireland,IN,Dubois
47546,"38.360357",-86.929481,Jasper,IN,Dubois
47547,"38.364749",-86.876173,Jasper,IN,Dubois
47549,"38.364749",-86.876173,Jasper,IN,Dubois
47550,"38.042888",-86.94971,Lamar,IN,Spencer
47551,"38.127658",-86.570969,Leopold,IN,Perry
47552,"38.124192",-86.995988,Lincoln City,IN,Spencer
47553,"38.771691",-86.912985,Loogootee,IN,Martin
47556,"38.16644",-86.917205,Mariah Hill,IN,Spencer
47557,"38.590433",-87.368456,Monroe City,IN,Knox
47558,"38.697289",-87.091762,Montgomery,IN,Daviess
47561,"38.709818",-87.388134,Oaktown,IN,Knox
47562,"38.841866",-86.986145,Odon,IN,Daviess
47564,"38.477976",-87.128545,Otwell,IN,Pike
47567,"38.459787",-87.298174,Petersburg,IN,Pike
47568,"38.697289",-87.091762,Plainville,IN,Daviess
47573,"38.744136",-87.321357,Ragsdale,IN,Knox
47574,"37.937193",-86.534002,Rome,IN,Perry
47575,"38.321125",-86.823444,Saint Anthony,IN,Dubois
47576,"38.152479",-86.64902,Saint Croix,IN,Perry
47577,"38.141725",-86.821891,Saint Meinrad,IN,Spencer
47578,"38.881471",-87.19594,Sandborn,IN,Knox
47579,"38.117579",-86.928645,Santa Claus,IN,Spencer
47580,"38.352759",-86.912488,Schnellville,IN,Dubois
47581,"38.669976",-86.788412,Shoals,IN,Martin
47584,"38.26376",-87.230482,Spurgeon,IN,Pike
47585,"38.271004",-87.147783,Stendal,IN,Pike
47586,"37.999711",-86.731971,Tell City,IN,Perry
47588,"38.033118",-86.798123,Troy,IN,Spencer
47590,"38.367402",-87.109044,Velpen,IN,Pike
47591,"38.707231",-87.417306,Vincennes,IN,Knox
47596,"38.791556",-87.3318,Westphalia,IN,Knox
47597,"38.656969",-87.329395,Wheatland,IN,Knox
47598,"38.372926",-87.211093,Winslow,IN,Pike
47601,"38.04247",-87.287145,Boonville,IN,Warrick
47610,"38.054569",-87.267847,Chandler,IN,Warrick
47611,"38.031396",-86.970053,Chrisney,IN,Spencer
47612,"38.175698",-87.711423,Cynthiana,IN,Posey
47613,"38.128931",-87.416104,Elberfeld,IN,Warrick
47614,"38.130034",-87.163636,Folsomville,IN,Warrick
47615,"38.003542",-86.996351,Grandview,IN,Spencer
47616,"38.190994",-87.91701,Griffin,IN,Posey
47617,"37.903557",-87.249886,Hatfield,IN,Spencer
47618,"37.997128",-87.574963,Inglefield,IN,Vanderburgh
47619,"38.162899",-87.283955,Lynnville,IN,Warrick
47620,"37.961781",-87.868228,Mount Vernon,IN,Posey
47629,"38.06242",-87.245214,Newburgh,IN,Warrick
47630,"38.038331",-87.283581,Newburgh,IN,Warrick
47631,"38.101827",-87.898765,New Harmony,IN,Posey
47633,"38.148016",-87.786303,Poseyville,IN,Posey
47634,"37.975392",-87.136282,Richland,IN,Spencer
47635,"37.929173",-87.033681,Rockport,IN,Spencer
47637,"38.118439",-87.244937,Tennyson,IN,Warrick
47638,"38.069277",-87.783602,Wadesville,IN,Posey
47639,"38.202701",-87.577358,Haubstadt,IN,Gibson
47640,"38.384971",-87.473674,Hazleton,IN,Gibson
47647,"38.34949",-87.651777,Buckskin,IN,Gibson
47648,"38.30512",-87.518339,Fort Branch,IN,Gibson
47649,"38.331581",-87.447826,Francisco,IN,Gibson
47654,"38.34949",-87.651777,Mackey,IN,Gibson
47660,"38.306265",-87.514796,Oakland City,IN,Gibson
47665,"38.272833",-87.681174,Owensville,IN,Gibson
47666,"38.401233",-87.583761,Patoka,IN,Gibson
47670,"38.303369",-87.534003,Princeton,IN,Gibson
47683,"38.281095",-87.37734,Somerville,IN,Gibson
47701,"37.997128",-87.574963,Evansville,IN,Vanderburgh
47702,"37.997128",-87.574963,Evansville,IN,Vanderburgh
47703,"37.997128",-87.574963,Evansville,IN,Vanderburgh
47704,"37.997128",-87.574963,Evansville,IN,Vanderburgh
47705,"37.997128",-87.574963,Evansville,IN,Vanderburgh
47706,"37.997128",-87.574963,Evansville,IN,Vanderburgh
47708,"37.976692",-87.564842,Evansville,IN,Vanderburgh
47710,"38.029714",-87.569024,Evansville,IN,Vanderburgh
47711,"38.061732",-87.554802,Evansville,IN,Vanderburgh
47712,"37.984112",-87.580057,Evansville,IN,Vanderburgh
47713,"37.95219",-87.547564,Evansville,IN,Vanderburgh
47714,"37.959092",-87.519682,Evansville,IN,Vanderburgh
47715,"37.984202",-87.489212,Evansville,IN,Vanderburgh
47716,"37.997128",-87.574963,Evansville,IN,Vanderburgh
47719,"37.997128",-87.574963,Evansville,IN,Vanderburgh
47720,"38.059937",-87.637962,Evansville,IN,Vanderburgh
47721,"37.978035",-87.600791,Evansville,IN,Vanderburgh
47722,"37.970192",-87.542014,Evansville,IN,Vanderburgh
47724,"37.997128",-87.574963,Evansville,IN,Vanderburgh
47725,"38.045237",-87.547704,Evansville,IN,Vanderburgh
47727,"38.031942",-87.538915,Evansville,IN,Vanderburgh
47728,"37.997128",-87.574963,Evansville,IN,Vanderburgh
47730,"37.997128",-87.574963,Evansville,IN,Vanderburgh
47731,"37.997128",-87.574963,Evansville,IN,Vanderburgh
47732,"37.997128",-87.574963,Evansville,IN,Vanderburgh
47733,"37.997128",-87.574963,Evansville,IN,Vanderburgh
47734,"37.997128",-87.574963,Evansville,IN,Vanderburgh
47735,"37.997128",-87.574963,Evansville,IN,Vanderburgh
47736,"37.997128",-87.574963,Evansville,IN,Vanderburgh
47737,"37.997128",-87.574963,Evansville,IN,Vanderburgh
47739,"37.997128",-87.574963,Evansville,IN,Vanderburgh
47740,"37.997128",-87.574963,Evansville,IN,Vanderburgh
47741,"37.997128",-87.574963,Evansville,IN,Vanderburgh
47744,"37.977492",-87.597316,Evansville,IN,Vanderburgh
47747,"37.997128",-87.574963,Evansville,IN,Vanderburgh
47750,"37.962292",-87.505512,Evansville,IN,Vanderburgh
47801,"39.433602",-87.410094,Terre Haute,IN,Vigo
47802,"39.357875",-87.42014,Terre Haute,IN,Vigo
47803,"39.468961",-87.315069,Terre Haute,IN,Vigo
47804,"39.505836",-87.342968,Terre Haute,IN,Vigo
47805,"39.532737",-87.325458,Terre Haute,IN,Vigo
47807,"39.467536",-87.392019,Terre Haute,IN,Vigo
47808,"39.433602",-87.410094,Terre Haute,IN,Vigo
47809,"39.470986",-87.41107,Terre Haute,IN,Vigo
47811,"39.433602",-87.410094,Terre Haute,IN,Vigo
47812,"39.433602",-87.410094,Terre Haute,IN,Vigo
47813,"39.433602",-87.410094,Terre Haute,IN,Vigo
47814,"39.433602",-87.410094,Terre Haute,IN,Vigo
47830,"39.779078",-87.221819,Bellmore,IN,Parke
47831,"39.877847",-87.443566,Blanford,IN,Vermillion
47832,"39.779078",-87.221819,Bloomingdale,IN,Parke
47833,"39.415414",-87.065524,Bowling Green,IN,Clay
47834,"39.387611",-87.126509,Brazil,IN,Clay
47836,"39.779078",-87.221819,Bridgeton,IN,Parke
47837,"39.591282",-87.113196,Carbon,IN,Clay
47838,"38.966806",-87.384354,Carlisle,IN,Sullivan
47840,"39.408241",-87.053309,Centerpoint,IN,Clay
47841,"39.301664",-87.136902,Clay City,IN,Clay
47842,"39.746685",-87.458654,Clinton,IN,Vermillion
47845,"39.387544",-87.090363,Coalmont,IN,Clay
47846,"39.368643",-87.175317,Cory,IN,Clay
47847,"39.838952",-87.471163,Dana,IN,Vermillion
47848,"39.039488",-87.30662,Dugger,IN,Sullivan
47849,"39.190101",-87.547036,Fairbanks,IN,Sullivan
47850,"39.222063",-87.425279,Farmersburg,IN,Sullivan
47851,"39.573663",-87.24536,Fontanet,IN,Vigo
47852,"39.080474",-87.449558,Graysville,IN,Sullivan
47853,"39.537199",-87.072888,Harmony,IN,Clay
47854,"39.808476",-87.424521,Hillsdale,IN,Vermillion
47855,"39.183335",-87.299448,Hymera,IN,Sullivan
47856,"39.779078",-87.221819,Judson,IN,Parke
47857,"39.526913",-87.086882,Knightsville,IN,Clay
47858,"39.302796",-87.277737,Lewis,IN,Vigo
47859,"39.779078",-87.221819,Marshall,IN,Parke
47860,"39.779078",-87.221819,Mecca,IN,Parke
47861,"39.057641",-87.566595,Merom,IN,Sullivan
47862,"39.791725",-87.369135,Montezuma,IN,Parke
47863,"39.580285",-87.46157,New Goshen,IN,Vigo
47864,"39.041245",-87.475747,New Lebanon,IN,Sullivan
47865,"39.01849",-87.389047,Paxton,IN,Sullivan
47866,"39.292886",-87.33555,Pimento,IN,Vigo
47868,"39.444565",-86.960667,Poland,IN,Clay
47869,"39.433602",-87.410094,Prairie Creek,IN,Vigo
47870,"39.371187",-87.475871,Prairieton,IN,Vigo
47871,"39.388638",-87.301367,Riley,IN,Vigo
47872,"39.712361",-87.222646,Rockville,IN,Parke
47874,"39.622405",-87.320767,Rosedale,IN,Parke
47875,"39.877847",-87.443566,Saint Bernice,IN,Vermillion
47876,"39.433602",-87.410094,Saint Mary Of The Woods,IN,Vigo
47878,"39.492838",-87.266549,Seelyville,IN,Vigo
47879,"39.10494",-87.382988,Shelburn,IN,Sullivan
47880,"39.600636",-87.419569,Shepardsville,IN,Vigo
47881,"39.491743",-87.186673,Staunton,IN,Clay
47882,"39.084199",-87.419003,Sullivan,IN,Sullivan
47884,"39.622129",-87.454769,Universal,IN,Vermillion
47885,"39.498419",-87.468825,West Terre Haute,IN,Vigo
47901,"40.39905",-86.830286,Lafayette,IN,Tippecanoe
47902,"40.388656",-86.894908,Lafayette,IN,Tippecanoe
47903,"40.304402",-86.824468,Lafayette,IN,Tippecanoe
47904,"40.482287",-86.917273,Lafayette,IN,Tippecanoe
47905,"40.392686",-86.884071,Lafayette,IN,Tippecanoe
47906,"40.467303",-86.928132,West Lafayette,IN,Tippecanoe
47907,"40.424923",-86.916215,West Lafayette,IN,Tippecanoe
47909,"40.322769",-86.888066,Lafayette,IN,Tippecanoe
47916,"39.962271",-87.050635,Alamo,IN,Montgomery
47917,"40.527877",-87.499343,Ambia,IN,Benton
47918,"40.240204",-87.213921,Attica,IN,Fountain
47920,"40.533131",-86.822842,Battle Ground,IN,Tippecanoe
47921,"40.577648",-87.311618,Boswell,IN,Benton
47922,"40.883043",-87.394076,Brook,IN,Newton
47923,"40.661019",-86.845433,Brookston,IN,White
47924,"40.487603",-86.763111,Buck Creek,IN,Tippecanoe
47925,"40.750414",-86.789632,Buffalo,IN,White
47926,"40.813168",-86.619353,Burnettsville,IN,White
47928,"39.927176",-87.471616,Cayuga,IN,Vermillion
47929,"40.754782",-86.934599,Chalmers,IN,White
47930,"40.250791",-86.75244,Clarks Hill,IN,Tippecanoe
47932,"40.096833",-87.352877,Covington,IN,Fountain
47933,"40.042425",-86.893538,Crawfordsville,IN,Montgomery
47934,"40.040014",-86.893614,Crawfordsville,IN,Montgomery
47935,"40.040014",-86.893614,Crawfordsville,IN,Montgomery
47936,"40.040014",-86.893614,Crawfordsville,IN,Montgomery
47937,"40.040014",-86.893614,Crawfordsville,IN,Montgomery
47938,"40.040014",-86.893614,Crawfordsville,IN,Montgomery
47939,"40.040014",-86.893614,Crawfordsville,IN,Montgomery
47940,"40.107625",-86.777653,Darlington,IN,Montgomery
47941,"40.362781",-86.763031,Dayton,IN,Tippecanoe
47942,"40.679382",-87.415972,Earl Park,IN,Benton
47943,"41.076883",-87.208786,Fair Oaks,IN,Jasper
47944,"40.606541",-87.311247,Fowler,IN,Benton
47946,"40.984442",-86.83465,Francesville,IN,Pulaski
47948,"40.794039",-87.324812,Goodland,IN,Newton
47949,"40.045073",-87.175046,Hillsboro,IN,Fountain
47950,"40.809887",-86.739391,Idaville,IN,White
47951,"40.794191",-87.439821,Kentland,IN,Newton
47952,"40.017364",-87.256877,Kingman,IN,Fountain
47954,"40.050732",-86.855491,Ladoga,IN,Montgomery
47955,"40.191498",-86.901826,Linden,IN,Montgomery
47957,"41.072624",-86.849745,Medaryville,IN,Pulaski
47958,"40.164139",-87.14754,Mellott,IN,Fountain
47959,"40.795391",-86.93711,Monon,IN,White
47960,"40.779211",-86.749521,Monticello,IN,White
47962,"40.473159",-87.027571,Montmorenci,IN,Tippecanoe
47963,"40.95469",-87.411025,Morocco,IN,Newton
47964,"40.977567",-87.396982,Mount Ayr,IN,Newton
47965,"39.952351",-86.920609,New Market,IN,Montgomery
47966,"39.87356",-87.406937,Newport,IN,Vermillion
47967,"40.193583",-86.976237,New Richmond,IN,Montgomery
47968,"40.026229",-86.827059,New Ross,IN,Montgomery
47969,"40.203459",-87.147014,Newtown,IN,Fountain
47970,"40.598666",-87.13607,Otterbein,IN,Benton
47971,"40.533538",-87.259375,Oxford,IN,Benton
47974,"40.023673",-87.475513,Perrysville,IN,Vermillion
47975,"40.439726",-87.255833,Pine Village,IN,Warren
47977,"40.903837",-87.140991,Remington,IN,Jasper
47978,"40.994793",-87.10368,Rensselaer,IN,Jasper
47980,"40.782613",-86.919278,Reynolds,IN,White
47981,"40.258026",-86.920786,Romney,IN,Tippecanoe
47982,"40.19674",-87.526532,State Line,IN,Warren
47983,"40.284511",-86.772436,Stockwell,IN,Tippecanoe
47984,"40.606301",-87.310042,Talbot,IN,Benton
47986,"40.505497",-87.20696,Templeton,IN,Benton
47987,"40.110318",-87.228444,Veedersburg,IN,Fountain
47988,"39.986538",-87.147674,Wallace,IN,Fountain
47989,"39.913473",-86.980365,Waveland,IN,Montgomery
47990,"40.055655",-87.035366,Waynetown,IN,Montgomery
47991,"40.265862",-87.438432,West Lebanon,IN,Warren
47992,"40.318084",-87.046004,Westpoint,IN,Tippecanoe
47993,"40.314172",-87.403882,Williamsport,IN,Warren
47994,"40.118361",-86.964894,Wingate,IN,Montgomery
47995,"40.726466",-86.989485,Wolcott,IN,White
47996,"40.388656",-86.894908,West Lafayette,IN,Tippecanoe
47997,"40.670628",-86.722352,Yeoman,IN,Carroll
46001,"40.213154",-85.680698,Alexandria,IN,Madison
46011,"40.141033",-85.766164,Anderson,IN,Madison
46012,"40.165726",-85.633225,Anderson,IN,Madison
46013,"40.05668",-85.674976,Anderson,IN,Madison
46014,"40.161733",-85.719659,Anderson,IN,Madison
46015,"40.093792",-85.657825,Anderson,IN,Madison
46016,"40.144894",-85.742377,Anderson,IN,Madison
46017,"40.100275",-85.710226,Anderson,IN,Madison
46018,"40.161733",-85.719659,Anderson,IN,Madison
46030,"40.167756",-86.045789,Arcadia,IN,Hamilton
46031,"40.174289",-86.018909,Atlanta,IN,Hamilton
46032,"40.071102",-86.117215,Carmel,IN,Hamilton
46033,"39.974404",-86.082936,Carmel,IN,Hamilton
46034,"40.154903",-86.038337,Cicero,IN,Hamilton
46035,"40.211041",-86.64787,Colfax,IN,Clinton
46036,"40.27843",-85.719657,Elwood,IN,Madison
46038,"39.967406",-85.964894,Fishers,IN,Hamilton
46039,"40.373825",-86.309246,Forest,IN,Clinton
46040,"39.894912",-85.792762,Fortville,IN,Hancock
46041,"40.304355",-86.468915,Frankfort,IN,Clinton
46044,"40.213173",-85.786049,Frankton,IN,Madison
46045,"40.289836",-86.149423,Goldsmith,IN,Tipton
46046,"40.304473",-86.469044,Hillisburg,IN,Clinton
46047,"40.284101",-85.945505,Hobbs,IN,Tipton
46048,"39.95729",-85.798078,Ingalls,IN,Madison
46049,"40.307545",-86.146767,Kempton,IN,Tipton
46050,"40.259929",-86.45201,Kirklin,IN,Clinton
46051,"40.05956",-85.834429,Lapel,IN,Madison
46052,"40.050302",-86.490381,Lebanon,IN,Boone
46055,"39.878113",-85.897957,Mc Cordsville,IN,Hancock
46056,"39.985793",-85.617925,Markleville,IN,Madison
46057,"40.306276",-86.490945,Michigantown,IN,Clinton
46058,"40.359433",-86.628659,Mulberry,IN,Clinton
46060,"40.073328",-85.999521,Noblesville,IN,Hamilton
46061,"40.072462",-86.052285,Noblesville,IN,Hamilton
46063,"40.271524",-85.72808,Orestes,IN,Madison
46064,"40.107304",-85.757678,Pendleton,IN,Madison
46065,"40.360973",-86.603449,Rossville,IN,Clinton
46067,"40.304473",-86.469044,Sedalia,IN,Clinton
46068,"40.354088",-86.118782,Sharpsville,IN,Tipton
46069,"40.129468",-86.185273,Sheridan,IN,Hamilton
46070,"40.314012",-85.666794,Summitville,IN,Madison
46071,"40.068631",-86.58186,Thorntown,IN,Boone
46072,"40.311418",-86.063107,Tipton,IN,Tipton
46074,"40.097028",-86.125716,Westfield,IN,Hamilton
46075,"40.022608",-86.346179,Whitestown,IN,Boone
46076,"40.348927",-85.937642,Windfall,IN,Tipton
46077,"39.997457",-86.298135,Zionsville,IN,Boone
46082,"40.072462",-86.052285,Carmel,IN,Hamilton
46102,"39.995599",-86.619774,Advance,IN,Boone
46103,"39.736926",-86.483474,Amo,IN,Hendricks
46104,"39.663342",-85.590869,Arlington,IN,Rush
46105,"39.752428",-86.812416,Bainbridge,IN,Putnam
46106,"39.489652",-86.102271,Bargersville,IN,Johnson
46107,"39.713893",-86.093293,Beech Grove,IN,Marion
46110,"39.566614",-85.91406,Boggstown,IN,Shelby
46111,"39.539599",-86.370057,Brooklyn,IN,Morgan
46112,"39.807038",-86.470429,Brownsburg,IN,Hendricks
46113,"39.6533",-86.30309,Camby,IN,Marion
46114,"39.762448",-86.510386,Cartersburg,IN,Hendricks
46115,"39.735455",-85.552199,Carthage,IN,Rush
46117,"39.838824",-85.625798,Charlottesville,IN,Hancock
46118,"39.711088",-86.495365,Clayton,IN,Hendricks
46120,"39.658826",-86.782523,Cloverdale,IN,Putnam
46121,"39.688598",-86.594745,Coatesville,IN,Hendricks
46122,"39.766794",-86.530319,Danville,IN,Hendricks
46123,"39.721434",-86.488881,Avon,IN,Hendricks
46124,"39.430795",-86.099838,Edinburgh,IN,Johnson
46125,"39.506641",-86.641773,Eminence,IN,Morgan
46126,"39.617344",-85.87593,Fairland,IN,Shelby
46127,"39.729032",-85.333088,Falmouth,IN,Rush
46128,"39.652271",-86.73796,Fillmore,IN,Putnam
46129,"39.821516",-85.765169,Finly,IN,Hancock
46130,"39.580663",-85.809775,Fountaintown,IN,Shelby
46131,"39.469172",-86.068718,Franklin,IN,Johnson
46133,"39.58598",-85.276882,Glenwood,IN,Fayette
46135,"39.699485",-86.857172,Greencastle,IN,Putnam
46140,"39.821787",-85.775403,Greenfield,IN,Hancock
46142,"39.491246",-86.100454,Greenwood,IN,Johnson
46143,"39.50708",-86.10149,Greenwood,IN,Johnson
46144,"39.66172",-85.647634,Gwynneville,IN,Shelby
46146,"39.619923",-85.46554,Homer,IN,Rush
46147,"39.988674",-86.563204,Jamestown,IN,Boone
46148,"39.836197",-85.474444,Knightstown,IN,Henry
46149,"39.871667",-86.560328,Lizton,IN,Hendricks
46150,"39.546509",-85.583666,Manilla,IN,Rush
46151,"39.477625",-86.466792,Martinsville,IN,Morgan
46154,"39.856763",-85.768357,Maxwell,IN,Hancock
46155,"39.743769",-85.431184,Mays,IN,Rush
46156,"39.488994",-85.486278,Milroy,IN,Rush
46157,"39.555178",-86.531957,Monrovia,IN,Morgan
46158,"39.50942",-86.437089,Mooresville,IN,Morgan
46160,"39.244566",-86.267561,Morgantown,IN,Brown
46161,"39.65521",-85.71264,Morristown,IN,Shelby
46162,"39.560511",-85.96563,Needham,IN,Johnson
46163,"39.739927",-85.885962,New Palestine,IN,Hancock
46164,"39.391505",-86.109534,Nineveh,IN,Johnson
46165,"39.839162",-86.640794,North Salem,IN,Hendricks
46166,"39.427654",-86.533865,Paragon,IN,Morgan
46167,"39.784191",-86.475318,Pittsboro,IN,Hendricks
46168,"39.729892",-86.423412,Plainfield,IN,Hendricks
46170,"39.668441",-86.828402,Putnamville,IN,Putnam
46171,"39.543141",-86.955955,Reelsville,IN,Putnam
46172,"39.821381",-86.814317,Roachdale,IN,Putnam
46173,"39.612836",-85.439133,Rushville,IN,Rush
46175,"39.822491",-86.973306,Russellville,IN,Putnam
46176,"39.511568",-85.791993,Shelbyville,IN,Shelby
46180,"39.632997",-86.607678,Stilesville,IN,Hendricks
46181,"39.416652",-86.103674,Trafalgar,IN,Johnson
46182,"39.515",-85.781538,Waldron,IN,Shelby
46183,"39.648251",-86.28509,West Newton,IN,Marion
46184,"39.50607",-86.08434,Whiteland,IN,Johnson
46186,"39.895139",-85.643767,Wilkinson,IN,Hancock
46201,"39.775092",-86.13216,Indianapolis,IN,Marion
46202,"39.762392",-86.143736,Indianapolis,IN,Marion
46203,"39.743493",-86.113535,Indianapolis,IN,Marion
46204,"39.772692",-86.158038,Indianapolis,IN,Marion
46205,"39.822641",-86.129886,Indianapolis,IN,Marion
46206,"39.761293",-86.161336,Indianapolis,IN,Marion
46207,"39.767293",-86.160616,Indianapolis,IN,Marion
46208,"39.832741",-86.190186,Indianapolis,IN,Marion
46209,"39.779492",-86.132837,Indianapolis,IN,Marion
46211,"39.779492",-86.132837,Indianapolis,IN,Marion
46214,"39.792379",-86.287465,Indianapolis,IN,Marion
46216,"39.864689",-86.013632,Indianapolis,IN,Marion
46217,"39.678245",-86.197637,Indianapolis,IN,Marion
46218,"39.806991",-86.100535,Indianapolis,IN,Marion
46219,"39.782841",-86.081084,Indianapolis,IN,Marion
46220,"39.86904",-86.10895,Indianapolis,IN,Marion
46221,"39.764258",-86.130655,Indianapolis,IN,Marion
46222,"39.783642",-86.207687,Indianapolis,IN,Marion
46223,"39.779492",-86.132837,Indianapolis,IN,Marion
46224,"39.794042",-86.27074,Indianapolis,IN,Marion
46225,"39.743793",-86.167886,Indianapolis,IN,Marion
46226,"39.832577",-86.083634,Indianapolis,IN,Marion
46227,"39.678945",-86.130154,Indianapolis,IN,Marion
46228,"39.846191",-86.195081,Indianapolis,IN,Marion
46229,"39.798941",-86.035533,Indianapolis,IN,Marion
46230,"39.779492",-86.132837,Indianapolis,IN,Marion
46231,"39.703844",-86.30294,Indianapolis,IN,Marion
46234,"39.808793",-86.316288,Indianapolis,IN,Marion
46235,"39.84709",-85.974081,Indianapolis,IN,Marion
46236,"39.868939",-85.976532,Indianapolis,IN,Marion
46237,"39.742726",-86.171117,Indianapolis,IN,Marion
46239,"39.726493",-86.000482,Indianapolis,IN,Marion
46240,"39.877991",-86.200688,Indianapolis,IN,Marion
46241,"39.709624",-86.261389,Indianapolis,IN,Marion
46242,"39.779492",-86.132837,Indianapolis,IN,Marion
46244,"39.779492",-86.132837,Indianapolis,IN,Marion
46247,"39.779492",-86.132837,Indianapolis,IN,Marion
46249,"39.858989",-86.006082,Indianapolis,IN,Marion
46250,"39.904838",-86.067263,Indianapolis,IN,Marion
46251,"39.779492",-86.132837,Indianapolis,IN,Marion
46253,"39.779492",-86.132837,Indianapolis,IN,Marion
46254,"39.81594",-86.22681,Indianapolis,IN,Marion
46255,"39.779492",-86.132837,Indianapolis,IN,Marion
46256,"39.897708",-86.009447,Indianapolis,IN,Marion
46259,"39.667045",-85.998092,Indianapolis,IN,Marion
46260,"39.89384",-86.137988,Indianapolis,IN,Marion
46266,"39.779492",-86.132837,Indianapolis,IN,Marion
46268,"39.868173",-86.21231,Indianapolis,IN,Marion
46274,"39.779492",-86.132837,Indianapolis,IN,Marion
46275,"39.779492",-86.132837,Indianapolis,IN,Marion
46277,"39.779492",-86.132837,Indianapolis,IN,Marion
46278,"39.872591",-86.276791,Indianapolis,IN,Marion
46280,"39.9416",-86.115707,Indianapolis,IN,Hamilton
46282,"39.779492",-86.132837,Indianapolis,IN,Marion
46283,"39.779492",-86.132837,Indianapolis,IN,Marion
46285,"39.779492",-86.132837,Indianapolis,IN,Marion
46290,"39.93731",-86.199445,Indianapolis,IN,Hamilton
46291,"39.779492",-86.132837,Indianapolis,IN,Marion
46295,"39.779492",-86.132837,Indianapolis,IN,Marion
46296,"",,Indianapolis,IN,Marion
46298,"39.779492",-86.132837,Indianapolis,IN,Marion
46301,"41.683796",-86.975178,Beverly Shores,IN,Porter
46302,"41.354186",-87.130431,Boone Grove,IN,Porter
46303,"41.311861",-87.41665,Cedar Lake,IN,Lake
46304,"41.498946",-87.087021,Chesterton,IN,Porter
46307,"41.444409",-87.360089,Crown Point,IN,Lake
46308,"41.461543",-87.372779,Crown Point,IN,Lake
46310,"41.107336",-87.208423,Demotte,IN,Jasper
46311,"41.451993",-87.499489,Dyer,IN,Lake
46312,"41.640835",-87.46149,East Chicago,IN,Lake
46319,"41.522129",-87.390338,Griffith,IN,Lake
46320,"41.444246",-87.487242,Hammond,IN,Lake
46321,"41.550535",-87.502585,Munster,IN,Lake
46322,"41.577699",-87.47744,Highland,IN,Lake
46323,"41.590519",-87.45644,Hammond,IN,Lake
46324,"41.585185",-87.496665,Hammond,IN,Lake
46325,"41.461543",-87.372779,Hammond,IN,Lake
46327,"41.615085",-87.49039,Hammond,IN,Lake
46340,"41.378592",-86.788687,Hanna,IN,La Porte
46341,"41.347188",-87.152358,Hebron,IN,Porter
46342,"41.520515",-87.347486,Hobart,IN,Lake
46345,"41.526023",-86.699703,Kingsbury,IN,La Porte
46346,"41.480172",-86.691914,Kingsford Heights,IN,La Porte
46347,"41.301319",-87.066825,Kouts,IN,Porter
46348,"41.394105",-86.806742,La Crosse,IN,La Porte
46349,"41.108242",-87.418963,Lake Village,IN,Newton
46350,"41.537585",-86.73764,La Porte,IN,La Porte
46352,"41.498992",-86.709883,La Porte,IN,La Porte
46355,"41.359415",-87.27081,Leroy,IN,Lake
46356,"41.280102",-87.411308,Lowell,IN,Lake
46360,"41.594185",-86.756985,Michigan City,IN,La Porte
46361,"41.70354",-86.915077,Michigan City,IN,La Porte
46365,"41.609081",-86.543956,Mill Creek,IN,La Porte
46366,"41.25163",-86.735127,North Judson,IN,Starke
46368,"41.473367",-87.12927,Portage,IN,Porter
46371,"41.686609",-86.599414,Rolling Prairie,IN,La Porte
46372,"41.143358",-87.322049,Roselawn,IN,Newton
46373,"41.453965",-87.453086,Saint John,IN,Lake
46374,"41.216655",-86.884,San Pierre,IN,Starke
46375,"41.487733",-87.441525,Schererville,IN,Lake
46376,"41.189953",-87.477881,Schneider,IN,Lake
46377,"41.191734",-87.339778,Shelby,IN,Lake
46379,"41.167119",-87.43355,Sumava Resorts,IN,Newton
46380,"41.194816",-86.968614,Tefft,IN,Jasper
46381,"41.17115",-87.331323,Thayer,IN,Newton
46382,"41.466863",-86.772226,Union Mills,IN,La Porte
46383,"41.454731",-87.065565,Valparaiso,IN,Porter
46384,"41.490545",-87.076094,Valparaiso,IN,Porter
46385,"41.470567",-87.078309,Valparaiso,IN,Porter
46390,"41.421123",-86.872078,Wanatah,IN,La Porte
46391,"41.549933",-86.742979,Westville,IN,La Porte
46392,"41.133299",-87.063818,Wheatfield,IN,Jasper
46393,"41.511578",-87.179177,Wheeler,IN,Porter
46394,"41.656785",-87.493392,Whiting,IN,Lake
46401,"41.590686",-87.319937,Gary,IN,Lake
46402,"41.599336",-87.336338,Gary,IN,Lake
46403,"41.605636",-87.268536,Gary,IN,Lake
46404,"41.584136",-87.377538,Gary,IN,Lake
46405,"41.555785",-87.354587,Lake Station,IN,Lake
46406,"41.596012",-87.388189,Gary,IN,Lake
46407,"41.578886",-87.319987,Gary,IN,Lake
46408,"41.544936",-87.375307,Gary,IN,Lake
46409,"41.545636",-87.304186,Gary,IN,Lake
46410,"41.497212",-87.338656,Merrillville,IN,Lake
46411,"41.461543",-87.372779,Merrillville,IN,Lake
46501,"41.242669",-86.248052,Argos,IN,Marshall
46502,"41.254035",-85.969708,Atwood,IN,Kosciusko
46504,"41.323904",-86.150818,Bourbon,IN,Marshall
46506,"41.40577",-86.242235,Bremen,IN,Marshall
46507,"41.712983",-85.824845,Bristol,IN,Elkhart
46508,"41.154726",-85.969282,Burket,IN,Kosciusko
46510,"41.136771",-85.871487,Claypool,IN,Kosciusko
46511,"41.314629",-86.386582,Culver,IN,Marshall
46513,"41.361903",-86.444254,Donaldson,IN,Marshall
46514,"41.71873",-85.937024,Elkhart,IN,Elkhart
46515,"41.641449",-85.938348,Elkhart,IN,Elkhart
46516,"41.620856",-85.897236,Elkhart,IN,Elkhart
46517,"41.617705",-85.965717,Elkhart,IN,Elkhart
46524,"41.296306",-85.99843,Etna Green,IN,Kosciusko
46526,"41.584839",-85.858059,Goshen,IN,Elkhart
46527,"41.597739",-85.858076,Goshen,IN,Elkhart
46528,"41.624763",-85.839139,Goshen,IN,Elkhart
46530,"41.734912",-86.139868,Granger,IN,St Joseph
46531,"41.34963",-86.524321,Grovertown,IN,Starke
46532,"41.393141",-86.594849,Hamlet,IN,Starke
46534,"41.280907",-86.608249,Knox,IN,Starke
46536,"41.526373",-86.270086,Lakeville,IN,St Joseph
46537,"41.455431",-86.309368,Lapaz,IN,Marshall
46538,"41.342883",-85.823785,Leesburg,IN,Kosciusko
46539,"41.177648",-86.008586,Mentone,IN,Kosciusko
46540,"41.646192",-85.831327,Middlebury,IN,Elkhart
46542,"41.28296",-85.871138,Milford,IN,Kosciusko
46543,"41.531255",-85.712083,Millersburg,IN,Elkhart
46544,"41.61536",-86.287884,Mishawaka,IN,St Joseph
46545,"41.696407",-86.304735,Mishawaka,IN,St Joseph
46546,"41.688432",-86.196485,Mishawaka,IN,St Joseph
46550,"41.574743",-85.972724,Nappanee,IN,Elkhart
46552,"41.701172",-86.455494,New Carlisle,IN,St Joseph
46553,"41.47867",-85.8192,New Paris,IN,Elkhart
46554,"41.561716",-86.414045,North Liberty,IN,St Joseph
46555,"41.332568",-85.710285,North Webster,IN,Kosciusko
46556,"41.596769",-86.292991,Notre Dame,IN,St Joseph
46561,"41.669504",-86.087002,Osceola,IN,St Joseph
46562,"41.265769",-85.854745,Pierceton,IN,Kosciusko
46563,"41.352997",-86.301486,Plymouth,IN,Marshall
46565,"41.67572",-85.567362,Shipshewana,IN,Lagrange
46566,"41.137923",-85.88883,Sidney,IN,Kosciusko
46567,"41.296386",-85.844729,Syracuse,IN,Kosciusko
46570,"41.215971",-86.12282,Tippecanoe,IN,Marshall
46571,"41.578904",-85.540055,Topeka,IN,Lagrange
46572,"41.325513",-86.260569,Tyner,IN,Marshall
46573,"41.58574",-85.882695,Wakarusa,IN,Elkhart
46574,"41.488957",-86.446734,Walkerton,IN,St Joseph
46580,"41.2228",-85.860179,Warsaw,IN,Kosciusko
46581,"41.239365",-85.864267,Warsaw,IN,Kosciusko
46582,"41.254225",-85.849508,Warsaw,IN,Kosciusko
46590,"41.232725",-85.826346,Winona Lake,IN,Kosciusko
46595,"41.518136",-86.165227,Wyatt,IN,St Joseph
46601,"41.673383",-86.251654,South Bend,IN,St Joseph
46604,"41.664198",-86.221805,South Bend,IN,St Joseph
46612,"41.628483",-86.234589,South Bend,IN,St Joseph
46613,"41.656573",-86.255696,South Bend,IN,St Joseph
46614,"41.616532",-86.278463,South Bend,IN,St Joseph
46615,"41.677046",-86.216105,South Bend,IN,St Joseph
46616,"41.695957",-86.264293,South Bend,IN,St Joseph
46617,"41.682897",-86.238906,South Bend,IN,St Joseph
46619,"41.672919",-86.296056,South Bend,IN,St Joseph
46620,"41.596769",-86.292991,South Bend,IN,St Joseph
46624,"41.733223",-86.283278,South Bend,IN,St Joseph
46626,"41.677397",-86.252506,South Bend,IN,St Joseph
46628,"41.716559",-86.335738,South Bend,IN,St Joseph
46629,"41.671919",-86.27911,South Bend,IN,St Joseph
46634,"41.596769",-86.292991,South Bend,IN,St Joseph
46635,"41.686358",-86.338666,South Bend,IN,St Joseph
46637,"41.699077",-86.315321,South Bend,IN,St Joseph
46660,"41.596769",-86.292991,South Bend,IN,St Joseph
46680,"41.596769",-86.292991,South Bend,IN,St Joseph
46699,"41.596769",-86.292991,South Bend,IN,St Joseph
46701,"41.376028",-85.413862,Albion,IN,Noble
46702,"40.820278",-85.597862,Andrews,IN,Huntington
46703,"41.672567",-85.000474,Angola,IN,Steuben
46704,"41.103797",-85.292474,Arcola,IN,Allen
46705,"41.501455",-85.071275,Ashley,IN,De Kalb
46706,"41.377758",-85.027689,Auburn,IN,De Kalb
46710,"41.368123",-85.391019,Avilla,IN,Noble
46711,"40.671628",-84.934331,Berne,IN,Adams
46713,"40.829196",-85.489198,Bippus,IN,Huntington
46714,"40.71327",-85.2023,Bluffton,IN,Wells
46720,"41.395275",-85.423462,Brimfield,IN,Noble
46721,"41.426441",-84.912517,Butler,IN,De Kalb
46723,"41.190811",-85.389672,Churubusco,IN,Whitley
46725,"41.14956",-85.50042,Columbia City,IN,Whitley
46730,"41.463082",-85.137324,Corunna,IN,De Kalb
46731,"40.794056",-85.104206,Craigville,IN,Wells
46732,"41.377903",-85.59875,Cromwell,IN,Noble
46733,"40.81911",-84.93785,Decatur,IN,Adams
46737,"41.711462",-84.945643,Fremont,IN,Steuben
46738,"41.323007",-85.140707,Garrett,IN,De Kalb
46740,"40.612058",-84.936072,Geneva,IN,Adams
46741,"41.195015",-84.963984,Grabill,IN,Allen
46742,"41.572304",-84.897465,Hamilton,IN,Steuben
46743,"41.227324",-84.987882,Harlan,IN,Allen
46745,"40.957347",-85.002148,Hoagland,IN,Allen
46746,"41.711914",-85.367474,Howe,IN,Lagrange
46747,"41.577125",-85.113166,Hudson,IN,Steuben
46748,"41.237988",-85.159437,Huntertown,IN,Allen
46750,"40.842697",-85.489225,Huntington,IN,Huntington
46755,"41.431488",-85.389073,Kendallville,IN,Noble
46759,"40.603317",-85.205635,Keystone,IN,Wells
46760,"41.369423",-85.543448,Kimmell,IN,Noble
46761,"41.655135",-85.387208,Lagrange,IN,Lagrange
46763,"41.292913",-85.27904,Laotto,IN,Noble
46764,"41.206938",-85.591994,Larwill,IN,Whitley
46765,"41.232203",-85.043118,Leo,IN,Allen
46766,"40.698551",-85.278222,Liberty Center,IN,Wells
46767,"41.405478",-85.42573,Ligonier,IN,Noble
46769,"40.74532",-84.937926,Linn Grove,IN,Adams
46770,"40.862309",-85.354611,Markle,IN,Huntington
46771,"41.665489",-85.267567,Mongo,IN,Lagrange
46772,"40.709518",-84.919164,Monroe,IN,Adams
46773,"41.059007",-84.90402,Monroeville,IN,Allen
46774,"41.102098",-84.962038,New Haven,IN,Allen
46776,"41.71364",-85.140168,Orland,IN,Steuben
46777,"40.855435",-85.203797,Ossian,IN,Wells
46778,"40.611419",-85.152604,Petroleum,IN,Wells
46779,"41.577443",-85.031873,Pleasant Lake,IN,Steuben
46780,"40.74532",-84.937926,Pleasant Mills,IN,Adams
46781,"40.639684",-85.259163,Poneto,IN,Wells
46782,"40.83204",-85.005402,Preble,IN,Adams
46783,"40.954446",-85.393868,Roanoke,IN,Huntington
46784,"41.401296",-85.401402,Rome City,IN,Noble
46785,"41.319754",-84.888552,Saint Joe,IN,De Kalb
46786,"41.536899",-85.319241,South Milford,IN,Lagrange
46787,"41.071204",-85.510981,South Whitley,IN,Whitley
46788,"41.302927",-84.902416,Spencerville,IN,De Kalb
46789,"41.583493",-85.199186,Stroh,IN,Lagrange
46791,"40.859358",-85.270039,Uniondale,IN,Wells
46792,"40.712066",-85.468798,Warren,IN,Huntington
46793,"41.461019",-85.019562,Waterloo,IN,De Kalb
46794,"41.476682",-85.386856,Wawaka,IN,Noble
46795,"41.583475",-85.337737,Wolcottville,IN,Lagrange
46796,"41.336115",-85.500246,Wolflake,IN,Noble
46797,"41.125044",-84.874249,Woodburn,IN,Allen
46798,"41.009498",-85.086518,Yoder,IN,Allen
46799,"40.918797",-85.282422,Zanesville,IN,Allen
46801,"41.093763",-85.070713,Fort Wayne,IN,Allen
46802,"41.065397",-85.15842,Fort Wayne,IN,Allen
46803,"41.065648",-85.084069,Fort Wayne,IN,Allen
46804,"41.057168",-85.239172,Fort Wayne,IN,Allen
46805,"41.099948",-85.078019,Fort Wayne,IN,Allen
46806,"41.049248",-85.082319,Fort Wayne,IN,Allen
46807,"41.042342",-85.14682,Fort Wayne,IN,Allen
46808,"41.093898",-85.184121,Fort Wayne,IN,Allen
46809,"41.037097",-85.205071,Fort Wayne,IN,Allen
46814,"41.045647",-85.305823,Fort Wayne,IN,Allen
46815,"41.141189",-85.072068,Fort Wayne,IN,Allen
46816,"40.988047",-85.033817,Fort Wayne,IN,Allen
46818,"41.112548",-85.203895,Fort Wayne,IN,Allen
46819,"40.978697",-85.126419,Fort Wayne,IN,Allen
46825,"41.138003",-85.104001,Fort Wayne,IN,Allen
46835,"41.156698",-85.057218,Fort Wayne,IN,Allen
46845,"41.095957",-85.084581,Fort Wayne,IN,Allen
46850,"41.093763",-85.070713,Fort Wayne,IN,Allen
46851,"41.093763",-85.070713,Fort Wayne,IN,Allen
46852,"41.093763",-85.070713,Fort Wayne,IN,Allen
46853,"41.093763",-85.070713,Fort Wayne,IN,Allen
46854,"41.093763",-85.070713,Fort Wayne,IN,Allen
46855,"41.093763",-85.070713,Fort Wayne,IN,Allen
46856,"41.093763",-85.070713,Fort Wayne,IN,Allen
46857,"41.093763",-85.070713,Fort Wayne,IN,Allen
46858,"41.093763",-85.070713,Fort Wayne,IN,Allen
46859,"41.093763",-85.070713,Fort Wayne,IN,Allen
46860,"41.093763",-85.070713,Fort Wayne,IN,Allen
46861,"41.093763",-85.070713,Fort Wayne,IN,Allen
46862,"41.093763",-85.070713,Fort Wayne,IN,Allen
46863,"41.093763",-85.070713,Fort Wayne,IN,Allen
46864,"41.093763",-85.070713,Fort Wayne,IN,Allen
46865,"41.126298",-85.090669,Fort Wayne,IN,Allen
46866,"41.093763",-85.070713,Fort Wayne,IN,Allen
46867,"41.093763",-85.070713,Fort Wayne,IN,Allen
46868,"41.093763",-85.070713,Fort Wayne,IN,Allen
46869,"41.093763",-85.070713,Fort Wayne,IN,Allen
46885,"41.093763",-85.070713,Fort Wayne,IN,Allen
46895,"41.093763",-85.070713,Fort Wayne,IN,Allen
46896,"41.093763",-85.070713,Fort Wayne,IN,Allen
46897,"41.093763",-85.070713,Fort Wayne,IN,Allen
46898,"41.093763",-85.070713,Fort Wayne,IN,Allen
46899,"41.093763",-85.070713,Fort Wayne,IN,Allen
46901,"40.506851",-86.171054,Kokomo,IN,Howard
46902,"40.444291",-86.17559,Kokomo,IN,Howard
46903,"40.469625",-86.11894,Kokomo,IN,Howard
46904,"40.469625",-86.11894,Kokomo,IN,Howard
46910,"41.047932",-86.069172,Akron,IN,Fulton
46911,"40.650476",-85.943552,Amboy,IN,Miami
46912,"41.040988",-86.206925,Athens,IN,Fulton
46913,"40.500141",-86.507065,Bringhurst,IN,Carroll
46914,"40.659068",-86.102125,Bunker Hill,IN,Miami
46915,"40.495181",-86.394248,Burlington,IN,Carroll
46916,"40.584272",-86.573952,Burrows,IN,Carroll
46917,"40.626954",-86.499148,Camden,IN,Carroll
46919,"40.578034",-85.878104,Converse,IN,Miami
46920,"40.485424",-86.488525,Cutler,IN,Carroll
46921,"40.960538",-86.12908,Deedsville,IN,Miami
46922,"41.040988",-86.206925,Delong,IN,Fulton
46923,"40.580452",-86.637891,Delphi,IN,Carroll
46926,"40.867036",-86.07524,Denver,IN,Miami
46928,"40.515421",-85.661196,Fairmount,IN,Grant
46929,"40.556269",-86.490521,Flora,IN,Carroll
46930,"40.40993",-85.571035,Fowlerton,IN,Grant
46931,"40.948405",-86.265814,Fulton,IN,Fulton
46932,"40.634254",-86.269625,Galveston,IN,Cass
46933,"40.54429",-85.585245,Gas City,IN,Grant
46935,"41.040988",-86.206925,Grass Creek,IN,Fulton
46936,"40.485442",-85.997326,Greentown,IN,Howard
46937,"40.418662",-86.018139,Hemlock,IN,Howard
46938,"40.44673",-85.650398,Jonesboro,IN,Grant
46939,"41.040533",-86.374647,Kewanna,IN,Fulton
46940,"40.696155",-85.740428,La Fontaine,IN,Wabash
46941,"40.826475",-85.700909,Lagro,IN,Wabash
46942,"40.736111",-86.37341,Lake Cicott,IN,Cass
46943,"40.974279",-85.837546,Laketon,IN,Wabash
46945,"41.040988",-86.206925,Leiters Ford,IN,Fulton
46946,"41.035629",-85.735756,Liberty Mills,IN,Wabash
46947,"40.77927",-86.375168,Logansport,IN,Cass
46950,"40.875277",-86.354066,Lucerne,IN,Cass
46951,"40.95841",-86.129366,Macy,IN,Miami
46952,"40.519756",-85.636731,Marion,IN,Grant
46953,"40.499959",-85.626401,Marion,IN,Grant
46957,"40.389831",-85.476619,Matthews,IN,Grant
46958,"40.822384",-86.116189,Mexico,IN,Miami
46959,"40.61466",-86.106432,Miami,IN,Miami
46960,"41.124552",-86.544617,Monterey,IN,Pulaski
46961,"40.762054",-86.193648,New Waverly,IN,Cass
46962,"40.859877",-85.794138,North Manchester,IN,Wabash
46965,"40.412741",-86.101484,Oakford,IN,Howard
46967,"40.694298",-86.204238,Onward,IN,Cass
46968,"41.175557",-86.554326,Ora,IN,Starke
46970,"40.73991",-86.07581,Peru,IN,Miami
46971,"40.780955",-86.016441,Grissom Arb,IN,Miami
46974,"40.951589",-85.854151,Roann,IN,Wabash
46975,"41.040988",-86.254272,Rochester,IN,Fulton
46977,"40.584272",-86.573952,Rockfield,IN,Carroll
46978,"40.851622",-86.492019,Royal Center,IN,Cass
46979,"40.42573",-86.269717,Russiaville,IN,Howard
46980,"40.848927",-85.792501,Servia,IN,Wabash
46982,"41.130963",-85.856589,Silver Lake,IN,Kosciusko
46984,"40.671369",-85.828846,Somerset,IN,Wabash
46985,"41.003004",-86.589005,Star City,IN,Pulaski
46986,"40.505141",-85.815617,Swayzee,IN,Grant
46987,"40.564673",-85.765569,Sweetser,IN,Grant
46988,"40.866096",-86.233899,Twelve Mile,IN,Cass
46989,"40.455985",-85.62512,Upland,IN,Grant
46990,"40.886571",-85.736386,Urbana,IN,Wabash
46991,"40.617379",-85.514796,Van Buren,IN,Grant
46992,"40.801867",-85.791823,Wabash,IN,Wabash
46994,"40.677128",-86.260927,Walton,IN,Cass
46995,"40.442117",-86.215482,West Middleton,IN,Howard
46996,"41.035862",-86.622156,Winamac,IN,Pulaski
46998,"40.866023",-86.225982,Young America,IN,Cass
47001,"39.091081",-84.988904,Aurora,IN,Dearborn
47003,"39.515851",-84.862979,West College Corner,IN,Union
47006,"39.19017",-85.229151,Batesville,IN,Ripley
47010,"39.490701",-84.853529,Bath,IN,Franklin
47011,"38.864386",-85.074867,Bennington,IN,Switzerland
47012,"39.416398",-85.00028,Brookville,IN,Franklin
47016,"39.367379",-84.910391,Cedar Grove,IN,Franklin
47017,"38.945037",-85.191159,Cross Plains,IN,Ripley
47018,"39.002217",-85.02623,Dillsboro,IN,Dearborn
47019,"38.868591",-84.925998,East Enterprise,IN,Switzerland
47020,"38.82353",-84.950119,Florence,IN,Switzerland
47021,"38.970266",-85.15039,Friendship,IN,Ripley
47022,"39.193261",-84.964354,Guilford,IN,Dearborn
47023,"39.082863",-85.374353,Holton,IN,Ripley
47024,"39.467957",-85.178057,Laurel,IN,Franklin
47025,"39.152741",-84.891015,Lawrenceburg,IN,Dearborn
47030,"39.433095",-85.111826,Metamora,IN,Franklin
47031,"39.115266",-85.22819,Milan,IN,Ripley
47032,"39.16259",-84.980417,Moores Hill,IN,Dearborn
47033,"39.281429",-85.1739,Morris,IN,Ripley
47034,"39.204833",-85.326962,Napoleon,IN,Ripley
47035,"39.309983",-84.900711,New Trenton,IN,Franklin
47036,"39.386175",-85.238529,Oldenburg,IN,Franklin
47037,"39.172808",-85.285367,Osgood,IN,Ripley
47038,"38.84188",-84.881782,Patriot,IN,Switzerland
47039,"39.111625",-85.255114,Pierceville,IN,Ripley
47040,"38.958134",-84.984085,Rising Sun,IN,Ohio
47041,"39.231396",-85.140001,Sunman,IN,Ripley
47042,"39.039682",-85.244161,Versailles,IN,Ripley
47043,"38.809388",-85.061136,Vevay,IN,Switzerland
47060,"39.25151",-84.91437,West Harrison,IN,Dearborn
47102,"38.748455",-85.750469,Austin,IN,Scott
47104,"38.539899",-85.421753,Bethlehem,IN,Clark
47106,"38.482335",-85.76776,Borden,IN,Clark
47107,"38.190314",-86.115257,Bradford,IN,Harrison
47108,"38.614255",-86.220645,Campbellsburg,IN,Washington
47110,"38.096971",-86.172327,Central,IN,Harrison
47111,"38.459992",-85.615235,Charlestown,IN,Clark
47112,"38.1863",-86.145211,Corydon,IN,Harrison
47114,"38.289882",-86.08239,Crandall,IN,Harrison
47115,"38.338462",-86.212957,Depauw,IN,Harrison
47116,"38.329303",-86.575635,Eckerty,IN,Crawford
47117,"38.094629",-85.988349,Elizabeth,IN,Harrison
47118,"38.288549",-86.501185,English,IN,Crawford
47119,"38.35257",-85.890727,Floyds Knobs,IN,Floyd
47120,"38.46772",-86.185333,Fredericksburg,IN,Washington
47122,"38.31098",-85.960009,Georgetown,IN,Floyd
47123,"38.281966",-86.484327,Grantsburg,IN,Crawford
47124,"38.373209",-85.986626,Greenville,IN,Floyd
47125,"38.500408",-86.244689,Hardinsburg,IN,Washington
47126,"38.5504",-85.774327,Henryville,IN,Clark
47129,"38.310958",-85.764463,Clarksville,IN,Clark
47130,"38.404909",-85.716548,Jeffersonville,IN,Clark
47131,"38.437021",-85.704973,Jeffersonville,IN,Clark
47132,"38.286819",-85.732062,Jeffersonville,IN,Clark
47133,"38.286819",-85.732062,Jeffersonville,IN,Clark
47134,"38.286819",-85.732062,Jeffersonville,IN,Clark
47135,"38.039957",-86.06555,Laconia,IN,Harrison
47136,"38.227684",-85.990389,Lanesville,IN,Harrison
47137,"38.195771",-86.368905,Leavenworth,IN,Crawford
47138,"38.671281",-85.6333,Lexington,IN,Scott
47139,"38.600666",-86.078828,Little York,IN,Washington
47140,"38.357884",-86.372687,Marengo,IN,Crawford
47141,"38.549871",-85.597466,Marysville,IN,Clark
47142,"38.073945",-86.204065,Mauckport,IN,Harrison
47143,"38.467595",-85.769631,Memphis,IN,Clark
47144,"38.286819",-85.732062,Jeffersonville,IN,Clark
47145,"38.337832",-86.314971,Milltown,IN,Crawford
47146,"38.298486",-85.896961,Mount Saint Francis,IN,Floyd
47147,"38.580326",-85.532171,Nabb,IN,Clark
47150,"38.293355",-85.837911,New Albany,IN,Floyd
47151,"38.298486",-85.896961,New Albany,IN,Floyd
47160,"38.148843",-86.049282,New Middletown,IN,Harrison
47161,"38.328025",-86.105996,New Salisbury,IN,Harrison
47162,"38.550289",-85.486131,New Washington,IN,Clark
47163,"38.535058",-85.669829,Otisco,IN,Clark
47164,"38.380353",-86.105954,Palmyra,IN,Harrison
47165,"38.512878",-86.010567,Pekin,IN,Washington
47166,"38.303364",-86.168979,Ramsey,IN,Harrison
47167,"38.608621",-86.079404,Salem,IN,Washington
47170,"38.695648",-85.772815,Scottsburg,IN,Scott
47172,"38.404577",-85.787963,Sellersburg,IN,Clark
47174,"38.22588",-86.490751,Sulphur,IN,Crawford
47175,"38.345487",-86.54608,Taswell,IN,Crawford
47177,"38.584823",-85.748631,Underwood,IN,Clark
47199,"38.286819",-85.732062,Jeffersonville,IN,Clark
47201,"39.191447",-85.891338,Columbus,IN,Bartholomew
47202,"39.192972",-85.885168,Columbus,IN,Bartholomew
47203,"39.241129",-85.827439,Columbus,IN,Bartholomew
47220,"38.866192",-86.046452,Brownstown,IN,Jackson
47223,"39.046146",-85.486831,Butlerville,IN,Jennings
47224,"38.873448",-85.291935,Canaan,IN,Jefferson
47225,"39.424072",-85.347677,Clarksburg,IN,Decatur
47226,"39.282609",-85.868533,Clifford,IN,Bartholomew
47227,"38.868992",-85.660004,Commiskey,IN,Jennings
47228,"38.974458",-85.962761,Cortland,IN,Jackson
47229,"38.815289",-85.985182,Crothersville,IN,Jackson
47230,"38.794988",-85.60731,Deputy,IN,Jefferson
47231,"38.876272",-85.500519,Dupont,IN,Jefferson
47232,"39.118884",-85.773533,Elizabethtown,IN,Bartholomew
47234,"39.393802",-85.77201,Flat Rock,IN,Shelby
47235,"38.962837",-86.155545,Freetown,IN,Jackson
47236,"39.152228",-85.726135,Grammer,IN,Bartholomew
47240,"39.299802",-85.491781,Greensburg,IN,Decatur
47243,"38.734755",-85.376804,Hanover,IN,Jefferson
47244,"39.218578",-85.717648,Hartsville,IN,Bartholomew
47245,"39.001301",-85.619906,Hayden,IN,Jennings
47246,"39.20336",-85.787611,Hope,IN,Bartholomew
47247,"39.059349",-85.888579,Jonesville,IN,Bartholomew
47249,"38.897974",-86.056681,Kurtz,IN,Jackson
47250,"38.804552",-85.420605,Madison,IN,Jefferson
47260,"38.84003",-86.194693,Medora,IN,Jackson
47261,"39.292004",-85.491788,Millhousen,IN,Decatur
47262,"39.001301",-85.619906,Nebraska,IN,Jennings
47263,"39.308252",-85.329695,New Point,IN,Decatur
47264,"38.947371",-86.23671,Norman,IN,Jackson
47265,"39.023539",-85.622328,North Vernon,IN,Jennings
47270,"38.86752",-85.716186,Paris Crossing,IN,Jennings
47272,"39.318",-85.463684,Saint Paul,IN,Decatur
47273,"39.064795",-85.733853,Scipio,IN,Jennings
47274,"38.944827",-86.010789,Seymour,IN,Jackson
47280,"39.295266",-85.949844,Taylorsville,IN,Bartholomew
47281,"38.814419",-86.092983,Vallonia,IN,Jackson
47282,"38.982509",-85.616595,Vernon,IN,Jennings
47283,"39.241181",-85.564278,Westport,IN,Decatur
47302,"40.142124",-85.389874,Muncie,IN,Delaware
47303,"40.280332",-85.383447,Muncie,IN,Delaware
47304,"40.238544",-85.484122,Muncie,IN,Delaware
47305,"40.247979",-85.433223,Muncie,IN,Delaware
47306,"40.202293",-85.408221,Muncie,IN,Delaware
47307,"40.162093",-85.442772,Muncie,IN,Delaware
47308,"40.227938",-85.396685,Muncie,IN,Delaware
47320,"40.277967",-85.274125,Albany,IN,Delaware
47322,"39.656994",-85.167996,Bentonville,IN,Fayette
47324,"39.757864",-84.848442,Boston,IN,Wayne
47325,"39.682946",-84.995266,Brownsville,IN,Union
47326,"40.54116",-84.982803,Bryant,IN,Jay
47327,"39.848569",-85.035364,Cambridge City,IN,Wayne
47330,"39.787438",-84.986277,Centerville,IN,Wayne
47331,"39.656933",-85.168099,Connersville,IN,Fayette
47334,"40.143843",-85.508457,Daleville,IN,Delaware
47335,"39.812688",-85.204359,Dublin,IN,Wayne
47336,"40.43525",-85.091124,Dunkirk,IN,Jay
47337,"39.803063",-85.43711,Dunreith,IN,Henry
47338,"40.252982",-85.338738,Eaton,IN,Delaware
47339,"39.961044",-85.102314,Economy,IN,Wayne
47340,"40.187565",-85.14558,Farmland,IN,Randolph
47341,"39.864218",-84.995365,Fountain City,IN,Wayne
47342,"40.309361",-85.432657,Gaston,IN,Delaware
47344,"39.878933",-85.464036,Greensboro,IN,Henry
47345,"39.893845",-85.013775,Greens Fork,IN,Wayne
47346,"39.895789",-85.05967,Hagerstown,IN,Wayne
47348,"40.472672",-85.326447,Hartford City,IN,Blackford
47351,"39.904018",-85.520548,Kennard,IN,Henry
47352,"39.830372",-85.372732,Lewisville,IN,Henry
47353,"39.625149",-84.925002,Liberty,IN,Union
47354,"40.048148",-85.17051,Losantville,IN,Randolph
47355,"40.055775",-84.941102,Lynn,IN,Randolph
47356,"39.941555",-85.462793,Middletown,IN,Henry
47357,"39.764911",-85.109015,Milton,IN,Wayne
47358,"40.055419",-85.108514,Modoc,IN,Randolph
47359,"40.515895",-85.295619,Montpelier,IN,Blackford
47360,"40.01641",-85.293037,Mooreland,IN,Henry
47361,"40.001295",-85.319923,Mount Summit,IN,Henry
47362,"39.92487",-85.366926,New Castle,IN,Henry
47366,"39.931785",-85.398625,New Lisbon,IN,Henry
47367,"40.079197",-85.389978,Oakville,IN,Delaware
47368,"40.174184",-85.173858,Parker City,IN,Randolph
47369,"40.457413",-85.133813,Pennville,IN,Jay
47370,"39.861314",-85.147437,Pershing,IN,Wayne
47371,"40.431634",-84.983015,Portland,IN,Jay
47373,"40.359568",-85.151994,Redkey,IN,Jay
47374,"39.84081",-85.010442,Richmond,IN,Wayne
47375,"39.860417",-85.015983,Richmond,IN,Wayne
47380,"40.167082",-85.048286,Ridgeville,IN,Randolph
47381,"40.378574",-84.882263,Salamonia,IN,Jay
47382,"40.234703",-84.91848,Saratoga,IN,Randolph
47383,"40.15178",-85.265562,Selma,IN,Delaware
47384,"39.946332",-85.485528,Shirley,IN,Henry
47385,"39.91725",-85.450834,Spiceland,IN,Henry
47386,"40.011128",-85.383768,Springport,IN,Henry
47387,"39.83059",-85.284275,Straughn,IN,Henry
47388,"40.005999",-85.44341,Sulphur Springs,IN,Henry
47390,"40.166457",-85.006297,Union City,IN,Randolph
47392,"39.911895",-84.935057,Webster,IN,Wayne
47393,"39.930541",-85.028032,Williamsburg,IN,Wayne
47394,"40.159854",-84.984682,Winchester,IN,Randolph
47396,"40.19855",-85.509272,Yorktown,IN,Delaware
47401,"39.07881",-86.435094,Bloomington,IN,Monroe
47402,"39.173234",-86.501543,Bloomington,IN,Monroe
47403,"39.07884",-86.592389,Bloomington,IN,Monroe
47404,"39.25007",-86.580849,Bloomington,IN,Monroe
47405,"39.173447",-86.515145,Bloomington,IN,Monroe
47406,"39.174541",-86.518296,Bloomington,IN,Monroe
47407,"39.173234",-86.501543,Bloomington,IN,Monroe
47408,"39.230326",-86.469187,Bloomington,IN,Monroe
47420,"38.839482",-86.47943,Avoca,IN,Lawrence
47421,"38.890524",-86.525843,Bedford,IN,Lawrence
47424,"39.031541",-86.838359,Bloomfield,IN,Greene
47426,"39.173234",-86.501543,Clear Creek,IN,Monroe
47427,"39.319527",-86.842743,Coal City,IN,Owen
47429,"39.276356",-86.62658,Ellettsville,IN,Monroe
47430,"38.839482",-86.47943,Fort Ritner,IN,Lawrence
47431,"39.319527",-86.842743,Freedom,IN,Owen
47432,"38.486914",-86.587861,French Lick,IN,Orange
47433,"39.346964",-86.701332,Gosport,IN,Owen
47434,"39.012984",-86.545732,Harrodsburg,IN,Monroe
47435,"39.196272",-86.230212,Helmsburg,IN,Brown
47436,"38.839482",-86.47943,Heltonville,IN,Lawrence
47437,"38.722153",-86.670987,Huron,IN,Lawrence
47438,"39.078835",-86.992896,Jasonville,IN,Greene
47439,"39.037144",-86.961577,Koleen,IN,Greene
47441,"39.04963",-87.126965,Linton,IN,Greene
47443,"38.988255",-87.102958,Lyons,IN,Greene
47445,"39.037144",-86.961577,Midland,IN,Greene
47446,"38.803928",-86.50326,Mitchell,IN,Lawrence
47448,"39.180583",-86.226228,Nashville,IN,Brown
47449,"39.037144",-86.961577,Newberry,IN,Greene
47451,"38.895608",-86.525522,Oolitic,IN,Lawrence
47452,"38.586595",-86.451946,Orleans,IN,Orange
47453,"39.037144",-86.961577,Owensburg,IN,Greene
47454,"38.513132",-86.459473,Paoli,IN,Orange
47455,"39.319527",-86.842743,Patricksburg,IN,Owen
47456,"39.442888",-86.669559,Quincy,IN,Owen
47457,"39.037144",-86.961577,Scotland,IN,Greene
47458,"39.173234",-86.501543,Smithville,IN,Monroe
47459,"39.104137",-86.73706,Solsberry,IN,Greene
47460,"39.313258",-86.756423,Spencer,IN,Owen
47462,"38.941408",-86.584408,Springville,IN,Lawrence
47463,"39.085896",-86.6689,Stanford,IN,Monroe
47464,"39.299823",-86.648201,Stinesville,IN,Monroe
47465,"39.037144",-86.961577,Switz City,IN,Greene
47467,"38.839482",-86.47943,Tunnelton,IN,Lawrence
47468,"39.274735",-86.42106,Unionville,IN,Monroe
47469,"38.620834",-86.589851,West Baden Springs,IN,Orange
47470,"38.839482",-86.47943,Williams,IN,Lawrence
47471,"39.124289",-86.970755,Worthington,IN,Greene
47490,"39.173234",-86.501543,Bloomington,IN,Monroe
47501,"38.689503",-87.121505,Washington,IN,Daviess
47512,"38.741286",-87.346192,Bicknell,IN,Knox
47513,"38.326772",-86.820726,Birdseye,IN,Dubois
47514,"38.053876",-86.621994,Branchville,IN,Perry
47515,"38.198133",-86.682068,Bristow,IN,Perry
47516,"38.761354",-87.417076,Bruceville,IN,Knox
47519,"38.697289",-87.091762,Cannelburg,IN,Daviess
47520,"37.949544",-86.715557,Cannelton,IN,Perry
47521,"38.406745",-86.742618,Celestine,IN,Dubois
47522,"38.894879",-86.900174,Crane,IN,Martin
47523,"38.149611",-86.946217,Dale,IN,Spencer
47524,"38.626138",-87.511863,Decker,IN,Knox
47525,"38.020017",-86.565129,Derby,IN,Perry
47527,"38.439461",-86.777335,Dubois,IN,Dubois
47528,"38.786795",-87.38271,Edwardsport,IN,Knox
47529,"38.877167",-87.085001,Elnora,IN,Daviess
47531,"38.045062",-86.864745,Evanston,IN,Spencer
47532,"38.251171",-86.867492,Ferdinand,IN,Dubois
47535,"38.862735",-87.312678,Freelandville,IN,Knox
47536,"37.993813",-87.016971,Fulda,IN,Spencer
47537,"38.080052",-87.049834,Gentryville,IN,Spencer
47541,"38.249617",-87.007734,Holland,IN,Dubois
47542,"38.298972",-86.952413,Huntingburg,IN,Dubois
47545,"38.413687",-87.000879,Ireland,IN,Dubois
47546,"38.360357",-86.929481,Jasper,IN,Dubois
47547,"38.364749",-86.876173,Jasper,IN,Dubois
47549,"38.364749",-86.876173,Jasper,IN,Dubois
47550,"38.042888",-86.94971,Lamar,IN,Spencer
47551,"38.127658",-86.570969,Leopold,IN,Perry
47552,"38.124192",-86.995988,Lincoln City,IN,Spencer
47553,"38.771691",-86.912985,Loogootee,IN,Martin
47556,"38.16644",-86.917205,Mariah Hill,IN,Spencer
47557,"38.590433",-87.368456,Monroe City,IN,Knox
47558,"38.697289",-87.091762,Montgomery,IN,Daviess
47561,"38.709818",-87.388134,Oaktown,IN,Knox
47562,"38.841866",-86.986145,Odon,IN,Daviess
47564,"38.477976",-87.128545,Otwell,IN,Pike
47567,"38.459787",-87.298174,Petersburg,IN,Pike
47568,"38.697289",-87.091762,Plainville,IN,Daviess
47573,"38.744136",-87.321357,Ragsdale,IN,Knox
47574,"37.937193",-86.534002,Rome,IN,Perry
47575,"38.321125",-86.823444,Saint Anthony,IN,Dubois
47576,"38.152479",-86.64902,Saint Croix,IN,Perry
47577,"38.141725",-86.821891,Saint Meinrad,IN,Spencer
47578,"38.881471",-87.19594,Sandborn,IN,Knox
47579,"38.117579",-86.928645,Santa Claus,IN,Spencer
47580,"38.352759",-86.912488,Schnellville,IN,Dubois
47581,"38.669976",-86.788412,Shoals,IN,Martin
47584,"38.26376",-87.230482,Spurgeon,IN,Pike
47585,"38.271004",-87.147783,Stendal,IN,Pike
47586,"37.999711",-86.731971,Tell City,IN,Perry
47588,"38.033118",-86.798123,Troy,IN,Spencer
47590,"38.367402",-87.109044,Velpen,IN,Pike
47591,"38.707231",-87.417306,Vincennes,IN,Knox
47596,"38.791556",-87.3318,Westphalia,IN,Knox
47597,"38.656969",-87.329395,Wheatland,IN,Knox
47598,"38.372926",-87.211093,Winslow,IN,Pike
47601,"38.04247",-87.287145,Boonville,IN,Warrick
47610,"38.054569",-87.267847,Chandler,IN,Warrick
47611,"38.031396",-86.970053,Chrisney,IN,Spencer
47612,"38.175698",-87.711423,Cynthiana,IN,Posey
47613,"38.128931",-87.416104,Elberfeld,IN,Warrick
47614,"38.130034",-87.163636,Folsomville,IN,Warrick
47615,"38.003542",-86.996351,Grandview,IN,Spencer
47616,"38.190994",-87.91701,Griffin,IN,Posey
47617,"37.903557",-87.249886,Hatfield,IN,Spencer
47618,"37.997128",-87.574963,Inglefield,IN,Vanderburgh
47619,"38.162899",-87.283955,Lynnville,IN,Warrick
47620,"37.961781",-87.868228,Mount Vernon,IN,Posey
47629,"38.06242",-87.245214,Newburgh,IN,Warrick
47630,"38.038331",-87.283581,Newburgh,IN,Warrick
47631,"38.101827",-87.898765,New Harmony,IN,Posey
47633,"38.148016",-87.786303,Poseyville,IN,Posey
47634,"37.975392",-87.136282,Richland,IN,Spencer
47635,"37.929173",-87.033681,Rockport,IN,Spencer
47637,"38.118439",-87.244937,Tennyson,IN,Warrick
47638,"38.069277",-87.783602,Wadesville,IN,Posey
47639,"38.202701",-87.577358,Haubstadt,IN,Gibson
47640,"38.384971",-87.473674,Hazleton,IN,Gibson
47647,"38.34949",-87.651777,Buckskin,IN,Gibson
47648,"38.30512",-87.518339,Fort Branch,IN,Gibson
47649,"38.331581",-87.447826,Francisco,IN,Gibson
47654,"38.34949",-87.651777,Mackey,IN,Gibson
47660,"38.306265",-87.514796,Oakland City,IN,Gibson
47665,"38.272833",-87.681174,Owensville,IN,Gibson
47666,"38.401233",-87.583761,Patoka,IN,Gibson
47670,"38.303369",-87.534003,Princeton,IN,Gibson
47683,"38.281095",-87.37734,Somerville,IN,Gibson
47701,"37.997128",-87.574963,Evansville,IN,Vanderburgh
47702,"37.997128",-87.574963,Evansville,IN,Vanderburgh
47703,"37.997128",-87.574963,Evansville,IN,Vanderburgh
47704,"37.997128",-87.574963,Evansville,IN,Vanderburgh
47705,"37.997128",-87.574963,Evansville,IN,Vanderburgh
47706,"37.997128",-87.574963,Evansville,IN,Vanderburgh
47708,"37.976692",-87.564842,Evansville,IN,Vanderburgh
47710,"38.029714",-87.569024,Evansville,IN,Vanderburgh
47711,"38.061732",-87.554802,Evansville,IN,Vanderburgh
47712,"37.984112",-87.580057,Evansville,IN,Vanderburgh
47713,"37.95219",-87.547564,Evansville,IN,Vanderburgh
47714,"37.959092",-87.519682,Evansville,IN,Vanderburgh
47715,"37.984202",-87.489212,Evansville,IN,Vanderburgh
47716,"37.997128",-87.574963,Evansville,IN,Vanderburgh
47719,"37.997128",-87.574963,Evansville,IN,Vanderburgh
47720,"38.059937",-87.637962,Evansville,IN,Vanderburgh
47721,"37.978035",-87.600791,Evansville,IN,Vanderburgh
47722,"37.970192",-87.542014,Evansville,IN,Vanderburgh
47724,"37.997128",-87.574963,Evansville,IN,Vanderburgh
47725,"38.045237",-87.547704,Evansville,IN,Vanderburgh
47727,"38.031942",-87.538915,Evansville,IN,Vanderburgh
47728,"37.997128",-87.574963,Evansville,IN,Vanderburgh
47730,"37.997128",-87.574963,Evansville,IN,Vanderburgh
47731,"37.997128",-87.574963,Evansville,IN,Vanderburgh
47732,"37.997128",-87.574963,Evansville,IN,Vanderburgh
47733,"37.997128",-87.574963,Evansville,IN,Vanderburgh
47734,"37.997128",-87.574963,Evansville,IN,Vanderburgh
47735,"37.997128",-87.574963,Evansville,IN,Vanderburgh
47736,"37.997128",-87.574963,Evansville,IN,Vanderburgh
47737,"37.997128",-87.574963,Evansville,IN,Vanderburgh
47739,"37.997128",-87.574963,Evansville,IN,Vanderburgh
47740,"37.997128",-87.574963,Evansville,IN,Vanderburgh
47741,"37.997128",-87.574963,Evansville,IN,Vanderburgh
47744,"37.977492",-87.597316,Evansville,IN,Vanderburgh
47747,"37.997128",-87.574963,Evansville,IN,Vanderburgh
47750,"37.962292",-87.505512,Evansville,IN,Vanderburgh
47801,"39.433602",-87.410094,Terre Haute,IN,Vigo
47802,"39.357875",-87.42014,Terre Haute,IN,Vigo
47803,"39.468961",-87.315069,Terre Haute,IN,Vigo
47804,"39.505836",-87.342968,Terre Haute,IN,Vigo
47805,"39.532737",-87.325458,Terre Haute,IN,Vigo
47807,"39.467536",-87.392019,Terre Haute,IN,Vigo
47808,"39.433602",-87.410094,Terre Haute,IN,Vigo
47809,"39.470986",-87.41107,Terre Haute,IN,Vigo
47811,"39.433602",-87.410094,Terre Haute,IN,Vigo
47812,"39.433602",-87.410094,Terre Haute,IN,Vigo
47813,"39.433602",-87.410094,Terre Haute,IN,Vigo
47814,"39.433602",-87.410094,Terre Haute,IN,Vigo
47830,"39.779078",-87.221819,Bellmore,IN,Parke
47831,"39.877847",-87.443566,Blanford,IN,Vermillion
47832,"39.779078",-87.221819,Bloomingdale,IN,Parke
47833,"39.415414",-87.065524,Bowling Green,IN,Clay
47834,"39.387611",-87.126509,Brazil,IN,Clay
47836,"39.779078",-87.221819,Bridgeton,IN,Parke
47837,"39.591282",-87.113196,Carbon,IN,Clay
47838,"38.966806",-87.384354,Carlisle,IN,Sullivan
47840,"39.408241",-87.053309,Centerpoint,IN,Clay
47841,"39.301664",-87.136902,Clay City,IN,Clay
47842,"39.746685",-87.458654,Clinton,IN,Vermillion
47845,"39.387544",-87.090363,Coalmont,IN,Clay
47846,"39.368643",-87.175317,Cory,IN,Clay
47847,"39.838952",-87.471163,Dana,IN,Vermillion
47848,"39.039488",-87.30662,Dugger,IN,Sullivan
47849,"39.190101",-87.547036,Fairbanks,IN,Sullivan
47850,"39.222063",-87.425279,Farmersburg,IN,Sullivan
47851,"39.573663",-87.24536,Fontanet,IN,Vigo
47852,"39.080474",-87.449558,Graysville,IN,Sullivan
47853,"39.537199",-87.072888,Harmony,IN,Clay
47854,"39.808476",-87.424521,Hillsdale,IN,Vermillion
47855,"39.183335",-87.299448,Hymera,IN,Sullivan
47856,"39.779078",-87.221819,Judson,IN,Parke
47857,"39.526913",-87.086882,Knightsville,IN,Clay
47858,"39.302796",-87.277737,Lewis,IN,Vigo
47859,"39.779078",-87.221819,Marshall,IN,Parke
47860,"39.779078",-87.221819,Mecca,IN,Parke
47861,"39.057641",-87.566595,Merom,IN,Sullivan
47862,"39.791725",-87.369135,Montezuma,IN,Parke
47863,"39.580285",-87.46157,New Goshen,IN,Vigo
47864,"39.041245",-87.475747,New Lebanon,IN,Sullivan
47865,"39.01849",-87.389047,Paxton,IN,Sullivan
47866,"39.292886",-87.33555,Pimento,IN,Vigo
47868,"39.444565",-86.960667,Poland,IN,Clay
47869,"39.433602",-87.410094,Prairie Creek,IN,Vigo
47870,"39.371187",-87.475871,Prairieton,IN,Vigo
47871,"39.388638",-87.301367,Riley,IN,Vigo
47872,"39.712361",-87.222646,Rockville,IN,Parke
47874,"39.622405",-87.320767,Rosedale,IN,Parke
47875,"39.877847",-87.443566,Saint Bernice,IN,Vermillion
47876,"39.433602",-87.410094,Saint Mary Of The Woods,IN,Vigo
47878,"39.492838",-87.266549,Seelyville,IN,Vigo
47879,"39.10494",-87.382988,Shelburn,IN,Sullivan
47880,"39.600636",-87.419569,Shepardsville,IN,Vigo
47881,"39.491743",-87.186673,Staunton,IN,Clay
47882,"39.084199",-87.419003,Sullivan,IN,Sullivan
47884,"39.622129",-87.454769,Universal,IN,Vermillion
47885,"39.498419",-87.468825,West Terre Haute,IN,Vigo
47901,"40.39905",-86.830286,Lafayette,IN,Tippecanoe
47902,"40.388656",-86.894908,Lafayette,IN,Tippecanoe
47903,"40.304402",-86.824468,Lafayette,IN,Tippecanoe
47904,"40.482287",-86.917273,Lafayette,IN,Tippecanoe
47905,"40.392686",-86.884071,Lafayette,IN,Tippecanoe
47906,"40.467303",-86.928132,West Lafayette,IN,Tippecanoe
47907,"40.424923",-86.916215,West Lafayette,IN,Tippecanoe
47909,"40.322769",-86.888066,Lafayette,IN,Tippecanoe
47916,"39.962271",-87.050635,Alamo,IN,Montgomery
47917,"40.527877",-87.499343,Ambia,IN,Benton
47918,"40.240204",-87.213921,Attica,IN,Fountain
47920,"40.533131",-86.822842,Battle Ground,IN,Tippecanoe
47921,"40.577648",-87.311618,Boswell,IN,Benton
47922,"40.883043",-87.394076,Brook,IN,Newton
47923,"40.661019",-86.845433,Brookston,IN,White
47924,"40.487603",-86.763111,Buck Creek,IN,Tippecanoe
47925,"40.750414",-86.789632,Buffalo,IN,White
47926,"40.813168",-86.619353,Burnettsville,IN,White
47928,"39.927176",-87.471616,Cayuga,IN,Vermillion
47929,"40.754782",-86.934599,Chalmers,IN,White
47930,"40.250791",-86.75244,Clarks Hill,IN,Tippecanoe
47932,"40.096833",-87.352877,Covington,IN,Fountain
47933,"40.042425",-86.893538,Crawfordsville,IN,Montgomery
47934,"40.040014",-86.893614,Crawfordsville,IN,Montgomery
47935,"40.040014",-86.893614,Crawfordsville,IN,Montgomery
47936,"40.040014",-86.893614,Crawfordsville,IN,Montgomery
47937,"40.040014",-86.893614,Crawfordsville,IN,Montgomery
47938,"40.040014",-86.893614,Crawfordsville,IN,Montgomery
47939,"40.040014",-86.893614,Crawfordsville,IN,Montgomery
47940,"40.107625",-86.777653,Darlington,IN,Montgomery
47941,"40.362781",-86.763031,Dayton,IN,Tippecanoe
47942,"40.679382",-87.415972,Earl Park,IN,Benton
47943,"41.076883",-87.208786,Fair Oaks,IN,Jasper
47944,"40.606541",-87.311247,Fowler,IN,Benton
47946,"40.984442",-86.83465,Francesville,IN,Pulaski
47948,"40.794039",-87.324812,Goodland,IN,Newton
47949,"40.045073",-87.175046,Hillsboro,IN,Fountain
47950,"40.809887",-86.739391,Idaville,IN,White
47951,"40.794191",-87.439821,Kentland,IN,Newton
47952,"40.017364",-87.256877,Kingman,IN,Fountain
47954,"40.050732",-86.855491,Ladoga,IN,Montgomery
47955,"40.191498",-86.901826,Linden,IN,Montgomery
47957,"41.072624",-86.849745,Medaryville,IN,Pulaski
47958,"40.164139",-87.14754,Mellott,IN,Fountain
47959,"40.795391",-86.93711,Monon,IN,White
47960,"40.779211",-86.749521,Monticello,IN,White
47962,"40.473159",-87.027571,Montmorenci,IN,Tippecanoe
47963,"40.95469",-87.411025,Morocco,IN,Newton
47964,"40.977567",-87.396982,Mount Ayr,IN,Newton
47965,"39.952351",-86.920609,New Market,IN,Montgomery
47966,"39.87356",-87.406937,Newport,IN,Vermillion
47967,"40.193583",-86.976237,New Richmond,IN,Montgomery
47968,"40.026229",-86.827059,New Ross,IN,Montgomery
47969,"40.203459",-87.147014,Newtown,IN,Fountain
47970,"40.598666",-87.13607,Otterbein,IN,Benton
47971,"40.533538",-87.259375,Oxford,IN,Benton
47974,"40.023673",-87.475513,Perrysville,IN,Vermillion
47975,"40.439726",-87.255833,Pine Village,IN,Warren
47977,"40.903837",-87.140991,Remington,IN,Jasper
47978,"40.994793",-87.10368,Rensselaer,IN,Jasper
47980,"40.782613",-86.919278,Reynolds,IN,White
47981,"40.258026",-86.920786,Romney,IN,Tippecanoe
47982,"40.19674",-87.526532,State Line,IN,Warren
47983,"40.284511",-86.772436,Stockwell,IN,Tippecanoe
47984,"40.606301",-87.310042,Talbot,IN,Benton
47986,"40.505497",-87.20696,Templeton,IN,Benton
47987,"40.110318",-87.228444,Veedersburg,IN,Fountain
47988,"39.986538",-87.147674,Wallace,IN,Fountain
47989,"39.913473",-86.980365,Waveland,IN,Montgomery
47990,"40.055655",-87.035366,Waynetown,IN,Montgomery
47991,"40.265862",-87.438432,West Lebanon,IN,Warren
47992,"40.318084",-87.046004,Westpoint,IN,Tippecanoe
47993,"40.314172",-87.403882,Williamsport,IN,Warren
47994,"40.118361",-86.964894,Wingate,IN,Montgomery
47995,"40.726466",-86.989485,Wolcott,IN,White
47996,"40.388656",-86.894908,West Lafayette,IN,Tippecanoe
47997,"40.670628",-86.722352,Yeoman,IN,Carroll
