1,"AARONSBURG",PA,40.8987,-77.4562
10,"ABBOTTSTOWN",PA,39.8969,-76.9947
33,"ABINGTON",PA,40.1238,-75.1148
52,"ACKERMANVILLE",PA,40.6934,-75.4712
57,"ACME",PA,40.1201,-79.4051
59,"ACOSTA",PA,40.113,-79.0702
72,"ADAH",PA,39.9121,-79.8964
93,"ADAMSBURG",PA,40.3038,-79.6531
95,"ADAMSTOWN",PA,40.2423,-76.0577
98,"ADAMSVILLE",PA,41.6294,-80.214
109,"ADDISON",PA,39.7524,-79.3308
138,"ADRIAN",PA,40.8557,-79.5451
190,"AIRVILLE",PA,39.8213,-76.4059
207,"AKRON",PA,40.1299,-76.3611
230,"ALBA",PA,41.772,-76.5213
273,"ALBION",PA,41.8909,-80.3663
278,"ALBRIGHTSVILLE",PA,41.0126,-75.5608
282,"ALBURTIS",PA,40.5145,-75.6029
297,"ALDENVILLE",PA,41.616,-75.2747
309,"ALEPPO",PA,39.8706,-80.2113
327,"ALEXANDRIA",PA,40.5485,-78.0951
353,"ALIQUIPPA",PA,40.6752,-80.3042
386,"ALLENPORT",PA,40.0959,-79.8499
389,"ALLENSVILLE",PA,40.5397,-77.7902
396,"ALLENTOWN",PA,40.6022,-75.4715
398,"ALLENWOOD",PA,40.9781,-77.0818
408,"ALLISON",PA,39.9868,-79.8637
410,"ALLISON PARK",PA,40.4344,-80.0248
415,"ALLPORT",PA,40.9891,-78.4224
515,"ALTOONA",PA,40.508,-78.4002
523,"ALUM BANK",PA,40.1986,-78.6228
534,"ALVERDA",PA,40.6333,-78.8723
535,"ALVERTON",PA,40.3602,-79.4398
560,"AMBERSON",PA,40.1717,-77.6614
563,"AMBLER",PA,40.1809,-75.2156
569,"AMBRIDGE",PA,40.6005,-80.2105
610,"AMITY",PA,40.0498,-80.1681
635,"ANALOMINK",PA,41.0712,-75.2364
675,"ANDREAS",PA,40.7449,-75.8316
706,"ANITA",PA,41.1711,-78.9131
732,"ANNVILLE",PA,40.3526,-76.4359
745,"ANTES FORT",PA,41.1865,-77.2184
775,"APOLLO",PA,40.4368,-79.6172
796,"AQUASHICOLA",PA,40.8133,-75.592
830,"ARCADIA",PA,40.7817,-78.8536
836,"ARCHBALD",PA,41.4876,-75.5334
850,"ARCOLA",PA,40.1529,-75.4567
853,"ARDARA",PA,40.3606,-79.7433
859,"ARDMORE",PA,39.9988,-75.3079
868,"ARENDTSVILLE",PA,39.9236,-77.3001
890,"ARISTES",PA,40.8167,-76.3503
932,"ARMAGH",PA,40.4603,-79.0097
933,"ARMBRUST",PA,40.3602,-79.4398
960,"ARNOT",PA,41.772,-77.2422
965,"ARONA",PA,40.3602,-79.4398
979,"ARTEMAS",PA,39.7552,-78.4064
1028,"ASHFIELD",PA,40.7841,-75.7083
1050,"ASHLAND",PA,40.6929,-76.3031
1073,"ASHVILLE",PA,40.5549,-78.5448
1079,"ASPERS",PA,39.9766,-77.2271
1086,"ASTON",PA,39.8668,-75.3985
1097,"ATGLEN",PA,39.9416,-75.958
1109,"ATHENS",PA,41.8618,-76.4884
1142,"ATLANTIC",PA,41.5248,-80.3206
1151,"ATLASBURG",PA,40.3414,-80.3822
1197,"AUBURN",PA,40.5978,-76.1493
1210,"AUDUBON",PA,40.2119,-75.3559
1228,"AULTMAN",PA,40.6193,-79.084
1256,"AUSTIN",PA,41.6151,-77.958
1278,"AVELLA",PA,40.2007,-80.2672
1293,"AVIS",PA,41.186,-77.3162
1321,"AVONDALE",PA,39.8668,-75.8397
1324,"AVONMORE",PA,40.497,-79.4891
1357,"BADEN",PA,40.6184,-80.2041
1387,"BAINBRIDGE",PA,40.0885,-76.4624
1391,"BAIRDFORD",PA,40.4931,-79.9031
1404,"BAKERS SUMMIT",PA,40.2623,-78.4214
1408,"BAKERSTOWN",PA,40.4344,-80.0248
1414,"BALA CYNWYD",PA,40.0138,-75.2282
1447,"BALLY",PA,40.4478,-75.7087
1475,"BANGOR",PA,40.7665,-75.3152
1545,"BARNESVILLE",PA,40.8087,-76.036
1586,"BART",PA,40.0185,-76.2976
1597,"BARTO",PA,40.3354,-75.7201
1604,"BARTONSVILLE",PA,41.0797,-75.3195
1659,"BATH",PA,40.7331,-75.3518
1679,"BAUSMAN",PA,40.024,-76.3281
1728,"BEACH HAVEN",PA,41.2722,-75.8801
1729,"BEACH LAKE",PA,41.5825,-75.1301
1739,"BEALLSVILLE",PA,40.0655,-80.0221
1747,"BEAR CREEK",PA,41.1922,-75.7161
1750,"BEAR LAKE",PA,41.9691,-79.477
1783,"BEAVER",PA,40.7291,-80.3852
1795,"BEAVER FALLS",PA,40.6657,-80.3521
1797,"BEAVER MEADOWS",PA,40.9322,-75.9192
1798,"BEAVER SPRINGS",PA,40.7483,-77.2094
1800,"BEAVERDALE",PA,40.3196,-78.694
1806,"BEAVERTOWN",PA,40.7547,-77.1695
1809,"BECCARIA",PA,40.9891,-78.4224
1810,"BECHTELSVILLE",PA,40.4585,-75.7419
1826,"BEDFORD",PA,39.9546,-78.5748
1834,"BEDMINSTER",PA,40.3286,-75.1028
1845,"BEECH CREEK",PA,41.1055,-77.5055
1930,"BELLE VERNON",PA,40.0703,-79.6034
1934,"BELLEFONTE",PA,40.8978,-77.7732
1945,"BELLEVILLE",PA,40.5914,-77.731
1979,"BELLWOOD",PA,40.5627,-78.3638
2002,"BELSANO",PA,40.4845,-78.7022
2039,"BENDERSVILLE",PA,39.9792,-77.2496
2047,"BENEZETT",PA,41.4159,-78.6651
2068,"BENSALEM",PA,40.1256,-74.9943
2081,"BENTLEYVILLE",PA,40.1535,-80.084
2091,"BENTON",PA,41.219,-76.3954
2139,"BERLIN",PA,39.9428,-78.9812
2155,"BERNVILLE",PA,40.455,-75.9065
2161,"BERRYSBURG",PA,40.601,-76.8117
2175,"BERWICK",PA,41.0561,-76.2998
2179,"BERWYN",PA,40.0301,-75.4564
2183,"BESSEMER",PA,40.9562,-80.4861
2206,"BETHEL",PA,40.4912,-76.2692
2209,"BETHEL PARK",PA,40.3715,-80.116
2221,"BETHLEHEM",PA,40.6262,-75.3606
2252,"BEYER",PA,40.64,-79.1294
2275,"BIG COVE TANNERY",PA,39.9438,-78.1223
2301,"BIG RUN",PA,40.9704,-78.8758
2326,"BIGLER",PA,40.99,-78.3606
2327,"BIGLERVILLE",PA,39.9333,-77.2875
2355,"BIRCHRUNVILLE",PA,39.9832,-75.7481
2359,"BIRD IN HAND",PA,40.0666,-76.1879
2364,"BIRDSBORO",PA,40.4048,-75.8866
2411,"BLACK LICK",PA,40.4836,-79.2063
2443,"BLAIN",PA,40.2974,-77.5644
2455,"BLAIRS MILLS",PA,40.1797,-77.8659
2462,"BLAIRSVILLE",PA,40.4864,-79.1958
2467,"BLAKESLEE",PA,41.0855,-75.4994
2476,"BLANCHARD",PA,40.9722,-77.7602
2484,"BLANDBURG",PA,40.6847,-78.4137
2488,"BLANDON",PA,40.3715,-75.8878
2530,"BLOOMING GLEN",PA,40.3286,-75.1028
2554,"BLOOMSBURG",PA,41.0056,-76.4306
2559,"BLOSSBURG",PA,41.8229,-77.2003
2570,"BLUE BALL",PA,40.1173,-76.0524
2571,"BLUE BELL",PA,40.145,-75.2645
2598,"BLUE RIDGE SUMMIT",PA,39.7399,-77.4707
2636,"BOALSBURG",PA,40.8852,-77.6449
2642,"BOBTOWN",PA,39.817,-79.9567
2650,"BODINES",PA,41.3327,-77.0236
2666,"BOILING SPRINGS",PA,40.1412,-77.2423
2686,"BOLIVAR",PA,40.3483,-79.1532
2792,"BOSWELL",PA,40.0064,-78.9893
2817,"BOVARD",PA,40.3602,-79.4398
2833,"BOWERS",PA,40.4821,-75.7435
2853,"BOWMANSDALE",PA,40.1671,-76.9784
2854,"BOWMANSTOWN",PA,40.8011,-75.6614
2856,"BOWMANSVILLE",PA,40.1966,-76.016
2876,"BOYERS",PA,41.1082,-79.8993
2877,"BOYERTOWN",PA,40.3641,-75.871
2887,"BOYNTON",PA,39.7673,-79.062
2896,"BRACKENRIDGE",PA,40.2721,-79.8996
2898,"BRACKNEY",PA,41.8203,-75.8046
2900,"BRADDOCK",PA,40.3663,-79.8584
2906,"BRADENVILLE",PA,40.3238,-79.3434
2915,"BRADFORD",PA,41.8623,-78.6373
2920,"BRADFORDWOODS",PA,40.4344,-80.0248
2959,"BRANCHDALE",PA,40.676,-76.316
2962,"BRANCHTON",PA,40.9211,-79.9276
2967,"BRANDAMORE",PA,40.055,-75.8378
2980,"BRANDY CAMP",PA,41.4159,-78.6651
3002,"BRAVE",PA,39.8706,-80.2113
3026,"BREEZEWOOD",PA,39.9834,-78.2512
3028,"BREINIGSVILLE",PA,40.5507,-75.5407
3084,"BRIDGEPORT",PA,40.1209,-75.3621
3096,"BRIDGEVILLE",PA,40.3546,-80.0913
3113,"BRIER HILL",PA,39.9808,-79.8504
3150,"BRISBIN",PA,40.9891,-78.4224
3159,"BRISTOL",PA,40.1159,-74.8536
3181,"BROAD TOP",PA,40.1999,-78.1408
3200,"BROCKPORT",PA,41.2539,-78.6997
3203,"BROCKTON",PA,40.7508,-76.0629
3205,"BROCKWAY",PA,41.2472,-78.7989
3211,"BRODHEADSVILLE",PA,41.0547,-75.3319
3214,"BROGUE",PA,39.8608,-76.4673
3252,"BROOKHAVEN",PA,39.9095,-75.3668
3272,"BROOKLYN",PA,41.8203,-75.8046
3297,"BROOKVILLE",PA,41.1627,-79.0816
3299,"BROOMALL",PA,39.973,-75.3656
3312,"BROWNFIELD",PA,39.9321,-79.6522
3329,"BROWNSTOWN",PA,40.1259,-76.213
3338,"BROWNSVILLE",PA,39.9216,-79.6905
3362,"BRUIN",PA,41.0555,-79.7313
3389,"BRUSH VALLEY",PA,40.5292,-79.0846
3414,"BRYN ATHYN",PA,40.135,-75.0623
3416,"BRYN MAWR",PA,39.9556,-75.3448
3428,"BUCK HILL FALLS",PA,41.0338,-75.308
3443,"BUCKINGHAM",PA,40.3099,-75.0742
3478,"BUENA VISTA",PA,40.4577,-80.2084
3505,"BUFFALO MILLS",PA,39.8643,-78.6742
3519,"BULGER",PA,40.4127,-80.317
3545,"BUNOLA",PA,40.4344,-80.0248
3564,"BURGETTSTOWN",PA,40.3821,-80.4044
3600,"BURLINGTON",PA,41.772,-76.5213
3617,"BURNHAM",PA,40.6297,-77.6072
3629,"BURNSIDE",PA,41.0544,-78.4109
3634,"BURNT CABINS",PA,39.9438,-78.1223
3663,"BUSHKILL",PA,41.185,-74.9789
3684,"BUTLER",PA,40.8617,-79.8952
3721,"BYRNEDALE",PA,41.291,-78.5043
3743,"CABOT",PA,40.7924,-79.76
3759,"CADOGAN",PA,40.7541,-79.5809
3766,"CAIRNBROOK",PA,40.1149,-78.7851
3818,"CALIFORNIA",PA,40.0689,-79.8732
3836,"CALLENSBURG",PA,41.1236,-79.5685
3837,"CALLERY",PA,40.9219,-79.9947
3848,"CALUMET",PA,40.3602,-79.4398
3860,"CALVIN",PA,40.4025,-77.967
3871,"CAMBRA",PA,41.1103,-75.7755
3890,"CAMBRIDGE SPRINGS",PA,41.8034,-80.0594
3939,"CAMP HILL",PA,40.2405,-76.9266
3967,"CAMPBELLTOWN",PA,40.2712,-76.582
3976,"CAMPTOWN",PA,41.772,-76.5213
3987,"CANADENSIS",PA,41.187,-75.2859
4034,"CANONSBURG",PA,40.1557,-80.1284
4054,"CANTON",PA,41.6395,-76.8414
4121,"CARBONDALE",PA,41.5831,-75.5056
4122,"CARDALE",PA,39.9321,-79.6522
4153,"CARLISLE",PA,40.1685,-77.2288
4167,"CARLTON",PA,41.4567,-80.043
4181,"CARMICHAELS",PA,39.9189,-79.9853
4185,"CARNEGIE",PA,40.4491,-80.1032
4230,"CARROLLTOWN",PA,40.583,-78.7285
4269,"CARVERSVILLE",PA,40.3765,-75.0413
4305,"CASHTOWN",PA,39.8906,-77.3566
4317,"CASSANDRA",PA,40.4128,-78.6337
4329,"CASSVILLE",PA,40.2851,-78.022
4338,"CASTANEA",PA,41.1227,-77.4317
4370,"CATASAUQUA",PA,40.6026,-75.4723
4379,"CATAWISSA",PA,41.0207,-76.4362
4428,"CECIL",PA,40.1593,-80.1042
4472,"CEDAR RUN",PA,41.3327,-77.0236
4483,"CEDARS",PA,40.2174,-75.365
4531,"CENTER VALLEY",PA,40.544,-75.4124
4538,"CENTERPORT",PA,40.4858,-76.006
4552,"CENTERVILLE",PA,41.6661,-80.0658
4569,"CENTRAL CITY",PA,40.0748,-78.8382
4580,"CENTRALIA",PA,40.8049,-76.3412
4585,"CENTRE HALL",PA,40.808,-77.7039
4608,"CHADDS FORD",PA,39.8656,-75.5577
4617,"CHALFONT",PA,40.2883,-75.2019
4619,"CHALK HILL",PA,39.8451,-79.5991
4633,"CHAMBERSBURG",PA,39.9081,-77.6664
4634,"CHAMBERSVILLE",PA,40.7056,-79.1615
4640,"CHAMPION",PA,40.1902,-79.302
4653,"CHANDLERS VALLEY",PA,41.9358,-79.3097
4687,"CHARLEROI",PA,40.1358,-79.9329
4750,"CHATHAM",PA,39.8524,-75.8118
4790,"CHELTENHAM",PA,40.0592,-75.1045
4817,"CHERRY TREE",PA,40.725,-78.8603
4827,"CHERRYVILLE",PA,40.751,-75.5394
4838,"CHEST SPRINGS",PA,40.5702,-78.5991
4855,"CHESTER",PA,39.8484,-75.3714
4865,"CHESTER HEIGHTS",PA,39.8839,-75.4669
4866,"CHESTER SPRINGS",PA,40.1039,-75.64
4883,"CHESTNUT RIDGE",PA,39.9923,-79.8171
4885,"CHESWICK",PA,40.4344,-80.0248
4897,"CHEYNEY",PA,39.9209,-75.5222
4911,"CHICORA",PA,40.9405,-79.7771
4944,"CHINCHILLA",PA,41.4865,-75.6933
4982,"CHRISTIANA",PA,39.904,-76.0401
5059,"CLAIRTON",PA,40.3243,-79.9317
5083,"CLARENCE",PA,40.9325,-77.7635
5088,"CLARENDON",PA,41.7985,-79.1937
5091,"CLARIDGE",PA,40.3692,-79.619
5094,"CLARINGTON",PA,41.4759,-79.2391
5096,"CLARION",PA,41.1433,-79.452
5102,"CLARK",PA,41.2866,-80.4237
5120,"CLARKS MILLS",PA,41.4058,-80.1841
5122,"CLARKS SUMMIT",PA,41.4637,-75.682
5130,"CLARKSBURG",PA,40.6328,-79.1326
5151,"CLARKSVILLE",PA,39.9667,-80.0452
5183,"CLAYSBURG",PA,40.3549,-78.4627
5184,"CLAYSVILLE",PA,40.1102,-80.2517
5222,"CLEARFIELD",PA,41.0376,-78.4355
5231,"CLEARVILLE",PA,39.8393,-78.4699
5283,"CLIFFORD",PA,41.6543,-75.6145
5300,"CLIFTON HEIGHTS",PA,39.9216,-75.295
5311,"CLIMAX",PA,40.8478,-79.4516
5339,"CLINTON",PA,40.49,-80.2903
5346,"CLINTONVILLE",PA,41.1993,-79.8745
5380,"CLUNE",PA,40.5503,-79.3237
5393,"CLYMER",PA,40.7489,-78.9977
5398,"COAL CENTER",PA,40.0822,-79.9303
5406,"COAL TOWNSHIP",PA,40.7917,-76.5519
5409,"COALDALE",PA,40.859,-76.013
5418,"COALPORT",PA,40.7496,-78.5361
5426,"COATESVILLE",PA,39.9689,-75.8292
5441,"COBURN",PA,40.8383,-77.4509
5449,"COCHRANTON",PA,41.5184,-80.0474
5450,"COCHRANVILLE",PA,39.9165,-75.9258
5455,"COCOLAMUS",PA,40.4787,-77.3455
5457,"CODORUS",PA,39.8718,-76.7599
5474,"COGAN STATION",PA,41.2553,-76.948
5488,"COKEBURG",PA,40.0502,-79.9832
5557,"COLLEGEVILLE",PA,40.2361,-75.4303
5586,"COLMAR",PA,40.2728,-75.2563
5633,"COLUMBIA",PA,40.1167,-76.369
5640,"COLUMBIA CROSS ROADS",PA,41.772,-76.5213
5662,"COLUMBUS",PA,41.944,-79.5683
5670,"COLVER",PA,40.5383,-78.7866
5696,"COMMODORE",PA,40.7065,-78.9244
5732,"CONCORD",PA,40.2252,-77.725
5738,"CONCORDVILLE",PA,39.8864,-75.5224
5747,"CONESTOGA",PA,40.0264,-76.262
5754,"CONFLUENCE",PA,39.8243,-79.3064
5764,"CONNEAUT LAKE",PA,41.6162,-80.3068
5765,"CONNEAUTVILLE",PA,41.7579,-80.3703
5767,"CONNELLSVILLE",PA,40.0074,-79.701
5773,"CONNOQUENESSING",PA,40.8264,-80.0138
5784,"CONSHOHOCKEN",PA,40.0772,-75.303
5804,"CONWAY",PA,40.6995,-80.2647
5809,"CONYNGHAM",PA,40.9907,-76.0564
5817,"COOKSBURG",PA,41.4759,-79.2391
5831,"COOLSPRING",PA,40.9671,-78.9256
5840,"COOPERSBURG",PA,40.5024,-75.4111
5843,"COOPERSTOWN",PA,41.4965,-79.8874
5864,"COPLAY",PA,40.6166,-75.4896
5877,"CORAL",PA,40.4986,-79.1739
5881,"CORAOPOLIS",PA,40.4693,-80.1402
5937,"CORNWALL",PA,40.2755,-76.4053
5956,"CORRY",PA,41.9249,-79.6965
5958,"CORSICA",PA,41.1411,-78.9629
6026,"COUDERSPORT",PA,41.7762,-77.9567
6031,"COULTERS",PA,40.4344,-80.0248
6045,"COUPON",PA,40.5218,-78.5263
6072,"COVINGTON",PA,41.7695,-77.0005
6077,"COWANESQUE",PA,41.772,-77.2422
6078,"COWANSVILLE",PA,40.8478,-79.4516
6106,"CRABTREE",PA,40.3578,-79.484
6121,"CRALEY",PA,39.9467,-76.5066
6123,"CRANBERRY",PA,41.3981,-79.7388
6126,"CRANBERRY TWP",PA,40.7097,-80.1046
6139,"CRANESVILLE",PA,41.9213,-80.3028
6166,"CREAMERY",PA,40.1851,-75.42
6169,"CREEKSIDE",PA,40.6613,-79.2171
6172,"CREIGHTON",PA,40.4344,-80.0248
6183,"CRESCENT",PA,40.4681,-80.1235
6191,"CRESCO",PA,41.1524,-75.2764
6194,"CRESSON",PA,40.4651,-78.5877
6196,"CRESSONA",PA,40.6755,-76.1653
6263,"CROSBY",PA,41.8011,-78.5797
6269,"CROSS FORK",PA,41.7376,-77.9024
6302,"CROWN",PA,41.2023,-79.4538
6311,"CROYDON",PA,40.0909,-74.8876
6315,"CRUCIBLE",PA,39.9502,-79.9676
6318,"CRUM LYNNE",PA,39.8982,-75.3196
6336,"CRYSTAL SPRING",PA,39.9438,-78.1223
6352,"CUDDY",PA,40.3547,-80.1669
6386,"CUMBOLA",PA,40.7114,-76.1392
6405,"CURLLSVILLE",PA,41.2023,-79.4538
6411,"CURRYVILLE",PA,40.4935,-78.3682
6420,"CURTISVILLE",PA,40.4344,-80.0248
6421,"CURWENSVILLE",PA,40.9492,-78.5823
6440,"CUSTER CITY",PA,41.8855,-78.7232
6454,"CYCLONE",PA,41.8186,-78.5957
6482,"DAGUS MINES",PA,41.3048,-78.6213
6495,"DAISYTOWN",PA,40.0651,-79.9733
6517,"DALLAS",PA,41.3361,-75.9641
6524,"DALLASTOWN",PA,39.9124,-76.6535
6526,"DALMATIA",PA,40.8944,-76.5962
6534,"DALTON",PA,41.5398,-75.7197
6546,"DAMASCUS",PA,41.7017,-75.1337
6557,"DANBORO",PA,40.3286,-75.1028
6578,"DANIELSVILLE",PA,40.7907,-75.483
6601,"DANVILLE",PA,40.9633,-76.6128
6608,"DARBY",PA,39.9176,-75.2696
6622,"DARLINGTON",PA,40.7862,-80.3915
6625,"DARRAGH",PA,40.3602,-79.4398
6637,"DAUPHIN",PA,40.3619,-76.8955
6656,"DAVIDSVILLE",PA,40.2352,-78.919
6687,"DAWSON",PA,39.983,-79.7255
6707,"DAYTON",PA,40.8812,-79.2401
6728,"DE LANCEY",PA,41.1411,-78.9629
6750,"DE YOUNG",PA,41.4159,-78.6651
6843,"DEFIANCE",PA,40.1601,-78.2346
6857,"DELANO",PA,40.8389,-76.0694
6871,"DELAWARE WATER GAP",PA,40.9886,-75.1512
6897,"DELMONT",PA,40.3613,-79.5714
6914,"DELTA",PA,39.7921,-76.5438
6930,"DENBO",PA,40.0081,-79.9392
6973,"DENVER",PA,40.1884,-76.3377
6997,"DERRICK CITY",PA,41.9828,-78.5463
7000,"DERRY",PA,40.3502,-79.4021
7027,"DEVAULT",PA,40.0796,-75.56
7035,"DEVON",PA,40.0426,-75.4275
7038,"DEWART",PA,41.1089,-76.8775
7085,"DICKERSON RUN",PA,40.0418,-79.66
7093,"DICKSON CITY",PA,41.4631,-75.6291
7109,"DILLINER",PA,39.7641,-79.9374
7118,"DILLSBURG",PA,40.0912,-76.9778
7119,"DILLTOWN",PA,40.4625,-79.0128
7124,"DIMOCK",PA,41.8203,-75.8046
7130,"DINGMANS FERRY",PA,41.2295,-74.9674
7136,"DISTANT",PA,40.8478,-79.4516
7161,"DIXONVILLE",PA,40.7188,-78.9795
7206,"DONEGAL",PA,40.1028,-79.377
7219,"DONORA",PA,40.1799,-79.8684
7235,"DORNSIFE",PA,40.8896,-76.6646
7272,"DOUGLASSVILLE",PA,40.3653,-75.8487
7293,"DOVER",PA,40.0045,-76.885
7312,"DOWNINGTOWN",PA,40.0313,-75.7226
7321,"DOYLESBURG",PA,40.2184,-77.6797
7323,"DOYLESTOWN",PA,40.3349,-75.1187
7340,"DRAVOSBURG",PA,40.3158,-79.8922
7351,"DRESHER",PA,40.1624,-75.4098
7359,"DREXEL HILL",PA,39.9376,-75.3077
7361,"DRIFTING",PA,40.9891,-78.4224
7362,"DRIFTON",PA,41.0016,-75.9057
7363,"DRIFTWOOD",PA,41.4176,-78.2049
7375,"DRUMORE",PA,39.8183,-76.2499
7377,"DRUMS",PA,41.034,-76.0031
7386,"DRY RUN",PA,40.1781,-77.7353
7398,"DU BOIS",PA,41.118,-78.7203
7412,"DUBLIN",PA,40.375,-75.2045
7432,"DUDLEY",PA,40.4025,-77.967
7443,"DUKE CENTER",PA,41.9609,-78.4861
7462,"DUNBAR",PA,39.9491,-79.7232
7473,"DUNCANNON",PA,40.4583,-77.0607
7475,"DUNCANSVILLE",PA,40.5103,-78.408
7505,"DUNLEVY",PA,40.0997,-79.8597
7506,"DUNLO",PA,40.2939,-78.7192
7534,"DUQUESNE",PA,40.3721,-79.8538
7555,"DURHAM",PA,40.3286,-75.1028
7558,"DURYEA",PA,41.2173,-75.9381
7559,"DUSHORE",PA,41.5243,-76.3976
7588,"DYSART",PA,40.6077,-78.5268
7618,"EAGLES MERE",PA,41.4329,-76.5169
7622,"EAGLEVILLE",PA,40.16,-75.409
7634,"EARLINGTON",PA,40.32,-75.3742
7640,"EARLVILLE",PA,40.319,-75.7334
7661,"EAST BERLIN",PA,39.8766,-77.0272
7670,"EAST BRADY",PA,40.984,-79.6152
7676,"EAST BUTLER",PA,40.7802,-79.7808
7696,"EAST EARL",PA,40.1428,-76.0197
7704,"EAST FREEDOM",PA,40.3493,-78.4425
7713,"EAST GREENVILLE",PA,40.3825,-75.5154
7727,"EAST HICKORY",PA,41.4759,-79.2391
7748,"EAST MC KEESPORT",PA,40.4344,-80.0248
7753,"EAST MILLSBORO",PA,39.9735,-79.7045
7773,"EAST PETERSBURG",PA,40.0975,-76.3568
7775,"EAST PITTSBURGH",PA,40.4344,-80.0248
7782,"EAST PROSPECT",PA,39.9701,-76.5217
7797,"EAST SMETHPORT",PA,41.8011,-78.5797
7798,"EAST SMITHFIELD",PA,41.772,-76.5213
7803,"EAST SPRINGFIELD",PA,41.9826,-80.4396
7805,"EAST STROUDSBURG",PA,41.0896,-75.1997
7811,"EAST TEXAS",PA,40.5388,-75.5685
7814,"EAST VANDERGRIFT",PA,40.598,-79.5624
7821,"EAST WATERFORD",PA,40.4787,-77.3455
7853,"EASTON",PA,40.6827,-75.2187
7879,"EAU CLAIRE",PA,41.1365,-79.8024
7883,"EBENSBURG",PA,40.4596,-78.7719
7884,"EBERVALE",PA,41.2722,-75.8801
7944,"EDGEMONT",PA,39.934,-75.406
7963,"EDINBORO",PA,41.8762,-80.1246
7966,"EDINBURG",PA,41.0317,-80.4573
7977,"EDMON",PA,40.8478,-79.4516
8015,"EFFORT",PA,41.0332,-75.449
8036,"EIGHTY FOUR",PA,40.1756,-80.0993
8088,"ELCO",PA,40.0804,-79.8758
8091,"ELDERSVILLE",PA,40.2149,-80.1791
8092,"ELDERTON",PA,40.6922,-79.3422
8104,"ELDRED",PA,41.9413,-78.3619
8128,"ELGIN",PA,42.1827,-80.0649
8142,"ELIZABETH",PA,40.272,-79.8966
8151,"ELIZABETHTOWN",PA,40.151,-76.6103
8152,"ELIZABETHVILLE",PA,40.5848,-76.7679
8195,"ELKINS PARK",PA,40.075,-75.1315
8197,"ELKLAND",PA,41.9791,-77.3702
8252,"ELLIOTTSBURG",PA,40.4424,-77.2709
8274,"ELLSWORTH",PA,40.1068,-80.0216
8277,"ELLWOOD CITY",PA,40.9175,-80.3635
8278,"ELM",PA,40.2044,-76.3464
8301,"ELMHURST",PA,41.3756,-75.548
8312,"ELMORA",PA,40.6076,-78.7524
8329,"ELRAMA",PA,40.2521,-79.9252
8343,"ELTON",PA,40.2799,-78.8032
8348,"ELVERSON",PA,40.1563,-75.7865
8363,"ELYSBURG",PA,40.8594,-76.5508
8372,"EMEIGH",PA,40.6936,-78.7751
8388,"EMIGSVILLE",PA,40.0215,-76.7266
8394,"EMLENTON",PA,41.2733,-79.8125
8399,"EMMAUS",PA,40.5344,-75.4934
8420,"EMPORIUM",PA,41.5103,-78.2316
8427,"ENDEAVOR",PA,41.4759,-79.2391
8466,"ENOLA",PA,40.2357,-76.9873
8468,"ENON VALLEY",PA,40.9052,-80.4682
8481,"ENTRIKEN",PA,40.4025,-77.967
8491,"EPHRATA",PA,40.1697,-76.3569
8501,"EQUINUNK",PA,41.7973,-75.2061
8513,"ERIE",PA,42.1236,-80.0813
8520,"ERNEST",PA,40.678,-79.1657
8529,"ERWINNA",PA,40.4885,-75.0958
8563,"ESSINGTON",PA,39.8676,-75.2859
8604,"ETTERS",PA,40.1507,-76.7984
8650,"EVANS CITY",PA,40.9048,-79.9365
8671,"EVERETT",PA,39.967,-78.4588
8683,"EVERSON",PA,40.0845,-79.5905
8701,"EXCELSIOR",PA,40.8896,-76.6646
8715,"EXPORT",PA,40.4297,-79.6348
8716,"EXTON",PA,40.0499,-75.637
8724,"FACTORYVILLE",PA,41.5624,-75.7826
8739,"FAIRBANK",PA,39.9501,-79.8585
8748,"FAIRCHANCE",PA,39.9544,-79.8081
8780,"FAIRFIELD",PA,39.7808,-77.3619
8790,"FAIRHOPE",PA,39.9452,-78.9546
8796,"FAIRLESS HILLS",PA,40.1771,-74.8291
8806,"FAIRMOUNT CITY",PA,41.2023,-79.4538
8825,"FAIRVIEW",PA,42.0115,-80.335
8832,"FAIRVIEW VILLAGE",PA,40.2119,-75.3559
8858,"FALLENTIMBER",PA,40.6712,-78.5088
8863,"FALLS",PA,41.4471,-75.8555
8868,"FALLS CREEK",PA,41.1498,-78.8207
8885,"FANNETTSBURG",PA,40.0732,-77.8322
8930,"FARMINGTON",PA,39.7974,-79.5968
8948,"FARRELL",PA,41.2106,-80.4878
8959,"FAWN GROVE",PA,39.7845,-76.5183
8970,"FAYETTE CITY",PA,40.0667,-79.8445
8976,"FAYETTEVILLE",PA,39.9,-77.5296
8983,"FEASTERVILLE TREVOSE",PA,40.1547,-74.9904
9004,"FELTON",PA,39.8447,-76.5766
9008,"FENELTON",PA,40.8649,-79.7351
9032,"FERNDALE",PA,40.3286,-75.1028
9091,"FINLEYVILLE",PA,40.199,-80.06
9107,"FISHER",PA,41.2023,-79.4538
9115,"FISHERTOWN",PA,40.1302,-78.5915
9161,"FLEETVILLE",PA,41.4019,-75.6376
9163,"FLEETWOOD",PA,40.3264,-75.8083
9168,"FLEMING",PA,40.9046,-77.8752
9178,"FLICKSVILLE",PA,40.6934,-75.4712
9183,"FLINTON",PA,40.6876,-78.5523
9230,"FLOURTOWN",PA,40.1068,-75.2151
9249,"FOGELSVILLE",PA,40.5998,-75.6632
9250,"FOLCROFT",PA,39.8952,-75.2788
9261,"FOLSOM",PA,39.891,-75.3273
9264,"FOMBELL",PA,40.8132,-80.1991
9279,"FORBES ROAD",PA,40.3575,-79.5225
9281,"FORCE",PA,41.2837,-78.5517
9286,"FORD CITY",PA,40.7996,-79.4202
9287,"FORD CLIFF",PA,40.7568,-79.5222
9306,"FOREST CITY",PA,41.6523,-75.5313
9310,"FOREST GROVE",PA,40.3286,-75.1028
9336,"FORESTVILLE",PA,41.1068,-80.007
9347,"FORKSVILLE",PA,41.4329,-76.5169
9402,"FORT HILL",PA,39.7961,-79.2472
9421,"FORT LITTLETON",PA,39.9438,-78.1223
9423,"FORT LOUDON",PA,40.0026,-77.8096
9481,"FORT WASHINGTON",PA,40.1385,-75.1875
9528,"FOUNTAINVILLE",PA,40.2723,-75.1174
9555,"FOXBURG",PA,41.2023,-79.4538
9559,"FRACKVILLE",PA,40.7838,-76.2304
9570,"FRANCONIA",PA,40.3081,-75.3586
9606,"FRANKLIN",PA,41.3353,-79.7832
9623,"FRANKLINTOWN",PA,40.075,-77.0279
9649,"FREDERICK",PA,40.3126,-75.5517
9654,"FREDERICKSBURG",PA,40.4562,-76.4346
9659,"FREDERICKTOWN",PA,40.0251,-80.0117
9666,"FREDONIA",PA,41.3341,-80.2625
9674,"FREEBURG",PA,40.765,-76.9395
9682,"FREEDOM",PA,40.7103,-80.2406
9689,"FREELAND",PA,41.0196,-75.8817
9706,"FREEPORT",PA,40.7437,-79.4611
9738,"FRENCHVILLE",PA,40.9891,-78.4224
9747,"FRIEDENS",PA,40.0854,-78.9635
9748,"FRIEDENSBURG",PA,40.5955,-76.2464
9761,"FRIENDSVILLE",PA,41.8203,-75.8046
9784,"FROSTBURG",PA,41.1411,-78.9629
9801,"FRYBURG",PA,41.2023,-79.4538
9837,"FURLONG",PA,40.2832,-75.0641
9855,"GAINES",PA,41.772,-77.2422
9886,"GALETON",PA,41.7334,-77.6442
9902,"GALLITZIN",PA,40.5076,-78.5762
9931,"GANS",PA,39.7713,-79.6358
9934,"GAP",PA,40.012,-76.0216
9938,"GARARDS FORT",PA,39.8706,-80.2113
9966,"GARDENVILLE",PA,40.3947,-75.0985
9977,"GARDNERS",PA,40.0178,-77.1937
9993,"GARLAND",PA,41.8188,-79.4463
10011,"GARRETT",PA,39.8659,-79.0747
10053,"GASTONVILLE",PA,40.2601,-79.9927
10087,"GEIGERTOWN",PA,40.1897,-75.8881
10093,"GENESEE",PA,41.9888,-77.8685
10145,"GEORGETOWN",PA,40.6395,-80.34
10159,"GERMANSVILLE",PA,40.7187,-75.7007
10176,"GETTYSBURG",PA,39.8309,-77.2333
10189,"GIBBON GLADE",PA,39.7578,-79.6284
10200,"GIBSON",PA,41.8203,-75.8046
10205,"GIBSONIA",PA,40.4344,-80.0248
10212,"GIFFORD",PA,41.8011,-78.5797
10223,"GILBERT",PA,40.9474,-75.366
10226,"GILBERTON",PA,40.7986,-76.2155
10231,"GILBERTSVILLE",PA,40.31,-75.5849
10248,"GILLETT",PA,41.9382,-76.8006
10277,"GIPSY",PA,40.796,-78.8586
10282,"GIRARD",PA,41.9507,-80.2959
10284,"GIRARDVILLE",PA,40.7954,-76.2706
10308,"GLADWYNE",PA,40.0449,-75.2807
10319,"GLASGOW",PA,40.7178,-78.4637
10324,"GLASSPORT",PA,40.4344,-80.0248
10341,"GLEN CAMPBELL",PA,40.8044,-78.889
10360,"GLEN HOPE",PA,40.9891,-78.4224
10363,"GLEN LYON",PA,41.2655,-76.0522
10364,"GLEN MILLS",PA,39.9026,-75.4832
10367,"GLEN RICHEY",PA,40.9891,-78.4224
10368,"GLEN RIDDLE LIMA",PA,39.934,-75.406
10371,"GLEN ROCK",PA,39.8922,-76.7506
10424,"GLENMOORE",PA,40.1009,-75.7531
10435,"GLENOLDEN",PA,39.9025,-75.2927
10441,"GLENSHAW",PA,40.3577,-79.98
10442,"GLENSIDE",PA,40.1011,-75.178
10450,"GLENVILLE",PA,39.7669,-76.8777
10582,"GOODVILLE",PA,40.0435,-76.2388
10600,"GORDON",PA,40.7489,-76.3355
10607,"GORDONVILLE",PA,40.044,-76.1085
10648,"GOULDSBORO",PA,41.3461,-75.332
10655,"GOWEN CITY",PA,40.8896,-76.6646
10671,"GRADYVILLE",PA,39.8821,-75.3372
10702,"GRAMPIAN",PA,40.9891,-78.4224
10756,"GRAND VALLEY",PA,41.8117,-79.2643
10805,"GRANTHAM",PA,40.158,-76.9964
10819,"GRANTVILLE",PA,40.3734,-76.6827
10826,"GRANVILLE",PA,40.5509,-77.6261
10830,"GRANVILLE SUMMIT",PA,41.772,-76.5213
10833,"GRAPEVILLE",PA,40.3089,-79.6654
10842,"GRASSFLAT",PA,40.9891,-78.4224
10852,"GRATZ",PA,40.6082,-76.7375
10865,"GRAY",PA,40.1377,-79.0926
10885,"GRAYSVILLE",PA,39.938,-80.0015
10893,"GREAT BEND",PA,41.9738,-75.7448
10908,"GREELEY",PA,41.4159,-75.0225
10924,"GREEN LANE",PA,40.2897,-75.4507
10927,"GREEN PARK",PA,40.4068,-77.2926
10958,"GREENCASTLE",PA,39.8059,-77.7261
10988,"GREENOCK",PA,40.4344,-80.0248
10999,"GREENSBORO",PA,39.8209,-79.9745
11006,"GREENSBURG",PA,40.3081,-79.5462
11010,"GREENTOWN",PA,41.3207,-75.1994
11032,"GREENVILLE",PA,41.3266,-80.2883
11111,"GRINDSTONE",PA,40.0155,-79.844
11133,"GROVE CITY",PA,41.1708,-80.0896
11145,"GROVER",PA,41.772,-76.5213
11233,"GUYS MILLS",PA,41.6661,-80.0658
11238,"GWYNEDD",PA,40.2008,-75.2507
11239,"GWYNEDD VALLEY",PA,40.1811,-75.2579
11269,"HADLEY",PA,41.3282,-80.2922
11316,"HALIFAX",PA,40.5071,-76.8438
11333,"HALLSTEAD",PA,41.9605,-75.7481
11356,"HAMBURG",PA,40.368,-75.8618
11382,"HAMILTON",PA,41.1411,-78.9629
11396,"HAMLIN",PA,41.4225,-75.3354
11472,"HANNASTOWN",PA,40.352,-79.4979
11489,"HANOVER",PA,39.8115,-76.9835
11516,"HARBORCREEK",PA,42.1729,-79.9377
11545,"HARFORD",PA,41.8203,-75.8046
11552,"HARLEIGH",PA,40.9888,-75.9617
11557,"HARLEYSVILLE",PA,40.2791,-75.3871
11566,"HARMONSBURG",PA,41.6431,-80.3943
11572,"HARMONY",PA,40.8282,-80.0983
11616,"HARRISBURG",PA,40.274,-76.8849
11630,"HARRISON CITY",PA,40.366,-79.6565
11632,"HARRISON VALLEY",PA,41.7376,-77.9024
11637,"HARRISONVILLE",PA,39.9438,-78.1223
11645,"HARRISVILLE",PA,40.9353,-80.0087
11683,"HARTLETON",PA,40.8829,-77.1892
11699,"HARTSTOWN",PA,41.5343,-80.4174
11721,"HARVEYS LAKE",PA,41.3739,-75.9691
11727,"HARWICK",PA,40.4344,-80.0248
11749,"HASTINGS",PA,40.6809,-78.5993
11755,"HATBORO",PA,40.1824,-75.1063
11763,"HATFIELD",PA,40.282,-75.3585
11791,"HAVERFORD",PA,40.0029,-75.3216
11797,"HAVERTOWN",PA,39.9749,-75.3121
11810,"HAWK RUN",PA,40.9891,-78.4224
11818,"HAWLEY",PA,41.4827,-75.2402
11823,"HAWTHORN",PA,41.0178,-79.2799
11874,"HAZEL HURST",PA,41.8011,-78.5797
11890,"HAZLETON",PA,40.9527,-75.9695
11934,"HEGINS",PA,40.6882,-76.5392
11939,"HEILWOOD",PA,40.6207,-78.9186
11958,"HELLERTOWN",PA,40.5888,-75.3138
11998,"HENDERSONVILLE",PA,40.3018,-80.1543
12030,"HENRYVILLE",PA,41.0253,-75.3237
12047,"HEREFORD",PA,40.4542,-75.5814
12054,"HERMAN",PA,40.9211,-79.9276
12058,"HERMINIE",PA,40.2662,-79.5678
12062,"HERMITAGE",PA,41.222,-80.4389
12073,"HERNDON",PA,40.8896,-76.6646
12083,"HERRICK CENTER",PA,41.8203,-75.8046
12089,"HERSHEY",PA,40.2697,-76.6364
12098,"HESSTON",PA,40.4025,-77.967
12123,"HIBBS",PA,39.9263,-79.9013
12133,"HICKORY",PA,40.2269,-80.169
12147,"HIDDEN VALLEY",PA,40.046,-79.2585
12200,"HIGHSPIRE",PA,40.3296,-76.8341
12221,"HILLER",PA,40.0566,-79.9021
12224,"HILLIARDS",PA,41.0914,-79.8357
12261,"HILLSDALE",PA,40.7679,-78.8773
12264,"HILLSGROVE",PA,41.4329,-76.5169
12268,"HILLSVILLE",PA,41.0113,-80.4975
12271,"HILLTOWN",PA,40.3235,-75.2548
12369,"HOLBROOK",PA,39.8706,-80.2113
12387,"HOLICONG",PA,40.336,-75.0429
12409,"HOLLIDAYSBURG",PA,40.4321,-78.365
12426,"HOLLSOPPLE",PA,40.2014,-78.9584
12447,"HOLMES",PA,39.8994,-75.3057
12464,"HOLTWOOD",PA,39.8663,-76.2806
12475,"HOME",PA,40.7015,-79.1827
12490,"HOMER CITY",PA,40.6278,-79.0896
12496,"HOMESTEAD",PA,40.3926,-79.9052
12512,"HONESDALE",PA,41.5643,-75.2656
12513,"HONEY BROOK",PA,40.0896,-75.8675
12516,"HONEY GROVE",PA,40.4787,-77.3455
12534,"HOOKSTOWN",PA,40.5543,-80.4282
12549,"HOOVERSVILLE",PA,40.1551,-78.9168
12550,"HOP BOTTOM",PA,41.7029,-75.7679
12571,"HOPELAND",PA,40.2339,-76.2607
12575,"HOPEWELL",PA,40.109,-78.2793
12588,"HOPWOOD",PA,39.8768,-79.6718
12616,"HORSHAM",PA,40.1918,-75.1506
12631,"HOSTETTER",PA,40.2611,-79.1431
12663,"HOUSTON",PA,40.1331,-80.1335
12666,"HOUTZDALE",PA,40.8227,-78.3519
12673,"HOWARD",PA,40.9182,-77.6797
12749,"HUGHESVILLE",PA,41.2801,-76.6753
12787,"HUMMELS WHARF",PA,40.8344,-76.8354
12788,"HUMMELSTOWN",PA,40.34,-76.7828
12797,"HUNKER",PA,40.3286,-79.6245
12798,"HUNLOCK CREEK",PA,41.2832,-76.0644
12812,"HUNTINGDON",PA,40.5001,-78.0104
12814,"HUNTINGDON VALLEY",PA,40.1284,-75.0607
12825,"HUNTINGTON MILLS",PA,41.2722,-75.8801
12878,"HUSTONTOWN",PA,39.9438,-78.1223
12884,"HUTCHINSON",PA,40.2251,-79.7328
12898,"HYDE",PA,41.003,-78.4642
12901,"HYDE PARK",PA,40.6282,-79.5956
12908,"HYDETOWN",PA,41.6661,-80.0658
12914,"HYNDMAN",PA,39.8865,-78.7128
12915,"HYNER",PA,41.2206,-77.6185
12923,"ICKESBURG",PA,40.4363,-77.397
12937,"IDAVILLE",PA,40.0157,-77.2001
12964,"IMLER",PA,40.2504,-78.5378
12965,"IMMACULATA",PA,39.8478,-75.7193
12972,"IMPERIAL",PA,40.4526,-80.1289
12997,"INDIAN HEAD",PA,40.0375,-79.3778
13011,"INDIANA",PA,40.623,-79.156
13018,"INDIANOLA",PA,40.4344,-80.0248
13025,"INDUSTRY",PA,40.7024,-80.3883
13040,"INGOMAR",PA,40.4344,-80.0248
13057,"INTERCOURSE",PA,40.0367,-76.1069
13133,"IRVINE",PA,41.8117,-79.2643
13143,"IRVONA",PA,40.9891,-78.4224
13147,"IRWIN",PA,40.365,-79.5841
13157,"ISABELLA",PA,39.946,-79.9393
13243,"JACKSON",PA,41.8203,-75.8046
13249,"JACKSON CENTER",PA,41.2782,-80.1132
13272,"JACOBS CREEK",PA,40.3602,-79.4398
13285,"JAMES CITY",PA,41.6192,-78.8394
13286,"JAMES CREEK",PA,40.3855,-78.1722
13303,"JAMESTOWN",PA,41.4566,-80.4492
13312,"JAMISON",PA,40.2542,-75.0885
13356,"JEANNETTE",PA,40.3746,-79.4079
13373,"JEFFERSON",PA,39.8706,-80.2113
13406,"JENKINTOWN",PA,40.098,-75.1078
13409,"JENNERS",PA,40.1459,-79.0676
13410,"JENNERSTOWN",PA,40.1595,-79.0616
13422,"JERMYN",PA,41.5612,-75.6188
13429,"JEROME",PA,40.2084,-78.9873
13436,"JERSEY MILLS",PA,41.3327,-77.0236
13437,"JERSEY SHORE",PA,41.2035,-77.2679
13445,"JESSUP",PA,41.5043,-75.5722
13464,"JIM THORPE",PA,40.8967,-75.7593
13471,"JOFFRE",PA,40.38,-80.3605
13487,"JOHNSONBURG",PA,41.5047,-78.6872
13499,"JOHNSTOWN",PA,40.3275,-78.9189
13516,"JONES MILLS",PA,40.3602,-79.4398
13528,"JONESTOWN",PA,40.4309,-76.4807
13551,"JOSEPHINE",PA,40.4828,-79.1851
13571,"JULIAN",PA,40.9019,-77.7508
13592,"JUNEAU",PA,40.64,-79.1294
13594,"JUNEDALE",PA,40.9348,-75.7358
13640,"KANE",PA,41.7957,-78.6318
13656,"KANTNER",PA,40.1011,-78.9387
13669,"KARNS CITY",PA,41.0054,-79.7666
13670,"KARTHAUS",PA,40.9891,-78.4224
13735,"KEISTERVILLE",PA,39.9636,-79.7853
13740,"KELAYRES",PA,40.9002,-76.0054
13766,"KELTON",PA,39.9832,-75.7481
13768,"KEMBLESVILLE",PA,39.9832,-75.7481
13776,"KEMPTON",PA,40.6279,-75.8834
13815,"KENNERDELL",PA,41.3981,-79.7388
13819,"KENNETT SQUARE",PA,39.8679,-75.7163
13841,"KENT",PA,40.5412,-79.282
13880,"KERSEY",PA,41.3369,-78.6055
13974,"KIMBERTON",PA,40.1465,-75.6177
13999,"KING OF PRUSSIA",PA,40.0922,-75.3859
14027,"KINGSLEY",PA,41.7667,-75.7327
14041,"KINGSTON",PA,41.2784,-75.9058
14067,"KINTNERSVILLE",PA,40.542,-75.2073
14069,"KINZERS",PA,40.0053,-76.0429
14098,"KIRKWOOD",PA,39.8427,-76.0805
14112,"KITTANNING",PA,40.8268,-79.5235
14126,"KLEINFELTERSVILLE",PA,40.3005,-76.2584
14129,"KLINGERSTOWN",PA,40.6872,-76.5782
14154,"KNOX",PA,41.1903,-79.5925
14157,"KNOX DALE",PA,41.1411,-78.9629
14165,"KNOXVILLE",PA,41.936,-77.4457
14180,"KOPPEL",PA,40.8348,-80.328
14188,"KOSSUTH",PA,41.2023,-79.4538
14199,"KREAMER",PA,40.7627,-77.0775
14204,"KRESGEVILLE",PA,40.9516,-75.5013
14212,"KULPMONT",PA,40.7939,-76.4769
14213,"KULPSVILLE",PA,40.241,-75.3439
14217,"KUNKLETOWN",PA,40.9036,-75.4769
14224,"KUTZTOWN",PA,40.4734,-75.7752
14232,"KYLERTOWN",PA,40.9891,-78.4224
14236,"LA BELLE",PA,39.9983,-79.9754
14279,"LA JOSE",PA,40.9891,-78.4224
14301,"LA PLUME",PA,41.5516,-75.7676
14341,"LACEYVILLE",PA,41.6326,-76.1545
14343,"LACKAWAXEN",PA,41.4754,-75.0094
14379,"LAFAYETTE HILL",PA,40.0853,-75.2574
14398,"LAHASKA",PA,40.3286,-75.1028
14405,"LAIRDSVILLE",PA,41.2297,-76.5947
14413,"LAKE ARIEL",PA,41.4527,-75.3219
14431,"LAKE CITY",PA,42.0158,-80.3465
14437,"LAKE COMO",PA,41.6174,-75.2823
14459,"LAKE HARMONY",PA,41.0489,-75.6086
14478,"LAKE LYNN",PA,39.7429,-79.8549
14520,"LAKE WINOLA",PA,41.5139,-75.8416
14561,"LAKEVILLE",PA,41.4313,-75.3039
14568,"LAKEWOOD",PA,41.8281,-75.3967
14581,"LAMAR",PA,41.2206,-77.6185
14583,"LAMARTINE",PA,41.2023,-79.4538
14607,"LAMPETER",PA,39.9885,-76.2387
14624,"LANCASTER",PA,40.0418,-76.2999
14634,"LANDENBERG",PA,39.7715,-75.7998
14638,"LANDINGVILLE",PA,40.7226,-76.2296
14640,"LANDISBURG",PA,40.3425,-77.3045
14642,"LANDISVILLE",PA,40.1125,-76.3609
14655,"LANESBORO",PA,41.9575,-75.6373
14663,"LANGELOTH",PA,40.3625,-80.4086
14665,"LANGHORNE",PA,40.289,-75.0655
14681,"LANSDALE",PA,40.2242,-75.2916
14682,"LANSDOWNE",PA,39.9146,-75.2946
14684,"LANSE",PA,40.9891,-78.4224
14686,"LANSFORD",PA,40.8722,-75.9154
14706,"LAPORTE",PA,41.4329,-76.5169
14716,"LARIMER",PA,40.3415,-79.7272
14750,"LATROBE",PA,40.3558,-79.422
14752,"LATTIMER MINES",PA,40.9925,-75.9626
14758,"LAUGHLINTOWN",PA,40.2314,-79.1715
14776,"LAURELTON",PA,40.9781,-77.0818
14784,"LAURYS STATION",PA,40.7177,-75.5335
14790,"LAVELLE",PA,40.7614,-76.3872
14800,"LAWN",PA,40.2236,-76.538
14812,"LAWRENCE",PA,40.3058,-80.1219
14819,"LAWRENCEVILLE",PA,41.9841,-77.1812
14830,"LAWTON",PA,41.8203,-75.8046
14843,"LE RAYSVILLE",PA,41.772,-76.5213
14885,"LEBANON",PA,40.3395,-76.4223
14897,"LECK KILL",PA,40.8896,-76.6646
14899,"LECKRONE",PA,39.9321,-79.6522
14903,"LECONTES MILLS",PA,40.9891,-78.4224
14906,"LEDERACH",PA,40.2119,-75.3559
14919,"LEECHBURG",PA,40.639,-79.611
14928,"LEEPER",PA,41.3888,-79.2737
14939,"LEESPORT",PA,40.4204,-75.8571
14946,"LEETSDALE",PA,40.3751,-80.0154
14959,"LEHIGH VALLEY",PA,40.6295,-75.4845
14960,"LEHIGHTON",PA,40.8867,-75.7362
14961,"LEHMAN",PA,41.3166,-76.021
14970,"LEISENRING",PA,39.9985,-79.6434
14982,"LEMASTERS",PA,39.8594,-77.8579
14991,"LEMONT",PA,40.8082,-77.8125
14992,"LEMONT FURNACE",PA,39.8773,-79.8055
14996,"LEMOYNE",PA,40.2443,-76.9188
15004,"LENHARTSVILLE",PA,40.5736,-75.865
15005,"LENNI",PA,39.8942,-75.4456
15021,"LENOXVILLE",PA,41.8203,-75.8046
15026,"LEOLA",PA,40.1008,-76.1919
15065,"LEROY",PA,41.772,-76.5213
15099,"LEVITTOWN",PA,40.1583,-74.8121
15109,"LEWIS RUN",PA,41.8369,-78.6916
15110,"LEWISBERRY",PA,39.9952,-76.8893
15113,"LEWISBURG",PA,40.9696,-76.9481
15130,"LEWISTOWN",PA,40.5649,-77.6301
15137,"LEWISVILLE",PA,39.9832,-75.7481
15172,"LIBERTY",PA,41.772,-77.2422
15191,"LICKINGVILLE",PA,41.3557,-79.3812
15196,"LIGHT STREET",PA,41.0201,-76.4384
15201,"LIGONIER",PA,40.2713,-79.2511
15214,"LILLY",PA,40.4276,-78.6393
15224,"LIMEKILN",PA,40.3356,-75.801
15225,"LIMEPORT",PA,40.5348,-75.5786
15230,"LIMESTONE",PA,41.2023,-79.4538
15259,"LINCOLN UNIVERSITY",PA,39.7787,-75.8876
15280,"LINDEN",PA,41.252,-77.1617
15302,"LINE LEXINGTON",PA,40.2996,-75.2541
15305,"LINESVILLE",PA,41.6244,-80.4523
15334,"LIONVILLE",PA,40.0132,-75.499
15353,"LISTIE",PA,40.0208,-79.0123
15370,"LITITZ",PA,40.1348,-76.4552
15389,"LITTLE MEADOWS",PA,41.8203,-75.8046
15419,"LITTLESTOWN",PA,39.8298,-77.0954
15437,"LIVERPOOL",PA,40.5744,-76.9875
15462,"LLEWELLYN",PA,40.6758,-76.2819
15475,"LOCK HAVEN",PA,41.229,-77.6417
15499,"LOCUST GAP",PA,40.7727,-76.4383
15506,"LOCUSTDALE",PA,40.7745,-76.3704
15532,"LOGANTON",PA,41.0185,-77.3416
15534,"LOGANVILLE",PA,39.8536,-76.708
15606,"LONG POND",PA,41.0572,-75.4651
15649,"LOPEZ",PA,41.4329,-76.5169
15666,"LORETTO",PA,40.5172,-78.6149
15696,"LOST CREEK",PA,40.8081,-76.2407
15760,"LOWBER",PA,40.2488,-79.7646
15799,"LOYALHANNA",PA,40.2865,-79.5134
15802,"LOYSBURG",PA,40.1703,-78.3853
15803,"LOYSVILLE",PA,40.4068,-77.2926
15823,"LUCERNEMINES",PA,40.5002,-79.1766
15826,"LUCINDA",PA,41.3002,-79.3578
15836,"LUDLOW",PA,41.7428,-78.7873
15861,"LUMBERVILLE",PA,40.3286,-75.1028
15880,"LURGAN",PA,40.1055,-77.6405
15887,"LUTHERSBURG",PA,40.9891,-78.4224
15899,"LUXOR",PA,40.3602,-79.4398
15903,"LUZERNE",PA,41.286,-75.8951
15910,"LYKENS",PA,40.5588,-76.7901
15933,"LYNDELL",PA,40.0582,-75.7433
15944,"LYNDORA",PA,40.8012,-79.9638
15964,"LYON STATION",PA,40.5218,-75.7419
16015,"MACKEYVILLE",PA,41.0325,-77.4951
16036,"MACUNGIE",PA,40.5179,-75.565
16046,"MADERA",PA,40.8305,-78.4355
16068,"MADISON",PA,40.244,-79.6765
16078,"MADISONBURG",PA,40.9722,-77.7602
16110,"MAHAFFEY",PA,40.9891,-78.4224
16111,"MAHANOY CITY",PA,40.733,-76.3061
16112,"MAHANOY PLANE",PA,40.794,-76.2433
16127,"MAINESBURG",PA,41.7901,-77.0353
16129,"MAINLAND",PA,40.2119,-75.3559
16183,"MALVERN",PA,40.0295,-75.7136
16188,"MAMMOTH",PA,40.3108,-79.6172
16222,"MANCHESTER",PA,39.9541,-76.8358
16244,"MANHEIM",PA,40.1559,-76.464
16272,"MANNS CHOICE",PA,39.9025,-78.6582
16281,"MANOR",PA,40.2922,-79.6649
16284,"MANORVILLE",PA,40.7877,-79.521
16294,"MANSFIELD",PA,41.7937,-77.0722
16358,"MAPLETON DEPOT",PA,40.4025,-77.967
16366,"MAR LIN",PA,40.683,-76.2387
16378,"MARBLE",PA,41.2023,-79.4538
16396,"MARCHAND",PA,40.64,-79.1294
16401,"MARCUS HOOK",PA,39.8509,-75.4182
16420,"MARIANNA",PA,40.0284,-80.1042
16427,"MARIENVILLE",PA,41.47,-79.125
16436,"MARIETTA",PA,40.0616,-76.4859
16465,"MARION",PA,39.8587,-77.6982
16471,"MARION CENTER",PA,40.6859,-79.0516
16472,"MARION HEIGHTS",PA,40.8051,-76.4646
16487,"MARKLETON",PA,39.8873,-79.2547
16489,"MARKLEYSBURG",PA,39.8224,-79.5297
16522,"MARS",PA,40.8663,-79.937
16542,"MARSHALLS CREEK",PA,41.0508,-75.2083
16555,"MARSTELLER",PA,40.6522,-78.8054
16574,"MARTIN",PA,39.9321,-79.6522
16579,"MARTINDALE",PA,40.1545,-76.0876
16582,"MARTINS CREEK",PA,40.7825,-75.1735
16588,"MARTINSBURG",PA,40.3398,-78.3367
16605,"MARY D",PA,40.7473,-76.0628
16623,"MARYSVILLE",PA,40.3251,-77.0259
16648,"MASONTOWN",PA,39.9458,-79.6818
16668,"MATAMORAS",PA,41.3704,-74.7361
16674,"MATHER",PA,39.9347,-80.0703
16694,"MATTAWANA",PA,40.496,-77.7237
16730,"MAXATAWNY",PA,40.5698,-75.7409
16778,"MAYPORT",PA,41.2023,-79.4538
16791,"MAYTOWN",PA,40.0721,-76.5778
16811,"MC ALISTERVILLE",PA,40.6517,-77.3061
16832,"MC CLELLANDTOWN",PA,39.8882,-79.8694
16836,"MC CLURE",PA,40.7668,-77.1503
16844,"MC CONNELLSBURG",PA,39.9288,-77.9814
16845,"MC CONNELLSTOWN",PA,40.4025,-77.967
16868,"MC DONALD",PA,40.3591,-80.2674
16874,"MC ELHATTAN",PA,41.1355,-77.37
16876,"MC EWENSVILLE",PA,41.072,-76.8184
16888,"MC GRANN",PA,40.7818,-79.5218
16906,"MC INTYRE",PA,40.5684,-79.2999
16907,"MC KEAN",PA,41.986,-80.1325
16909,"MC KEES ROCKS",PA,40.467,-80.1037
16910,"MC KEESPORT",PA,40.3453,-79.8433
16918,"MC KNIGHTSTOWN",PA,39.8692,-77.3292
16945,"MC SHERRYSTOWN",PA,39.801,-77.0229
16947,"MC VEYTOWN",PA,40.4781,-77.7349
16949,"MCADOO",PA,40.8976,-75.9978
17001,"MEADOW LANDS",PA,40.2174,-80.2269
17012,"MEADVILLE",PA,41.6459,-80.1496
17024,"MECHANICSBURG",PA,40.2114,-77.0071
17028,"MECHANICSVILLE",PA,40.3494,-75.0676
17046,"MEDIA",PA,39.9166,-75.3879
17079,"MEHOOPANY",PA,41.2771,-75.9602
17092,"MELCROFT",PA,40.0597,-79.3814
17142,"MENDENHALL",PA,39.9832,-75.7481
17169,"MENTCLE",PA,40.6201,-78.887
17185,"MERCER",PA,41.2229,-80.2507
17189,"MERCERSBURG",PA,39.819,-77.799
17214,"MERION STATION",PA,40.0034,-75.2495
17239,"MERRITTSTOWN",PA,39.8825,-79.8336
17247,"MERTZTOWN",PA,40.4323,-75.7966
17256,"MESHOPPEN",PA,41.2771,-75.9602
17290,"MEXICO",PA,40.4787,-77.3455
17293,"MEYERSDALE",PA,39.875,-79.0386
17345,"MIDDLEBURG",PA,40.7798,-77.1176
17351,"MIDDLEBURY CENTER",PA,41.772,-77.2422
17357,"MIDDLEPORT",PA,40.7331,-76.0858
17378,"MIDDLETOWN",PA,40.1912,-76.7201
17396,"MIDLAND",PA,40.7401,-80.3975
17417,"MIDWAY",PA,40.3681,-80.2894
17425,"MIFFLIN",PA,40.5553,-77.4001
17426,"MIFFLINBURG",PA,40.9478,-77.0111
17427,"MIFFLINTOWN",PA,40.5714,-77.3173
17428,"MIFFLINVILLE",PA,40.9871,-76.2877
17445,"MILAN",PA,41.8809,-76.5854
17448,"MILANVILLE",PA,41.667,-75.1185
17454,"MILDRED",PA,41.4329,-76.5169
17458,"MILESBURG",PA,40.9541,-77.7815
17479,"MILFORD",PA,41.32,-74.8806
17484,"MILFORD SQUARE",PA,40.3286,-75.1028
17490,"MILL CREEK",PA,40.4025,-77.967
17492,"MILL HALL",PA,41.0711,-77.4763
17495,"MILL RUN",PA,39.9337,-79.4326
17501,"MILL VILLAGE",PA,41.8773,-79.9692
17531,"MILLERSBURG",PA,40.5715,-76.8405
17533,"MILLERSTOWN",PA,40.5562,-77.1542
17537,"MILLERSVILLE",PA,40.0319,-76.2368
17541,"MILLERTON",PA,41.9084,-77.0112
17544,"MILLHEIM",PA,40.8935,-77.4733
17558,"MILLMONT",PA,40.9781,-77.0818
17561,"MILLRIFT",PA,41.4137,-74.7511
17565,"MILLS",PA,41.7376,-77.9024
17569,"MILLSBORO",PA,39.9877,-80.0037
17584,"MILLVILLE",PA,41.1438,-76.5252
17596,"MILNESVILLE",PA,40.9961,-75.9815
17604,"MILROY",PA,40.74,-77.4935
17618,"MILTON",PA,40.9939,-76.8479
17660,"MINERAL POINT",PA,40.4198,-78.8238
17665,"MINERAL SPRINGS",PA,40.9891,-78.4224
17668,"MINERSVILLE",PA,40.7115,-76.1996
17679,"MINGOVILLE",PA,40.9299,-77.6389
17683,"MINISINK HILLS",PA,40.9911,-75.2993
17717,"MIQUON",PA,40.2119,-75.3559
17771,"MODENA",PA,39.9621,-75.8025
17792,"MOHNTON",PA,40.3217,-75.8048
17793,"MOHRSVILLE",PA,40.4007,-76.0376
17811,"MONACA",PA,40.6564,-80.3278
17822,"MONESSEN",PA,40.3619,-79.7513
17842,"MONOCACY STATION",PA,40.261,-75.7684
17845,"MONONGAHELA",PA,40.26,-80.1244
17873,"MONROETON",PA,41.7135,-76.4872
17878,"MONROEVILLE",PA,40.5481,-80.2369
17885,"MONT ALTO",PA,39.8359,-77.5538
17887,"MONT CLARE",PA,40.1519,-75.5044
17896,"MONTANDON",PA,40.8896,-76.6646
17940,"MONTGOMERY",PA,41.2146,-76.8565
17948,"MONTGOMERYVILLE",PA,40.2375,-75.2366
17970,"MONTOURSVILLE",PA,41.3073,-76.8811
17994,"MONTROSE",PA,41.8441,-75.8319
18051,"MOOSIC",PA,41.3613,-75.7066
18062,"MORANN",PA,40.9891,-78.4224
18079,"MORGAN",PA,40.3559,-80.1415
18092,"MORGANTOWN",PA,40.3677,-75.8916
18130,"MORRIS",PA,41.772,-77.2422
18133,"MORRIS RUN",PA,41.6775,-77.0152
18134,"MORRISDALE",PA,40.9689,-78.1916
18156,"MORRISVILLE",PA,40.2084,-74.8291
18172,"MORTON",PA,39.9078,-75.3252
18189,"MOSCOW",PA,41.3216,-75.5386
18197,"MOSHANNON",PA,40.9005,-78.0259
18233,"MOUNT AETNA",PA,40.4187,-76.2944
18247,"MOUNT BETHEL",PA,40.8986,-75.1046
18249,"MOUNT BRADDOCK",PA,39.9321,-79.6522
18254,"MOUNT CARMEL",PA,40.8036,-76.4286
18276,"MOUNT GRETNA",PA,40.2546,-76.4615
18286,"MOUNT HOLLY SPRINGS",PA,40.2026,-77.0821
18296,"MOUNT JEWETT",PA,41.7193,-78.623
18297,"MOUNT JOY",PA,40.1137,-76.354
18311,"MOUNT MORRIS",PA,39.774,-80.0246
18328,"MOUNT PLEASANT",PA,40.2022,-79.61
18333,"MOUNT PLEASANT MILLS",PA,40.7237,-77.0135
18334,"MOUNT POCONO",PA,41.1363,-75.3709
18359,"MOUNT UNION",PA,40.3823,-77.8822
18383,"MOUNT WOLF",PA,39.9428,-76.5528
18410,"MOUNTAIN TOP",PA,41.1664,-75.9614
18420,"MOUNTAINHOME",PA,41.1458,-75.2941
18424,"MOUNTVILLE",PA,40.0388,-76.426
18445,"MUIR",PA,40.5926,-76.5161
18477,"MUNCY",PA,41.2443,-76.7405
18478,"MUNCY VALLEY",PA,41.4329,-76.5169
18493,"MUNSON",PA,40.9891,-78.4224
18519,"MURRYSVILLE",PA,40.4233,-79.6633
18527,"MUSE",PA,40.2937,-80.2005
18539,"MYERSTOWN",PA,40.3683,-76.36
18580,"NANTICOKE",PA,41.2498,-76.0082
18582,"NANTY GLO",PA,40.3924,-78.8486
18608,"NARBERTH",PA,40.0209,-75.26
18615,"NARVON",PA,40.1203,-75.9612
18655,"NATRONA HEIGHTS",PA,40.4344,-80.0248
18681,"NAZARETH",PA,40.7376,-75.2729
18706,"NEEDMORE",PA,39.9438,-78.1223
18709,"NEELYTON",PA,40.4025,-77.967
18714,"NEFFS",PA,40.6967,-75.6116
18738,"NELSON",PA,41.977,-77.2453
18744,"NEMACOLIN",PA,39.8779,-79.9258
18772,"NESCOPECK",PA,41.049,-76.1892
18778,"NESQUEHONING",PA,40.9332,-75.7638
18799,"NEW ALBANY",PA,41.5996,-76.4425
18801,"NEW ALEXANDRIA",PA,40.3967,-79.444
18812,"NEW BALTIMORE",PA,39.9828,-78.7719
18816,"NEW BEDFORD",PA,40.9897,-80.3084
18819,"NEW BERLIN",PA,40.8827,-76.9847
18821,"NEW BERLINVILLE",PA,40.3397,-75.6302
18823,"NEW BETHLEHEM",PA,41.127,-79.4079
18826,"NEW BLOOMFIELD",PA,40.4058,-77.134
18836,"NEW BRIGHTON",PA,40.7122,-80.3218
18841,"NEW BUFFALO",PA,40.4553,-76.9709
18857,"NEW CASTLE",PA,40.9957,-80.347
18862,"NEW COLUMBIA",PA,41.048,-76.9039
18866,"NEW CUMBERLAND",PA,40.2639,-76.8981
18870,"NEW DERRY",PA,40.3494,-79.3225
18873,"NEW EAGLE",PA,40.2828,-80.1739
18879,"NEW ENTERPRISE",PA,40.1939,-78.4267
18883,"NEW FLORENCE",PA,40.3262,-79.1019
18886,"NEW FREEDOM",PA,39.867,-76.6333
18887,"NEW FREEPORT",PA,39.8706,-80.2113
18888,"NEW GALILEE",PA,40.8336,-80.3844
18889,"NEW GENEVA",PA,39.9321,-79.6522
18890,"NEW GERMANTOWN",PA,40.4068,-77.2926
18920,"NEW HOLLAND",PA,40.1461,-76.0738
18926,"NEW HOPE",PA,40.3575,-74.9986
18933,"NEW KENSINGTON",PA,40.5735,-79.7498
18936,"NEW KINGSTOWN",PA,40.2306,-77.0794
18959,"NEW LONDON",PA,39.7261,-75.7857
18985,"NEW MILFORD",PA,41.8905,-75.6881
18986,"NEW MILLPORT",PA,40.9891,-78.4224
18992,"NEW OXFORD",PA,39.8819,-77.0774
18997,"NEW PARIS",PA,39.9814,-78.6116
18998,"NEW PARK",PA,39.8386,-76.4499
19000,"NEW PHILADELPHIA",PA,40.6754,-76.1558
19012,"NEW PROVIDENCE",PA,39.9123,-76.2374
19020,"NEW RINGGOLD",PA,40.7034,-75.9598
19032,"NEW SALEM",PA,39.9418,-79.841
19040,"NEW STANTON",PA,40.2438,-79.6584
19050,"NEW TRIPOLI",PA,40.6526,-75.7594
19066,"NEW WILMINGTON",PA,41.1171,-80.3327
19102,"NEWBURG",PA,40.1748,-77.4703
19129,"NEWELL",PA,40.0751,-79.8943
19141,"NEWFOUNDLAND",PA,41.3568,-75.3818
19159,"NEWMANSTOWN",PA,40.3141,-76.2606
19175,"NEWPORT",PA,40.5061,-77.1291
19186,"NEWRY",PA,40.3855,-78.4472
19207,"NEWTON HAMILTON",PA,40.3931,-77.8316
19220,"NEWTOWN",PA,40.263,-74.9555
19223,"NEWTOWN SQUARE",PA,39.9554,-75.4017
19225,"NEWVILLE",PA,40.1731,-77.4219
19247,"NICHOLSON",PA,41.6276,-75.7861
19252,"NICKTOWN",PA,40.601,-78.8221
19273,"NINEVEH",PA,39.8706,-80.2113
19284,"NISBET",PA,41.2183,-77.1214
19350,"NORMALVILLE",PA,40.0079,-79.4382
19371,"NORRISTOWN",PA,40.1239,-75.3416
19379,"NORTH APOLLO",PA,40.593,-79.5581
19392,"NORTH BEND",PA,41.2206,-77.6185
19429,"NORTH EAST",PA,42.1768,-79.842
19530,"NORTH SPRINGFIELD",PA,41.9999,-80.4258
19547,"NORTH VERSAILLES",PA,40.4344,-80.0248
19548,"NORTH WALES",PA,40.2109,-75.2783
19552,"NORTH WASHINGTON",PA,41.0472,-79.8089
19563,"NORTHAMPTON",PA,40.7245,-75.3654
19569,"NORTHERN CAMBRIA",PA,40.6587,-78.7946
19580,"NORTHPOINT",PA,40.64,-79.1294
19587,"NORTHUMBERLAND",PA,40.9081,-76.7842
19606,"NORVELT",PA,40.216,-79.4872
19634,"NORWOOD",PA,39.8884,-75.2982
19643,"NOTTINGHAM",PA,39.7574,-76.0376
19655,"NOXEN",PA,41.2771,-75.9602
19658,"NU MINE",PA,40.8478,-79.4516
19664,"NUMIDIA",PA,41.0421,-76.4243
19673,"NUREMBERG",PA,40.9223,-76.1489
19722,"OAK RIDGE",PA,40.8478,-79.4516
19735,"OAKDALE",PA,40.4033,-80.1842
19771,"OAKLAND MILLS",PA,40.4787,-77.3455
19781,"OAKMONT",PA,40.4344,-80.0248
19785,"OAKS",PA,40.1334,-75.4536
19907,"OHIOPYLE",PA,39.8507,-79.523
19912,"OIL CITY",PA,41.3307,-79.7752
19952,"OLANTA",PA,40.9891,-78.4224
19965,"OLD FORGE",PA,41.3728,-75.7308
19984,"OLD ZIONSVILLE",PA,40.6934,-75.4712
19999,"OLEY",PA,40.3434,-75.8976
20008,"OLIVEBURG",PA,41.1411,-78.9629
20012,"OLIVER",PA,39.9183,-79.7158
20041,"OLYPHANT",PA,41.4551,-75.5755
20074,"ONEIDA",PA,40.911,-76.1223
20087,"ONO",PA,40.3754,-76.4148
20148,"ORANGEVILLE",PA,41.0615,-76.4181
20151,"ORBISONIA",PA,40.2254,-77.8875
20165,"OREFIELD",PA,40.6296,-75.6219
20173,"ORELAND",PA,40.1138,-75.1852
20233,"ORRSTOWN",PA,40.0796,-77.6793
20234,"ORRTANNA",PA,39.883,-77.3936
20238,"ORSON",PA,41.616,-75.2747
20243,"ORVISTON",PA,40.9722,-77.7602
20247,"ORWIGSBURG",PA,40.6181,-76.2069
20267,"OSCEOLA",PA,41.9893,-77.3477
20269,"OSCEOLA MILLS",PA,40.8222,-78.4554
20292,"OSTERBURG",PA,40.1818,-78.4934
20337,"OTTSVILLE",PA,40.4634,-75.1673
20404,"OXFORD",PA,39.8497,-75.9573
20502,"PALM",PA,40.4302,-75.5312
20525,"PALMERTON",PA,40.8557,-75.5892
20538,"PALMYRA",PA,40.3176,-76.4169
20589,"PAOLI",PA,40.0401,-75.4888
20602,"PARADISE",PA,39.8981,-76.0912
20616,"PARDEESVILLE",PA,41.0017,-75.9661
20652,"PARKER",PA,41.0931,-79.6825
20657,"PARKER FORD",PA,40.209,-75.5984
20663,"PARKESBURG",PA,40.0011,-75.8309
20664,"PARKHILL",PA,40.3567,-78.8733
20696,"PARRYVILLE",PA,40.8245,-75.6651
20756,"PATTON",PA,40.6335,-78.6083
20772,"PAUPACK",PA,41.3409,-75.0241
20793,"PAXINOS",PA,40.8896,-76.6646
20799,"PAXTONVILLE",PA,40.7627,-77.0775
20815,"PEACH BOTTOM",PA,39.8448,-76.1551
20817,"PEACH GLEN",PA,39.8948,-77.2135
20852,"PECKVILLE",PA,41.3507,-75.5525
20906,"PEN ARGYL",PA,40.8411,-75.2584
20923,"PENFIELD",PA,41.2016,-78.5835
20930,"PENN",PA,40.3149,-79.6814
20932,"PENN RUN",PA,40.6213,-78.9943
20944,"PENNS CREEK",PA,40.8574,-77.0649
20946,"PENNS PARK",PA,40.269,-75.0094
20949,"PENNSBURG",PA,40.3743,-75.4822
20951,"PENNSYLVANIA FURNACE",PA,40.8681,-77.9574
20959,"PENRYN",PA,40.0185,-76.2976
20978,"PEQUEA",PA,39.9044,-76.3225
20988,"PERKASIE",PA,40.3902,-75.2333
20997,"PERKIOMENVILLE",PA,40.3208,-75.5005
21025,"PERRYOPOLIS",PA,40.0646,-79.7756
21067,"PETERSBURG",PA,40.5832,-78.0734
21083,"PETROLIA",PA,41.0411,-79.7628
21112,"PHILADELPHIA",PA,39.9516,-75.1638
21118,"PHILIPSBURG",PA,40.9052,-77.8442
21143,"PHOENIXVILLE",PA,40.1282,-75.5418
21167,"PICTURE ROCKS",PA,41.2215,-76.6595
21218,"PILLOW",PA,40.6392,-76.8029
21243,"PINE BANK",PA,39.8706,-80.2113
21251,"PINE FORGE",PA,40.4072,-75.9849
21254,"PINE GROVE",PA,40.577,-76.3372
21256,"PINE GROVE MILLS",PA,40.7264,-77.9118
21307,"PINEVILLE",PA,40.2711,-75.0622
21341,"PIPERSVILLE",PA,40.4301,-75.1172
21356,"PITCAIRN",PA,40.4344,-80.0248
21362,"PITMAN",PA,40.7244,-76.4888
21376,"PITTSBURGH",PA,40.4384,-80.002
21381,"PITTSFIELD",PA,41.8624,-79.4326
21386,"PITTSTON",PA,41.3259,-75.7898
21412,"PLAINFIELD",PA,40.203,-77.2848
21472,"PLEASANT HALL",PA,40.0491,-77.6718
21485,"PLEASANT MOUNT",PA,41.616,-75.2747
21492,"PLEASANT UNITY",PA,40.2424,-79.4542
21506,"PLEASANTVILLE",PA,41.5013,-79.6333
21525,"PLUMSTEADVILLE",PA,40.3881,-75.1425
21527,"PLUMVILLE",PA,40.64,-79.1294
21543,"PLYMOUTH",PA,41.2887,-75.9876
21548,"PLYMOUTH MEETING",PA,40.1378,-75.3528
21563,"POCONO LAKE",PA,41.1386,-75.563
21564,"POCONO LAKE PRESERVE",PA,41.0338,-75.308
21565,"POCONO MANOR",PA,41.1226,-75.4588
21566,"POCONO PINES",PA,41.0836,-75.5156
21567,"POCONO SUMMIT",PA,41.0949,-75.2982
21568,"POCOPSON",PA,39.9832,-75.7481
21581,"POINT MARION",PA,39.9118,-79.7117
21585,"POINT PLEASANT",PA,40.4165,-75.0748
21604,"POLK",PA,41.3203,-79.9268
21625,"POMEROY",PA,39.9706,-75.8958
21688,"PORT ALLEGANY",PA,41.8819,-78.4579
21699,"PORT CARBON",PA,40.7713,-76.1993
21703,"PORT CLINTON",PA,40.7226,-76.2296
21733,"PORT MATILDA",PA,40.9136,-77.8297
21749,"PORT ROYAL",PA,40.5496,-77.3953
21759,"PORT TREVORTON",PA,40.6951,-76.904
21769,"PORTAGE",PA,40.3692,-78.7525
21786,"PORTERS SIDELING",PA,39.8246,-76.8993
21787,"PORTERSVILLE",PA,41.0178,-80.0724
21803,"PORTLAND",PA,40.9214,-75.097
21842,"POTTERSDALE",PA,40.9891,-78.4224
21848,"POTTS GROVE",PA,40.8896,-76.6646
21850,"POTTSTOWN",PA,40.2492,-75.6467
21852,"POTTSVILLE",PA,40.7088,-76.283
21902,"POYNTELLE",PA,41.616,-75.2747
21954,"PRESTO",PA,40.4025,-80.1669
21967,"PRESTON PARK",PA,41.616,-75.2747
21974,"PRICEDALE",PA,40.1393,-79.8562
22032,"PROMPTON",PA,41.616,-75.2747
22039,"PROSPECT",PA,40.9562,-79.9331
22045,"PROSPECT PARK",PA,39.886,-75.3072
22047,"PROSPERITY",PA,40.0499,-80.2812
22082,"PULASKI",PA,41.0875,-80.4726
22094,"PUNXSUTAWNEY",PA,40.9445,-78.9798
22132,"QUAKAKE",PA,40.7226,-76.2296
22137,"QUAKERTOWN",PA,40.4525,-75.2214
22142,"QUARRYVILLE",PA,39.8564,-76.1485
22149,"QUECREEK",PA,40.0914,-79.0872
22150,"QUEEN",PA,40.2549,-78.5125
22161,"QUENTIN",PA,40.2764,-76.4112
22178,"QUINCY",PA,39.7995,-77.5811
22230,"RAILROAD",PA,39.7573,-76.6994
22253,"RALSTON",PA,41.4985,-76.9467
22259,"RAMEY",PA,40.9891,-78.4224
22324,"RANSOM",PA,41.3945,-75.8242
22366,"RAVINE",PA,40.7226,-76.2296
22415,"READING",PA,40.3354,-75.9279
22428,"REAMSTOWN",PA,40.2099,-76.1164
22432,"REBERSBURG",PA,40.9399,-77.4484
22433,"REBUCK",PA,40.8896,-76.6646
22436,"RECTOR",PA,40.3602,-79.4398
22451,"RED HILL",PA,40.3874,-75.5055
22458,"RED LION",PA,39.9057,-76.6158
22526,"REEDERS",PA,40.9863,-75.348
22533,"REEDSVILLE",PA,40.5417,-77.6925
22545,"REFTON",PA,39.9469,-76.2322
22557,"REHRERSBURG",PA,40.4553,-76.2453
22562,"REINHOLDS",PA,40.1527,-76.0912
22580,"RENFREW",PA,40.8031,-79.9908
22587,"RENO",PA,41.411,-79.7493
22588,"RENOVO",PA,41.306,-77.5712
22604,"REPUBLIC",PA,39.9847,-79.8814
22625,"REVERE",PA,40.3286,-75.1028
22627,"REVLOC",PA,40.4641,-78.6854
22628,"REW",PA,41.8783,-78.5572
22636,"REXMONT",PA,40.2771,-76.3857
22649,"REYNOLDSVILLE",PA,41.0956,-78.8862
22652,"RHEEMS",PA,40.1296,-76.5717
22677,"RICES LANDING",PA,39.9544,-79.9904
22680,"RICEVILLE",PA,41.6661,-80.0658
22691,"RICHBORO",PA,40.2247,-75.0017
22695,"RICHEYVILLE",PA,40.0563,-79.9926
22701,"RICHFIELD",PA,40.4787,-77.3455
22718,"RICHLAND",PA,40.363,-76.2719
22726,"RICHLANDTOWN",PA,40.4796,-75.3146
22763,"RIDDLESBURG",PA,40.1753,-78.2493
22802,"RIDGWAY",PA,41.3621,-78.7262
22803,"RIDLEY PARK",PA,39.8782,-75.3231
22805,"RIEGELSVILLE",PA,40.5673,-75.2362
22819,"RILLTON",PA,40.2828,-79.7233
22820,"RIMERSBURG",PA,41.0411,-79.5017
22832,"RINGGOLD",PA,41.1411,-78.9629
22841,"RINGTOWN",PA,40.8562,-76.2346
22920,"RIVERSIDE",PA,40.9529,-76.6311
22942,"RIXFORD",PA,41.9196,-78.4856
22955,"ROARING BRANCH",PA,41.772,-77.2422
22958,"ROARING SPRING",PA,40.3355,-78.3875
22978,"ROBERTSDALE",PA,40.1865,-78.1162
22982,"ROBESONIA",PA,40.3262,-75.8889
22987,"ROBINSON",PA,40.4037,-79.122
23011,"ROCHESTER",PA,40.6865,-80.3265
23016,"ROCHESTER MILLS",PA,40.7219,-79.0062
23032,"ROCK GLEN",PA,40.954,-76.1747
23073,"ROCKHILL FURNACE",PA,40.4025,-77.967
23098,"ROCKTON",PA,40.9891,-78.4224
23117,"ROCKWOOD",PA,39.9551,-79.1415
23163,"ROGERSVILLE",PA,39.8706,-80.2113
23200,"ROME",PA,41.772,-76.5213
23212,"RONCO",PA,39.8794,-79.9168
23215,"RONKS",PA,40.0181,-76.1708
23244,"ROSCOE",PA,40.0807,-79.8627
23321,"ROSSITER",PA,40.8697,-78.9005
23329,"ROSSVILLE",PA,39.973,-76.6878
23344,"ROULETTE",PA,41.7376,-77.9024
23362,"ROUSEVILLE",PA,41.4717,-79.6881
23364,"ROUZERVILLE",PA,39.7364,-77.5247
23375,"ROWLAND",PA,41.3409,-75.0241
23388,"ROXBURY",PA,40.1127,-77.6706
23411,"ROYERSFORD",PA,40.2089,-75.4902
23434,"RUFFS DALE",PA,40.2269,-79.6734
23461,"RURAL RIDGE",PA,40.4344,-80.0248
23462,"RURAL VALLEY",PA,40.7466,-79.4966
23473,"RUSHLAND",PA,40.2628,-75.0157
23482,"RUSHVILLE",PA,41.8203,-75.8046
23495,"RUSSELL",PA,41.9264,-79.0903
23498,"RUSSELLTON",PA,40.4344,-80.0248
23561,"SABINSVILLE",PA,41.772,-77.2422
23572,"SACRAMENTO",PA,40.6365,-76.5911
23581,"SADSBURYVILLE",PA,39.9903,-75.8936
23582,"SAEGERTOWN",PA,41.7528,-80.2075
23589,"SAGAMORE",PA,40.7774,-79.2336
23623,"SAINT BENEDICT",PA,40.6298,-78.7329
23628,"SAINT BONIFACE",PA,40.6712,-78.6755
23644,"SAINT CLAIR",PA,40.7071,-76.2844
23706,"SAINT JOHNS",PA,41.0148,-76.0584
23741,"SAINT MARYS",PA,41.4529,-78.5298
23750,"SAINT MICHAEL",PA,40.3386,-78.7761
23773,"SAINT PETERS",PA,40.1867,-75.7288
23775,"SAINT PETERSBURG",PA,41.2023,-79.4538
23788,"SAINT THOMAS",PA,39.9161,-77.8118
23828,"SALFORD",PA,40.3029,-75.4486
23829,"SALFORDVILLE",PA,40.2904,-75.4355
23834,"SALINA",PA,40.5189,-79.4959
23848,"SALISBURY",PA,39.9413,-79.0833
23854,"SALIX",PA,40.2986,-78.7816
23862,"SALONA",PA,41.2206,-77.6185
23873,"SALTILLO",PA,40.4025,-77.967
23877,"SALTSBURG",PA,40.5429,-79.3978
24017,"SANDY LAKE",PA,41.3807,-80.2173
24022,"SANDY RIDGE",PA,40.8136,-78.239
24119,"SARVER",PA,40.7209,-79.7626
24123,"SASSAMANSVILLE",PA,40.3448,-75.5775
24181,"SAXONBURG",PA,40.862,-79.8643
24182,"SAXTON",PA,40.2019,-78.2525
24185,"SAYLORSBURG",PA,41.0116,-75.2547
24189,"SAYRE",PA,41.9782,-76.5994
24205,"SCENERY HILL",PA,40.0923,-80.0995
24207,"SCHAEFFERSTOWN",PA,40.3087,-76.2963
24213,"SCHELLSBURG",PA,40.057,-78.6425
24216,"SCHENLEY",PA,40.8478,-79.4516
24223,"SCHNECKSVILLE",PA,40.6697,-75.6209
24244,"SCHUYLKILL HAVEN",PA,40.602,-76.1549
24245,"SCHWENKSVILLE",PA,40.2248,-75.4785
24252,"SCIOTA",PA,40.9379,-75.2926
24271,"SCOTLAND",PA,39.9696,-77.5848
24275,"SCOTRUN",PA,41.09,-75.3578
24286,"SCOTTDALE",PA,40.3554,-79.5205
24313,"SCRANTON",PA,41.4065,-75.6652
24348,"SEANOR",PA,40.2064,-78.9005
24422,"SELINSGROVE",PA,40.8259,-76.8576
24426,"SELLERSVILLE",PA,40.3605,-75.3175
24437,"SELTZER",PA,40.6906,-76.2273
24442,"SEMINOLE",PA,40.8478,-79.4516
24455,"SENECA",PA,41.3786,-79.7072
24480,"SEVEN VALLEYS",PA,39.8235,-76.7007
24497,"SEWARD",PA,40.4011,-79.0291
24500,"SEWICKLEY",PA,40.5412,-80.1816
24514,"SHADE GAP",PA,40.1333,-77.8747
24519,"SHADY GROVE",PA,39.7834,-77.6749
24537,"SHAMOKIN",PA,40.792,-76.6016
24538,"SHAMOKIN DAM",PA,40.8459,-76.8224
24546,"SHANKSVILLE",PA,40.0171,-78.9077
24562,"SHARON",PA,41.2345,-80.4479
24570,"SHARON HILL",PA,39.9011,-75.2676
24584,"SHARPSVILLE",PA,41.2838,-80.4001
24586,"SHARTLESVILLE",PA,40.5052,-76.1413
24594,"SHAVERTOWN",PA,41.2408,-75.9472
24599,"SHAWANESE",PA,41.3501,-76.0319
24609,"SHAWNEE ON DELAWARE",PA,41.0312,-75.0974
24612,"SHAWVILLE",PA,40.9891,-78.4224
24613,"SHEAKLEYVILLE",PA,41.4435,-80.2055
24623,"SHEFFIELD",PA,41.6834,-79.0328
24667,"SHELOCTA",PA,40.8478,-79.4516
24674,"SHENANDOAH",PA,40.7632,-76.1484
24685,"SHEPPTON",PA,40.902,-76.1188
24712,"SHERMANS DALE",PA,40.343,-77.1826
24730,"SHICKSHINNY",PA,41.1513,-76.1081
24740,"SHINGLEHOUSE",PA,41.9638,-78.1889
24748,"SHIPPENSBURG",PA,40.0708,-77.4598
24749,"SHIPPENVILLE",PA,41.2637,-79.4341
24750,"SHIPPINGPORT",PA,40.6025,-80.3863
24762,"SHIRLEYSBURG",PA,40.4025,-77.967
24769,"SHOEMAKERSVILLE",PA,40.4113,-75.887
24770,"SHOHOLA",PA,41.4149,-74.9345
24794,"SHREWSBURY",PA,39.7998,-76.6879
24801,"SHUNK",PA,41.4329,-76.5169
24815,"SIDMAN",PA,40.3341,-78.7155
24837,"SIGEL",PA,41.1411,-78.9629
24883,"SILVER SPRING",PA,40.0647,-76.4343
24889,"SILVERDALE",PA,40.3445,-75.2687
24931,"SINNAMAHONING",PA,41.4176,-78.2049
24938,"SIPESVILLE",PA,40.0964,-79.0902
24949,"SIX MILE RUN",PA,40.1698,-78.2122
24964,"SKIPPACK",PA,40.2251,-75.4031
24976,"SKYTOP",PA,41.2336,-75.2389
24982,"SLATE RUN",PA,41.3327,-77.0236
24984,"SLATEDALE",PA,40.7455,-75.6592
24991,"SLATINGTON",PA,40.7345,-75.6186
25003,"SLICKVILLE",PA,40.4604,-79.5156
25006,"SLIGO",PA,41.1057,-79.49
25009,"SLIPPERY ROCK",PA,41.0524,-80.0438
25016,"SLOVAN",PA,40.3584,-80.3879
25024,"SMETHPORT",PA,41.7987,-78.5392
25025,"SMICKSBURG",PA,40.8677,-79.1413
25044,"SMITHFIELD",PA,39.9296,-79.6989
25051,"SMITHMILL",PA,40.7601,-78.45
25059,"SMITHTON",PA,40.1553,-79.7381
25074,"SMOCK",PA,39.9883,-79.7713
25075,"SMOKERUN",PA,40.9891,-78.4224
25076,"SMOKETOWN",PA,40.0364,-76.2031
25104,"SNOW SHOE",PA,40.9921,-78.0279
25114,"SNYDERSBURG",PA,41.2023,-79.4538
25115,"SNYDERTOWN",PA,40.879,-76.6673
25135,"SOLEBURY",PA,40.3286,-75.1028
25168,"SOMERSET",PA,40.0075,-79.0786
25208,"SOUDERSBURG",PA,40.0185,-76.2976
25209,"SOUDERTON",PA,40.2884,-75.341
25239,"SOUTH CANAAN",PA,41.616,-75.2747
25263,"SOUTH FORK",PA,40.4116,-78.7784
25268,"SOUTH GIBSON",PA,41.8203,-75.8046
25281,"SOUTH HEIGHTS",PA,40.5763,-80.2383
25303,"SOUTH MONTROSE",PA,41.8237,-75.8831
25304,"SOUTH MOUNTAIN",PA,39.8331,-77.4886
25315,"SOUTH PARK",PA,40.3031,-79.9976
25345,"SOUTH STERLING",PA,41.2592,-75.3731
25371,"SOUTHAMPTON",PA,40.1868,-75.0071
25377,"SOUTHEASTERN",PA,40.3292,-79.9379
25394,"SOUTHVIEW",PA,40.3282,-80.2563
25395,"SOUTHWEST",PA,40.3602,-79.4398
25405,"SPANGLER",PA,40.6351,-78.7692
25432,"SPARTANSBURG",PA,41.6673,-80.0973
25475,"SPINNERSTOWN",PA,40.3286,-75.1028
25490,"SPRAGGS",PA,39.7447,-80.2145
25497,"SPRANKLE MILLS",PA,41.1411,-78.9629
25504,"SPRING CHURCH",PA,40.6168,-79.4798
25505,"SPRING CITY",PA,40.147,-75.6054
25509,"SPRING CREEK",PA,41.92,-79.4482
25515,"SPRING GLEN",PA,40.6258,-76.6218
25519,"SPRING GROVE",PA,39.9445,-76.7758
25525,"SPRING HOUSE",PA,40.1859,-75.2324
25530,"SPRING MILLS",PA,40.8837,-77.5187
25531,"SPRING MOUNT",PA,40.2759,-75.4618
25533,"SPRING RUN",PA,40.1734,-77.7092
25541,"SPRINGBORO",PA,41.8004,-80.3714
25546,"SPRINGDALE",PA,40.4344,-80.0248
25569,"SPRINGFIELD",PA,39.9319,-75.3416
25583,"SPRINGS",PA,39.748,-79.1237
25584,"SPRINGTOWN",PA,40.3286,-75.1028
25593,"SPRINGVILLE",PA,41.8203,-75.8046
25598,"SPROUL",PA,40.2711,-78.4588
25600,"SPRUCE CREEK",PA,40.4025,-77.967
25632,"STAHLSTOWN",PA,40.3602,-79.4398
25703,"STAR JUNCTION",PA,40.0651,-79.769
25710,"STARFORD",PA,40.7027,-78.9588
25719,"STARLIGHT",PA,41.616,-75.2747
25721,"STARRUCCA",PA,41.8953,-75.4243
25726,"STATE COLLEGE",PA,40.7867,-77.8582
25730,"STATE LINE",PA,39.7248,-77.7186
25760,"STEELVILLE",PA,39.9832,-75.7481
25799,"STERLING",PA,41.377,-75.316
25813,"STEVENS",PA,40.1686,-76.33
25825,"STEVENSVILLE",PA,41.772,-76.5213
25835,"STEWARTSTOWN",PA,39.8092,-76.6068
25853,"STILLWATER",PA,41.1206,-76.4124
25874,"STOCKDALE",PA,40.0385,-79.9209
25876,"STOCKERTOWN",PA,40.7729,-75.3635
25912,"STONEBORO",PA,41.3356,-80.1036
25935,"STONY RUN",PA,40.6139,-75.815
25963,"STOYSTOWN",PA,40.0948,-78.9658
25964,"STRABANE",PA,40.2505,-80.1984
25978,"STRASBURG",PA,40.0822,-76.1138
25995,"STRATTANVILLE",PA,41.2352,-79.2819
26001,"STRAUSSTOWN",PA,40.4944,-76.1865
26024,"STRONGSTOWN",PA,40.5727,-78.9
26027,"STROUDSBURG",PA,41.0419,-75.369
26042,"STUMP CREEK",PA,41.1411,-78.9629
26047,"STURGEON",PA,40.3863,-80.2083
26082,"SUGAR GROVE",PA,41.8906,-79.2279
26087,"SUGAR RUN",PA,41.772,-76.5213
26092,"SUGARLOAF",PA,40.9752,-76.0845
26132,"SUMMERDALE",PA,40.2935,-76.9263
26140,"SUMMERHILL",PA,40.3911,-78.7352
26152,"SUMMERVILLE",PA,41.1411,-78.9629
26162,"SUMMIT HILL",PA,40.9054,-75.7416
26166,"SUMMIT STATION",PA,40.5545,-76.2038
26181,"SUMNEYTOWN",PA,40.3278,-75.454
26205,"SUNBURY",PA,40.8698,-76.7356
26242,"SUPLEE",PA,39.9832,-75.7481
26258,"SUSQUEHANNA",PA,41.9571,-75.6649
26262,"SUTERSVILLE",PA,40.2256,-79.7516
26303,"SWARTHMORE",PA,39.8972,-75.3441
26322,"SWEET VALLEY",PA,41.2886,-76.1423
26328,"SWENGEL",PA,40.9781,-77.0818
26333,"SWIFTWATER",PA,41.1059,-75.3469
26344,"SYBERTSVILLE",PA,41.2722,-75.8801
26350,"SYCAMORE",PA,39.8706,-80.2113
26356,"SYKESVILLE",PA,41.0479,-78.8197
26365,"SYLVANIA",PA,41.772,-76.5213
26397,"TAFTON",PA,41.397,-75.1869
26440,"TALMAGE",PA,40.1168,-76.2131
26448,"TAMAQUA",PA,40.7985,-75.9378
26452,"TAMIMENT",PA,41.3409,-75.0241
26469,"TANNERSVILLE",PA,41.0958,-75.3237
26480,"TARENTUM",PA,40.4344,-80.0248
26487,"TARRS",PA,40.3602,-79.4398
26494,"TATAMY",PA,40.7406,-75.2549
26515,"TAYLOR",PA,41.3825,-75.7132
26523,"TAYLORSTOWN",PA,40.1611,-80.3781
26563,"TELFORD",PA,40.3258,-75.3805
26579,"TEMPLE",PA,40.3959,-75.8898
26588,"TEMPLETON",PA,40.9159,-79.4612
26621,"TERRE HILL",PA,40.1576,-76.0463
26699,"THOMASVILLE",PA,39.9338,-76.9053
26705,"THOMPSON",PA,41.8401,-75.5319
26711,"THOMPSONTOWN",PA,40.5653,-77.2354
26723,"THORNDALE",PA,39.9939,-75.8186
26734,"THORNTON",PA,39.906,-75.5354
26760,"THREE SPRINGS",PA,40.2224,-77.942
26775,"TIDIOUTE",PA,41.8307,-79.2295
26813,"TIMBLIN",PA,40.9674,-79.199
26828,"TIOGA",PA,41.9434,-77.2292
26832,"TIONA",PA,41.7434,-79.0528
26833,"TIONESTA",PA,41.5009,-79.4075
26846,"TIPTON",PA,40.6367,-78.3036
26849,"TIRE HILL",PA,40.268,-78.9156
26859,"TITUSVILLE",PA,41.6618,-79.7201
26869,"TOBYHANNA",PA,41.1755,-75.4618
26874,"TODD",PA,40.271,-78.0772
26952,"TOPTON",PA,40.476,-75.8493
26962,"TORRANCE",PA,40.3602,-79.4398
26973,"TOUGHKENAMON",PA,39.8728,-75.8481
26981,"TOWANDA",PA,41.7738,-76.3893
26986,"TOWER CITY",PA,40.5904,-76.5398
27001,"TOWNVILLE",PA,41.6899,-79.9009
27018,"TRAFFORD",PA,40.3827,-79.5946
27027,"TRANSFER",PA,41.3684,-80.3607
27042,"TREICHLERS",PA,40.7361,-75.5449
27047,"TREMONT",PA,40.6946,-76.3065
27072,"TRESCKOW",PA,40.9248,-75.9386
27076,"TREVORTON",PA,40.7822,-76.6727
27077,"TREXLERTOWN",PA,40.5482,-75.5961
27121,"TROUT RUN",PA,41.4388,-77.0614
27124,"TROUTVILLE",PA,41.0117,-78.7857
27126,"TROXELVILLE",PA,40.7627,-77.0775
27140,"TROY",PA,41.7884,-76.8372
27158,"TRUMBAUERSVILLE",PA,40.3286,-75.1028
27205,"TUNKHANNOCK",PA,41.5664,-75.9757
27222,"TURBOTVILLE",PA,41.1029,-76.8231
27228,"TURKEY CITY",PA,41.2023,-79.4538
27246,"TURTLE CREEK",PA,40.4344,-80.0248
27250,"TURTLEPOINT",PA,41.8011,-78.5797
27257,"TUSCARORA",PA,40.7815,-76.0134
27295,"TWIN ROCKS",PA,40.4996,-78.8613
27314,"TYLER HILL",PA,41.616,-75.2747
27315,"TYLERSBURG",PA,41.2023,-79.4538
27316,"TYLERSPORT",PA,40.347,-75.377
27317,"TYLERSVILLE",PA,41.2206,-77.6185
27334,"TYRONE",PA,40.5221,-78.34
27346,"ULEDI",PA,39.8936,-79.7856
27353,"ULSTER",PA,41.814,-76.5496
27358,"ULYSSES",PA,41.8437,-77.7574
27407,"UNION CITY",PA,41.9416,-79.846
27409,"UNION DALE",PA,41.699,-75.5293
27435,"UNIONTOWN",PA,39.9449,-79.7701
27445,"UNIONVILLE",PA,39.9012,-75.7502
27450,"UNITED",PA,40.3602,-79.4398
27455,"UNITY HOUSE",PA,41.3409,-75.0241
27456,"UNITYVILLE",PA,41.2272,-76.6462
27464,"UNIVERSITY PARK",PA,40.7997,-77.8623
27471,"UPPER BLACK EDDY",PA,40.5291,-75.1243
27472,"UPPER DARBY",PA,39.9517,-75.2854
27482,"UPPERSTRASBURG",PA,40.0548,-77.7759
27502,"URSINA",PA,39.8173,-79.3306
27516,"UTICA",PA,41.3981,-79.7388
27522,"UWCHLAND",PA,40.098,-75.688
27544,"VALENCIA",PA,40.7107,-79.9371
27554,"VALIER",PA,41.1411,-78.9629
27573,"VALLEY FORGE",PA,40.099,-75.4691
27587,"VALLEY VIEW",PA,40.6459,-76.5324
27622,"VAN VOORHIS",PA,40.1101,-80.0318
27642,"VANDERBILT",PA,40.0107,-79.7508
27645,"VANDERGRIFT",PA,40.4004,-79.5469
27689,"VENANGO",PA,41.764,-80.0982
27693,"VENETIA",PA,40.2443,-80.2478
27705,"VENUS",PA,41.3981,-79.7388
27761,"VERONA",PA,40.3515,-80.0116
27779,"VESTABURG",PA,40.0238,-80.0077
27794,"VICKSBURG",PA,40.9781,-77.0818
27834,"VILLA MARIA",PA,40.9897,-80.3084
27846,"VILLANOVA",PA,40.0279,-75.3695
27877,"VINTONDALE",PA,40.4377,-78.925
27902,"VIRGINVILLE",PA,40.5268,-75.8697
27910,"VOLANT",PA,41.0895,-80.1935
27930,"VOWINCKEL",PA,41.2023,-79.4538
27980,"WAGONTOWN",PA,39.9832,-75.7481
28088,"WALLACETON",PA,40.9616,-78.2926
28099,"WALLINGFORD",PA,39.8967,-75.3704
28118,"WALNUT BOTTOM",PA,40.1041,-77.4728
28131,"WALNUTPORT",PA,40.7596,-75.4285
28139,"WALSTON",PA,41.1411,-78.9629
28143,"WALTERSBURG",PA,39.9763,-79.7689
28162,"WAMPUM",PA,40.8933,-80.3377
28185,"WAPWALLOPEN",PA,41.1427,-76.0399
28209,"WARFORDSBURG",PA,39.9438,-78.1223
28216,"WARMINSTER",PA,40.2066,-75.0998
28238,"WARREN",PA,41.8438,-79.145
28242,"WARREN CENTER",PA,41.772,-76.5213
28243,"WARRENDALE",PA,40.6532,-80.0795
28256,"WARRINGTON",PA,40.2448,-75.1426
28259,"WARRIORS MARK",PA,40.6921,-78.165
28310,"WASHINGTON",PA,40.1354,-80.1467
28316,"WASHINGTON BORO",PA,39.9907,-76.4349
28318,"WASHINGTON CROSSING",PA,40.2849,-74.8778
28325,"WASHINGTONVILLE",PA,41.0273,-76.6536
28351,"WATERFALL",PA,39.9438,-78.1223
28360,"WATERFORD",PA,41.9706,-79.9976
28393,"WATERVILLE",PA,41.3786,-77.3313
28417,"WATSONTOWN",PA,41.098,-76.8503
28422,"WATTSBURG",PA,42.0304,-79.829
28467,"WAVERLY",PA,41.5238,-75.6906
28488,"WAYMART",PA,41.6134,-75.3712
28497,"WAYNE",PA,40.0441,-75.3879
28502,"WAYNESBORO",PA,39.7936,-77.5923
28507,"WAYNESBURG",PA,39.8748,-80.0806
28524,"WEATHERLY",PA,40.9114,-75.779
28548,"WEBSTER",PA,40.3602,-79.4398
28562,"WEEDVILLE",PA,41.2791,-78.5279
28569,"WEIKERT",PA,40.9781,-77.0818
28602,"WELLERSBURG",PA,39.7299,-78.8441
28632,"WELLS TANNERY",PA,39.9438,-78.1223
28633,"WELLSBORO",PA,41.8623,-77.259
28644,"WELLSVILLE",PA,40.0188,-76.7848
28651,"WENDEL",PA,40.294,-79.6866
28671,"WERNERSVILLE",PA,40.3372,-75.9518
28683,"WEST ALEXANDER",PA,40.1281,-80.2702
28715,"WEST CHESTER",PA,39.9605,-75.6053
28733,"WEST DECATUR",PA,40.9891,-78.4224
28740,"WEST ELIZABETH",PA,40.2716,-79.8966
28750,"WEST FINLEY",PA,40.0247,-80.4297
28764,"WEST GROVE",PA,39.8414,-75.8479
28778,"WEST HICKORY",PA,41.4759,-79.2391
28795,"WEST LEBANON",PA,40.5838,-79.3423
28796,"WEST LEISENRING",PA,39.9561,-79.7007
28811,"WEST MIDDLESEX",PA,41.2384,-80.3008
28813,"WEST MIDDLETOWN",PA,40.2417,-80.4242
28814,"WEST MIFFLIN",PA,40.3605,-79.9077
28820,"WEST MILTON",PA,41.0179,-76.8708
28832,"WEST NEWTON",PA,40.2018,-79.7272
28845,"WEST PITTSBURG",PA,40.9301,-80.3611
28857,"WEST POINT",PA,40.2033,-75.3019
28874,"WEST SALISBURY",PA,40.0035,-79.038
28881,"WEST SPRINGFIELD",PA,41.9356,-80.4715
28886,"WEST SUNBURY",PA,41.0218,-79.8843
28908,"WEST WILLOW",PA,39.9723,-76.2873
28945,"WESTFIELD",PA,41.9193,-77.523
28963,"WESTLAND",PA,40.2775,-80.2731
28965,"WESTLINE",PA,41.8011,-78.5797
28979,"WESTMORELAND CITY",PA,40.3294,-79.6806
28991,"WESTON",PA,40.9448,-76.1452
28999,"WESTOVER",PA,40.7452,-78.6768
29013,"WESTPORT",PA,41.2708,-77.9697
29020,"WESTTOWN",PA,39.9328,-75.5448
29044,"WEXFORD",PA,40.4344,-80.0248
29068,"WHEATLAND",PA,41.2003,-80.5027
29099,"WHITE",PA,40.0759,-79.4528
29109,"WHITE DEER",PA,40.9781,-77.0818
29117,"WHITE HAVEN",PA,41.1145,-75.9092
29128,"WHITE MILLS",PA,41.5406,-75.2229
29170,"WHITEHALL",PA,40.6567,-75.5041
29232,"WHITNEY",PA,40.2483,-79.4086
29254,"WICKHAVEN",PA,40.1178,-79.7718
29259,"WICONISCO",PA,40.5737,-76.6569
29263,"WIDNOON",PA,40.8478,-79.4516
29275,"WILBURTON",PA,40.8154,-76.3686
29278,"WILCOX",PA,41.573,-78.6653
29294,"WILDWOOD",PA,40.4344,-80.0248
29299,"WILKES BARRE",PA,41.247,-75.8734
29337,"WILLIAMSBURG",PA,40.4025,-78.2558
29345,"WILLIAMSON",PA,39.854,-77.7997
29351,"WILLIAMSPORT",PA,41.2392,-77.0324
29362,"WILLIAMSTOWN",PA,40.5883,-76.6955
29399,"WILLOW GROVE",PA,40.1619,-75.109
29401,"WILLOW HILL",PA,40.1082,-77.8072
29408,"WILLOW STREET",PA,39.9594,-76.2598
29419,"WILMERDING",PA,40.4344,-80.0248
29432,"WILMORE",PA,40.3802,-78.719
29475,"WINBURNE",PA,40.9891,-78.4224
29492,"WIND GAP",PA,40.8011,-75.311
29493,"WIND RIDGE",PA,39.9094,-80.43
29494,"WINDBER",PA,40.1804,-78.829
29519,"WINDSOR",PA,40.0066,-76.6132
29536,"WINFIELD",PA,40.9059,-76.8597
29653,"WITMER",PA,40.0484,-76.2114
29697,"WOMELSDORF",PA,40.4328,-75.9257
29701,"WOOD",PA,40.166,-78.1381
29732,"WOODBURY",PA,40.2304,-78.3589
29753,"WOODLAND",PA,40.9891,-78.4224
29764,"WOODLYN",PA,39.8769,-75.3461
29811,"WOODWARD",PA,40.8971,-77.4024
29821,"WOOLRICH",PA,41.1874,-77.3728
29833,"WORCESTER",PA,40.1929,-75.3576
29851,"WORTHINGTON",PA,40.8378,-79.6298
29855,"WORTHVILLE",PA,41.1411,-78.9629
29858,"WOXALL",PA,40.2119,-75.3559
29878,"WRIGHTSVILLE",PA,39.9945,-76.6777
29884,"WYALUSING",PA,41.6686,-76.2652
29889,"WYANO",PA,40.1962,-79.6942
29896,"WYCOMBE",PA,40.2742,-75.0205
29903,"WYNCOTE",PA,40.0856,-75.1516
29908,"WYNNEWOOD",PA,40.0514,-75.1648
29917,"WYOMING",PA,41.3372,-75.9124
29920,"WYSOX",PA,41.772,-76.5213
29955,"YATESBORO",PA,40.8478,-79.4516
29961,"YEAGERTOWN",PA,40.6445,-77.5677
29994,"YORK",PA,39.9613,-76.7316
29998,"YORK HAVEN",PA,40.0678,-76.7203
29999,"YORK NEW SALEM",PA,39.9006,-76.7896
30000,"YORK SPRINGS",PA,40.0079,-77.1002
30024,"YOUNGSTOWN",PA,40.2793,-79.3661
30029,"YOUNGSVILLE",PA,41.8237,-79.2013
30031,"YOUNGWOOD",PA,40.2405,-79.5059
30042,"YUKON",PA,40.2227,-79.6911
30072,"ZELIENOPLE",PA,40.7609,-80.1094
30080,"ZIEGLERVILLE",PA,40.2901,-75.503
30084,"ZION GROVE",PA,40.9141,-76.1931
30085,"ZIONHILL",PA,40.3286,-75.1028
30087,"ZIONSVILLE",PA,40.4672,-75.5121
30094,"ZULLINGER",PA,39.7714,-77.627
