30002,"33.771704",-84.23937,Avondale Estates,GA,Dekalb
30003,"33.960353",-84.037859,Norcross,GA,Gwinnett
30004,"34.112373",-84.30205,Alpharetta,GA,Fulton
30005,"34.078229",-84.228131,Alpharetta,GA,Fulton
30006,"33.912473",-84.557181,Marietta,GA,Cobb
30007,"33.912473",-84.557181,Marietta,GA,Cobb
30008,"33.897203",-84.591983,Marietta,GA,Cobb
30009,"33.844371",-84.47405,Alpharetta,GA,Fulton
30010,"33.960353",-84.037859,Norcross,GA,Gwinnett
30011,"34.019109",-83.826094,Auburn,GA,Barrow
30012,"33.719178",-84.002061,Conyers,GA,Rockdale
30013,"33.643597",-83.968359,Conyers,GA,Rockdale
30014,"33.529341",-83.849622,Covington,GA,Newton
30015,"33.555791",-83.864915,Covington,GA,Newton
30016,"33.514565",-83.862612,Covington,GA,Newton
30017,"33.916922",-84.040973,Grayson,GA,Gwinnett
30018,"33.717989",-83.801451,Jersey,GA,Walton
30019,"33.988309",-83.879494,Dacula,GA,Gwinnett
30021,"33.810953",-84.23797,Clarkston,GA,Dekalb
30022,"34.02679",-84.242235,Alpharetta,GA,Fulton
30023,"33.844371",-84.47405,Alpharetta,GA,Fulton
30024,"34.042479",-84.026171,Suwanee,GA,Gwinnett
30025,"33.679092",-83.683477,Social Circle,GA,Walton
30026,"33.962979",-84.092267,North Metro,GA,Gwinnett
30028,"34.193041",-84.092588,Cumming,GA,Forsyth
30029,"33.960353",-84.037859,North Metro,GA,Gwinnett
30030,"33.772554",-84.291723,Decatur,GA,Dekalb
30031,"33.891251",-84.07456,Decatur,GA,Dekalb
30032,"33.749655",-84.272871,Decatur,GA,Dekalb
30033,"33.816452",-84.285772,Decatur,GA,Dekalb
30034,"33.690757",-84.251171,Decatur,GA,Dekalb
30035,"33.732056",-84.200919,Decatur,GA,Dekalb
30036,"33.891251",-84.07456,Decatur,GA,Dekalb
30037,"33.891251",-84.07456,Decatur,GA,Dekalb
30038,"33.667509",-84.144816,Lithonia,GA,Dekalb
30039,"33.817803",-84.022911,Snellville,GA,Gwinnett
30040,"34.232095",-84.157975,Cumming,GA,Forsyth
30041,"34.203659",-84.103108,Cumming,GA,Forsyth
30042,"33.929464",-84.103226,Lawrenceville,GA,Gwinnett
30043,"34.00309",-84.012608,Lawrenceville,GA,Gwinnett
30044,"33.941847",-84.070567,Lawrenceville,GA,Gwinnett
30045,"33.936729",-83.957347,Lawrenceville,GA,Gwinnett
30046,"33.960353",-84.037859,Lawrenceville,GA,Gwinnett
30047,"33.865587",-84.072463,Lilburn,GA,Gwinnett
30048,"33.960353",-84.037859,Lilburn,GA,Gwinnett
30049,"",,Lawrenceville,GA,Gwinnett
30052,"33.876889",-83.896781,Loganville,GA,Gwinnett
30054,"33.670567",-83.874013,Oxford,GA,Newton
30055,"33.431362",-83.790756,Mansfield,GA,Jasper
30056,"33.514898",-83.70718,Newborn,GA,Newton
30058,"33.735607",-84.100915,Lithonia,GA,Dekalb
30060,"33.938206",-84.540333,Marietta,GA,Cobb
30061,"33.932842",-84.556004,Marietta,GA,Cobb
30062,"33.982269",-84.48803,Marietta,GA,Cobb
30063,"33.965294",-84.511209,Marietta,GA,Cobb
30064,"33.923652",-84.629241,Marietta,GA,Cobb
30065,"33.912473",-84.557181,Marietta,GA,Cobb
30066,"34.024849",-84.498365,Marietta,GA,Cobb
30067,"33.932551",-84.462379,Marietta,GA,Cobb
30068,"33.970894",-84.445734,Marietta,GA,Cobb
30069,"33.912473",-84.557181,Marietta,GA,Cobb
30070,"33.571234",-83.895063,Porterdale,GA,Newton
30071,"33.944461",-84.210969,Norcross,GA,Gwinnett
30072,"33.790606",-84.205269,Pine Lake,GA,Dekalb
30074,"33.891251",-84.07456,Redan,GA,Dekalb
30075,"34.055198",-84.370475,Roswell,GA,Fulton
30076,"34.027783",-84.320162,Roswell,GA,Fulton
30077,"33.844371",-84.47405,Roswell,GA,Fulton
30078,"33.863454",-84.008066,Snellville,GA,Gwinnett
30079,"33.793491",-84.258421,Scottdale,GA,Dekalb
30080,"33.864604",-84.556181,Smyrna,GA,Cobb
30081,"33.858836",-84.71062,Smyrna,GA,Cobb
30082,"33.856754",-84.534496,Smyrna,GA,Cobb
30083,"33.786405",-84.203419,Stone Mountain,GA,Dekalb
30084,"33.853945",-84.215369,Tucker,GA,Dekalb
30085,"33.891251",-84.07456,Tucker,GA,Dekalb
30086,"33.891251",-84.07456,Stone Mountain,GA,Dekalb
30087,"33.810475",-84.136145,Stone Mountain,GA,Dekalb
30088,"33.761106",-84.176618,Stone Mountain,GA,Dekalb
30090,"33.952451",-84.547082,Marietta,GA,Cobb
30091,"33.960353",-84.037859,Norcross,GA,Gwinnett
30092,"33.910725",-84.138468,Norcross,GA,Gwinnett
30093,"33.932173",-84.181881,Norcross,GA,Gwinnett
30094,"33.611119",-84.068288,Conyers,GA,Rockdale
30095,"34.025598",-84.13045,Duluth,GA,Gwinnett
30096,"33.984534",-84.152915,Duluth,GA,Gwinnett
30097,"34.006019",-84.144674,Duluth,GA,Gwinnett
30098,"33.960353",-84.037859,Duluth,GA,Gwinnett
30099,"33.959535",-84.105011,Duluth,GA,Gwinnett
30101,"34.023398",-84.673784,Acworth,GA,Cobb
30102,"34.07068",-84.589406,Acworth,GA,Cobb
30103,"34.296339",-84.909216,Adairsville,GA,Bartow
30104,"34.053167",-85.079865,Aragon,GA,Polk
30105,"34.479253",-85.149208,Armuchee,GA,Floyd
30106,"33.836897",-84.630729,Austell,GA,Cobb
30107,"34.30116",-84.442937,Ball Ground,GA,Cherokee
30108,"33.587706",-85.123883,Bowdon,GA,Carroll
30109,"33.653355",-85.136227,Bowdon Junction,GA,Carroll
30110,"33.767997",-85.172928,Bremen,GA,Haralson
30111,"33.912473",-84.557181,Clarkdale,GA,Cobb
30113,"33.836682",-85.210444,Buchanan,GA,Haralson
30114,"34.250547",-84.49093,Canton,GA,Cherokee
30115,"34.199345",-84.419935,Canton,GA,Cherokee
30116,"33.604458",-85.04987,Carrollton,GA,Carroll
30117,"33.566767",-85.078863,Carrollton,GA,Carroll
30118,"33.571176",-85.09612,Carrollton,GA,Carroll
30119,"33.618931",-85.073582,Carrollton,GA,Carroll
30120,"34.200787",-84.847108,Cartersville,GA,Bartow
30121,"34.20787",-84.76727,Cartersville,GA,Bartow
30122,"33.765457",-84.646946,Lithia Springs,GA,Douglas
30123,"34.244179",-84.845684,Cassville,GA,Bartow
30124,"34.16159",-85.33281,Cave Spring,GA,Floyd
30125,"33.998841",-85.239429,Cedartown,GA,Polk
30126,"33.833161",-84.603102,Mableton,GA,Cobb
30127,"33.91351",-84.685885,Powder Springs,GA,Cobb
30129,"34.333308",-85.233721,Coosa,GA,Floyd
30132,"33.935396",-84.866654,Dallas,GA,Paulding
30133,"33.68966",-84.744595,Douglasville,GA,Douglas
30134,"33.759543",-84.777337,Douglasville,GA,Douglas
30135,"33.667491",-84.750615,Douglasville,GA,Douglas
30137,"34.118352",-84.762315,Emerson,GA,Bartow
30138,"33.99994",-85.172297,Esom Hill,GA,Polk
30139,"34.462493",-84.743027,Fairmount,GA,Gordon
30140,"33.88232",-85.234946,Felton,GA,Haralson
30141,"33.879416",-84.844274,Hiram,GA,Paulding
30142,"34.242944",-84.458326,Holly Springs,GA,Cherokee
30143,"34.469042",-84.428243,Jasper,GA,Pickens
30144,"34.03384",-84.597433,Kennesaw,GA,Cobb
30145,"34.233908",-84.962055,Kingston,GA,Bartow
30146,"34.242944",-84.458326,Lebanon,GA,Cherokee
30147,"34.152211",-85.220364,Lindale,GA,Floyd
30148,"34.439829",-84.302964,Marble Hill,GA,Pickens
30149,"34.280355",-85.182085,Mount Berry,GA,Floyd
30150,"33.643002",-85.181782,Mount Zion,GA,Carroll
30151,"34.242944",-84.458326,Nelson,GA,Cherokee
30152,"33.995132",-84.654385,Kennesaw,GA,Cobb
30153,"33.993766",-85.091511,Rockmart,GA,Polk
30154,"33.68966",-84.744595,Douglasville,GA,Douglas
30156,"",,Kennesaw,GA,Cobb
30157,"33.90448",-84.862139,Dallas,GA,Paulding
30160,"",,Kennesaw,GA,Cobb
30161,"34.262335",-85.22089,Rome,GA,Floyd
30162,"34.290508",-85.213817,Rome,GA,Floyd
30163,"34.333308",-85.233721,Rome,GA,Floyd
30164,"34.333308",-85.233721,Rome,GA,Floyd
30165,"34.315817",-85.272949,Rome,GA,Floyd
30168,"33.783756",-84.595232,Austell,GA,Cobb
30170,"33.524163",-85.165295,Roopville,GA,Carroll
30171,"34.337901",-84.737644,Rydal,GA,Bartow
30172,"34.333308",-85.233721,Shannon,GA,Floyd
30173,"34.145452",-85.117749,Silver Creek,GA,Floyd
30175,"34.515653",-84.523407,Talking Rock,GA,Pickens
30176,"33.770057",-85.261585,Tallapoosa,GA,Haralson
30177,"34.402724",-84.378511,Tate,GA,Pickens
30178,"34.129573",-84.973364,Taylorsville,GA,Bartow
30179,"33.73746",-85.026107,Temple,GA,Carroll
30180,"33.705546",-84.975668,Villa Rica,GA,Carroll
30182,"33.680148",-85.251297,Waco,GA,Haralson
30183,"34.338605",-84.577601,Waleska,GA,Cherokee
30184,"34.264331",-84.753929,White,GA,Bartow
30185,"33.509001",-84.910211,Whitesburg,GA,Carroll
30187,"33.659494",-84.778163,Winston,GA,Douglas
30188,"34.127398",-84.481787,Woodstock,GA,Cherokee
30189,"34.147985",-84.47725,Woodstock,GA,Cherokee
30204,"33.07577",-84.145706,Barnesville,GA,Lamar
30205,"33.30009",-84.453196,Brooks,GA,Fayette
30206,"33.104729",-84.456917,Concord,GA,Pike
30212,"33.278205",-84.288803,Experiment,GA,Spalding
30213,"33.591462",-84.608907,Fairburn,GA,Fulton
30214,"33.467941",-84.480626,Fayetteville,GA,Fayette
30215,"33.394307",-84.473778,Fayetteville,GA,Fayette
30216,"33.237156",-83.898277,Flovilla,GA,Butts
30217,"33.278005",-85.134045,Franklin,GA,Heard
30218,"33.06913",-84.613189,Gay,GA,Meriwether
30219,"33.157214",-85.170588,Glenn,GA,Heard
30220,"33.275619",-84.741266,Grantville,GA,Coweta
30222,"33.046754",-84.740188,Greenville,GA,Meriwether
30223,"33.265854",-84.289552,Griffin,GA,Spalding
30224,"33.240386",-84.273402,Griffin,GA,Spalding
30228,"33.408112",-84.273764,Hampton,GA,Henry
30229,"33.232156",-84.56854,Haralson,GA,Coweta
30230,"33.144151",-84.960566,Hogansville,GA,Troup
30232,"33.403811",-84.504403,Inman,GA,Fayette
30233,"33.319863",-83.981112,Jackson,GA,Butts
30234,"33.322351",-84.028744,Jenkinsburg,GA,Butts
30236,"33.518505",-84.337523,Jonesboro,GA,Clayton
30237,"33.500697",-84.351273,Jonesboro,GA,Clayton
30238,"33.494387",-84.379724,Jonesboro,GA,Clayton
30240,"33.024347",-85.073906,Lagrange,GA,Troup
30241,"33.024935",-84.957664,Lagrange,GA,Troup
30248,"33.372111",-84.115645,Locust Grove,GA,Henry
30250,"33.442909",-84.313582,Lovejoy,GA,Clayton
30251,"33.179184",-84.699455,Luthersville,GA,Meriwether
30252,"33.476762",-84.055005,Mcdonough,GA,Henry
30253,"33.451043",-84.154412,Mcdonough,GA,Henry
30256,"33.039123",-84.377639,Meansville,GA,Pike
30257,"33.1365",-84.148695,Milner,GA,Lamar
30258,"33.022288",-84.436925,Molena,GA,Pike
30259,"33.276279",-84.738721,Moreland,GA,Coweta
30260,"33.58016",-84.326757,Morrow,GA,Clayton
30261,"33.04567",-85.048995,Lagrange,GA,Troup
30263,"33.369595",-84.819397,Newnan,GA,Coweta
30264,"33.361003",-84.814173,Newnan,GA,Coweta
30265,"33.415987",-84.705681,Newnan,GA,Coweta
30266,"33.265656",-84.298964,Orchard Hill,GA,Spalding
30268,"33.559191",-84.710082,Palmetto,GA,Fulton
30269,"33.395759",-84.568173,Peachtree City,GA,Fayette
30271,"33.351401",-84.756109,Newnan,GA,Coweta
30272,"33.625894",-84.516327,Red Oak,GA,Fulton
30273,"33.577049",-84.272559,Rex,GA,Clayton
30274,"33.555536",-84.397997,Riverdale,GA,Clayton
30275,"33.42985",-84.874406,Sargent,GA,Coweta
30276,"33.285373",-84.602516,Senoia,GA,Coweta
30277,"33.363069",-84.659393,Sharpsburg,GA,Coweta
30281,"33.549947",-84.207969,Stockbridge,GA,Henry
30284,"33.345253",-84.289814,Sunny Side,GA,Spalding
30285,"32.965021",-84.219349,The Rock,GA,Upson
30286,"32.884509",-84.336486,Thomaston,GA,Upson
30287,"33.500697",-84.351273,Morrow,GA,Clayton
30288,"33.636858",-84.337139,Conley,GA,Dekalb
30289,"33.32603",-84.637108,Turin,GA,Coweta
30290,"33.460036",-84.585773,Tyrone,GA,Fayette
30291,"33.573098",-84.551011,Union City,GA,Fulton
30292,"33.117012",-84.399149,Williamson,GA,Pike
30293,"32.968248",-84.625409,Woodbury,GA,Meriwether
30294,"33.616559",-84.293942,Ellenwood,GA,Clayton
30295,"33.077371",-84.321736,Zebulon,GA,Pike
30296,"33.558361",-84.434776,Riverdale,GA,Clayton
30297,"33.611509",-84.374496,Forest Park,GA,Clayton
30298,"33.500697",-84.351273,Forest Park,GA,Clayton
30301,"33.844371",-84.47405,Atlanta,GA,Fulton
30302,"33.844371",-84.47405,Atlanta,GA,Fulton
30303,"33.752456",-84.392026,Atlanta,GA,Fulton
30304,"33.848196",-84.429296,Atlanta,GA,Fulton
30305,"33.834989",-84.386826,Atlanta,GA,Fulton
30306,"33.787804",-84.359775,Atlanta,GA,Fulton
30307,"33.762855",-84.357375,Atlanta,GA,Fulton
30308,"33.794055",-84.377326,Atlanta,GA,Fulton
30309,"33.797854",-84.387726,Atlanta,GA,Fulton
30310,"33.718257",-84.430877,Atlanta,GA,Fulton
30311,"33.724907",-84.468329,Atlanta,GA,Fulton
30312,"33.829743",-84.381529,Atlanta,GA,Fulton
30313,"33.760505",-84.399626,Atlanta,GA,Fulton
30314,"33.757806",-84.433649,Atlanta,GA,Fulton
30315,"33.697257",-84.383725,Atlanta,GA,Fulton
30316,"33.726906",-84.358525,Atlanta,GA,Fulton
30317,"33.753555",-84.351125,Atlanta,GA,Fulton
30318,"33.792005",-84.442778,Atlanta,GA,Fulton
30319,"33.876752",-84.329124,Atlanta,GA,Dekalb
30320,"33.656824",-84.423648,Atlanta,GA,Fulton
30321,"33.844371",-84.47405,Atlanta,GA,Fulton
30322,"33.795204",-84.324824,Atlanta,GA,Dekalb
30324,"33.820104",-84.366475,Atlanta,GA,Fulton
30325,"33.844371",-84.47405,Atlanta,GA,Fulton
30326,"33.849615",-84.360881,Atlanta,GA,Fulton
30327,"33.863953",-84.422028,Atlanta,GA,Fulton
30328,"33.933543",-84.395777,Atlanta,GA,Fulton
30329,"33.826553",-84.324874,Atlanta,GA,Dekalb
30330,"33.707107",-84.432127,Atlanta,GA,Fulton
30331,"33.724275",-84.578581,Atlanta,GA,Fulton
30332,"33.776305",-84.397976,Atlanta,GA,Fulton
30333,"33.891251",-84.07456,Atlanta,GA,Dekalb
30334,"33.702657",-84.439127,Atlanta,GA,Fulton
30336,"33.740581",-84.554542,Atlanta,GA,Fulton
30337,"33.642809",-84.461778,Atlanta,GA,Fulton
30338,"33.96685",-84.324916,Atlanta,GA,Fulton
30339,"33.906202",-84.433678,Atlanta,GA,Fulton
30340,"33.893201",-84.253871,Atlanta,GA,Dekalb
30341,"33.890102",-84.278222,Atlanta,GA,Dekalb
30342,"33.881052",-84.379476,Atlanta,GA,Fulton
30343,"33.844371",-84.47405,Atlanta,GA,Fulton
30344,"33.691858",-84.448027,Atlanta,GA,Fulton
30345,"33.845603",-84.281422,Atlanta,GA,Dekalb
30346,"33.924401",-84.337557,Atlanta,GA,Dekalb
30347,"33.844371",-84.47405,Atlanta,GA,Fulton
30348,"33.844371",-84.47405,Atlanta,GA,Fulton
30349,"33.61806",-84.550147,Atlanta,GA,Fulton
30350,"33.9632",-84.314224,Atlanta,GA,Dekalb
30353,"33.844371",-84.47405,Atlanta,GA,Fulton
30354,"33.667508",-84.389616,Atlanta,GA,Fulton
30355,"33.844371",-84.47405,Atlanta,GA,Fulton
30356,"33.891251",-84.07456,Atlanta,GA,Dekalb
30357,"33.844371",-84.47405,Atlanta,GA,Fulton
30358,"33.998151",-84.34112,Atlanta,GA,Fulton
30359,"33.891251",-84.07456,Atlanta,GA,Dekalb
30360,"33.931069",-84.277772,Atlanta,GA,Dekalb
30361,"33.844371",-84.47405,Atlanta,GA,Fulton
30362,"33.891251",-84.07456,Atlanta,GA,Dekalb
30364,"33.844371",-84.47405,Atlanta,GA,Fulton
30366,"33.891251",-84.07456,Atlanta,GA,Dekalb
30368,"33.844371",-84.47405,Atlanta,GA,Fulton
30369,"33.844371",-84.47405,Atlanta,GA,Fulton
30370,"33.844371",-84.47405,Atlanta,GA,Fulton
30371,"33.844371",-84.47405,Atlanta,GA,Fulton
30374,"33.844371",-84.47405,Atlanta,GA,Fulton
30375,"33.844371",-84.47405,Atlanta,GA,Fulton
30376,"33.844371",-84.47405,Atlanta,GA,Fulton
30377,"33.844371",-84.47405,Atlanta,GA,Fulton
30378,"33.844371",-84.47405,Atlanta,GA,Fulton
30379,"33.844371",-84.47405,Atlanta,GA,Fulton
30380,"33.844371",-84.47405,Atlanta,GA,Fulton
30384,"33.844371",-84.47405,Atlanta,GA,Fulton
30385,"33.844371",-84.47405,Atlanta,GA,Fulton
30386,"33.844371",-84.47405,Atlanta,GA,Fulton
30387,"33.844371",-84.47405,Atlanta,GA,Fulton
30388,"33.844371",-84.47405,Atlanta,GA,Fulton
30389,"33.844371",-84.47405,Atlanta,GA,Fulton
30390,"33.844371",-84.47405,Atlanta,GA,Fulton
30392,"33.844371",-84.47405,Atlanta,GA,Fulton
30394,"33.844371",-84.47405,Atlanta,GA,Fulton
30396,"33.844371",-84.47405,Atlanta,GA,Fulton
30398,"33.844371",-84.47405,Atlanta,GA,Fulton
30399,"33.844371",-84.47405,Atlanta,GA,Fulton
30401,"32.569871",-82.346181,Swainsboro,GA,Emanuel
30410,"32.17966",-82.516557,Ailey,GA,Montgomery
30411,"32.143021",-82.82677,Alamo,GA,Wheeler
30412,"32.077458",-82.482488,Alston,GA,Montgomery
30413,"32.88914",-82.466644,Bartow,GA,Jefferson
30414,"32.163392",-81.87191,Bellville,GA,Evans
30415,"32.352307",-81.6571,Brooklet,GA,Bulloch
30417,"32.160611",-81.923832,Claxton,GA,Evans
30420,"32.10597",-82.03389,Cobbtown,GA,Tattnall
30421,"32.058597",-82.027358,Collins,GA,Tattnall
30423,"32.163392",-81.87191,Daisy,GA,Evans
30424,"32.767634",-81.629062,Dover,GA,Screven
30425,"32.654937",-82.100208,Garfield,GA,Emanuel
30426,"33.05387",-81.684489,Girard,GA,Burke
30427,"32.066649",-82.012344,Glennville,GA,Tattnall
30428,"32.118831",-82.724555,Glenwood,GA,Wheeler
30429,"32.152808",-81.925865,Hagan,GA,Evans
30434,"33.028798",-82.437965,Louisville,GA,Jefferson
30436,"32.129147",-82.330546,Lyons,GA,Toombs
30438,"32.050694",-81.998348,Manassas,GA,Tattnall
30439,"32.39938",-82.048201,Metter,GA,Candler
30441,"32.926431",-82.172337,Midville,GA,Burke
30442,"32.779376",-81.973904,Millen,GA,Jenkins
30445,"32.183157",-82.566698,Mount Vernon,GA,Montgomery
30446,"32.580957",-81.482625,Newington,GA,Screven
30447,"32.504092",-82.484754,Norristown,GA,Emanuel
30448,"32.475892",-82.372622,Nunez,GA,Emanuel
30449,"32.528104",-81.533198,Oliver,GA,Screven
30450,"32.552055",-81.924195,Portal,GA,Bulloch
30451,"32.414349",-82.086658,Pulaski,GA,Candler
30452,"32.398006",-81.889152,Register,GA,Bulloch
30453,"32.031081",-82.146011,Reidsville,GA,Tattnall
30454,"32.50631",-82.713743,Rockledge,GA,Laurens
30455,"32.722971",-81.793305,Rocky Ford,GA,Screven
30456,"32.980305",-81.84486,Sardis,GA,Burke
30457,"32.383145",-82.557135,Soperton,GA,Treutlen
30458,"32.425",-81.784956,Statesboro,GA,Bulloch
30459,"32.447036",-81.77772,Statesboro,GA,Bulloch
30460,"32.41795",-81.78233,Statesboro,GA,Bulloch
30461,"32.450032",-81.715799,Statesboro,GA,Bulloch
30464,"32.445915",-82.258728,Stillmore,GA,Emanuel
30467,"32.743851",-81.628687,Sylvania,GA,Screven
30470,"32.188768",-82.522115,Tarrytown,GA,Montgomery
30471,"32.54978",-82.183916,Twin City,GA,Emanuel
30473,"32.028823",-82.516246,Uvalda,GA,Montgomery
30474,"32.198683",-82.39208,Vidalia,GA,Toombs
30475,"32.177513",-82.373889,Vidalia,GA,Toombs
30477,"32.863678",-82.407516,Wadley,GA,Jefferson
30499,"32.050694",-81.998348,Reidsville,GA,Tattnall
30501,"34.334398",-83.837912,Gainesville,GA,Hall
30502,"34.212993",-83.794858,Chestnut Mountain,GA,Hall
30503,"34.345432",-83.950541,Gainesville,GA,Hall
30504,"34.241066",-83.886508,Gainesville,GA,Hall
30506,"34.336238",-83.860031,Gainesville,GA,Hall
30507,"34.257212",-83.824574,Gainesville,GA,Hall
30510,"34.50429",-83.594758,Alto,GA,Habersham
30511,"34.393713",-83.473886,Baldwin,GA,Banks
30512,"34.867512",-83.967636,Blairsville,GA,Union
30513,"34.831246",-84.331339,Blue Ridge,GA,Fannin
30514,"34.903398",-84.019157,Blairsville,GA,Union
30515,"33.960353",-84.037859,Buford,GA,Gwinnett
30516,"34.383987",-83.03321,Bowersville,GA,Hart
30517,"34.109873",-83.685149,Braselton,GA,Jackson
30518,"34.113712",-84.033984,Buford,GA,Gwinnett
30519,"34.079715",-83.930765,Buford,GA,Gwinnett
30520,"34.355933",-83.152947,Canon,GA,Franklin
30521,"34.363122",-83.254745,Carnesville,GA,Franklin
30522,"34.73249",-84.425035,Cherrylog,GA,Gilmer
30523,"34.655918",-83.508274,Clarkesville,GA,Habersham
30525,"34.886868",-83.375358,Clayton,GA,Rabun
30527,"34.397806",-83.775657,Clermont,GA,Hall
30528,"34.610466",-83.74615,Cleveland,GA,White
30529,"34.169691",-83.570671,Commerce,GA,Jackson
30530,"34.168274",-83.402226,Commerce,GA,Jackson
30531,"34.535213",-83.574032,Cornelia,GA,Habersham
30533,"34.541371",-84.024387,Dahlonega,GA,Lumpkin
30534,"34.453661",-84.155043,Dawsonville,GA,Dawson
30535,"34.631639",-83.569657,Demorest,GA,Habersham
30537,"34.97",-83.357507,Dillard,GA,Rabun
30538,"34.53512",-83.258748,Eastanollee,GA,Stephens
30539,"34.658482",-84.493207,East Ellijay,GA,Gilmer
30540,"34.70129",-84.449007,Ellijay,GA,Gilmer
30541,"34.92873",-84.436752,Epworth,GA,Fannin
30542,"34.282818",-83.891451,Flowery Branch,GA,Hall
30543,"34.364396",-83.735421,Gillsville,GA,Hall
30544,"34.593092",-83.562922,Demorest,GA,Habersham
30545,"34.729196",-83.720937,Helen,GA,White
30546,"34.906339",-83.72739,Hiawassee,GA,Towns
30547,"34.373145",-83.491925,Homer,GA,Banks
30548,"34.099031",-83.71817,Hoschton,GA,Jackson
30549,"34.10601",-83.589021,Jefferson,GA,Jackson
30552,"34.78992",-83.443351,Lakemont,GA,Rabun
30553,"34.408031",-83.144241,Lavonia,GA,Franklin
30554,"34.41088",-83.703923,Lula,GA,Hall
30555,"34.936986",-84.403709,Mc Caysville,GA,Fannin
30557,"34.527955",-83.23208,Martin,GA,Stephens
30558,"34.329372",-83.543357,Maysville,GA,Banks
30559,"34.936697",-84.268863,Mineral Bluff,GA,Fannin
30560,"34.86263",-84.248612,Morganton,GA,Fannin
30562,"34.914393",-83.402766,Mountain City,GA,Rabun
30563,"34.541683",-83.52283,Mount Airy,GA,Habersham
30564,"34.445369",-83.906516,Murrayville,GA,Hall
30565,"34.113429",-83.474576,Nicholson,GA,Jackson
30566,"34.239428",-83.897612,Oakwood,GA,Hall
30567,"34.159431",-83.59706,Pendergrass,GA,Jackson
30568,"34.944609",-83.381415,Rabun Gap,GA,Rabun
30571,"34.66578",-83.709564,Sautee Nacoochee,GA,White
30572,"34.712091",-84.027629,Suches,GA,Union
30573,"34.742007",-83.397716,Tallulah Falls,GA,Rabun
30575,"34.195058",-83.713188,Talmo,GA,Jackson
30576,"34.856395",-83.457267,Tiger,GA,Rabun
30577,"34.554103",-83.288828,Toccoa,GA,Stephens
30580,"34.676584",-83.43578,Turnerville,GA,Habersham
30581,"34.804473",-83.419137,Wiley,GA,Rabun
30582,"34.934417",-83.828504,Young Harris,GA,Towns
30596,"34.629391",-83.509934,Alto,GA,Habersham
30597,"34.527671",-83.980879,Dahlonega,GA,Lumpkin
30598,"34.59179",-83.352534,Toccoa Falls,GA,Stephens
30599,"34.130594",-83.587419,Commerce,GA,Jackson
30601,"33.992902",-83.353697,Athens,GA,Clarke
30602,"33.925971",-83.365029,Athens,GA,Clarke
30603,"33.947587",-83.408897,Athens,GA,Clarke
30604,"33.944339",-83.38908,Athens,GA,Clarke
30605,"33.923088",-83.364038,Athens,GA,Clarke
30606,"33.951348",-83.43064,Athens,GA,Clarke
30607,"33.998267",-83.439569,Athens,GA,Clarke
30608,"33.944339",-83.38908,Athens,GA,Clarke
30609,"33.946364",-83.37743,Athens,GA,Clarke
30612,"33.944339",-83.38908,Athens,GA,Clarke
30619,"33.888662",-83.222254,Arnoldsville,GA,Oglethorpe
30620,"33.943652",-83.721536,Bethlehem,GA,Barrow
30621,"33.805718",-83.48171,Bishop,GA,Oconee
30622,"33.901988",-83.518452,Bogart,GA,Oconee
30623,"33.754235",-83.511055,Bostwick,GA,Morgan
30624,"34.164131",-82.957102,Bowman,GA,Elbert
30625,"33.525614",-83.365611,Buckhead,GA,Morgan
30627,"34.05918",-83.099349,Carlton,GA,Madison
30628,"34.088156",-83.202379,Colbert,GA,Madison
30629,"34.105661",-83.144463,Comer,GA,Madison
30630,"33.907589",-83.164573,Crawford,GA,Oglethorpe
30631,"33.577007",-82.858099,Crawfordville,GA,Taliaferro
30633,"34.152968",-83.262772,Danielsville,GA,Madison
30634,"34.185291",-82.943399,Dewy Rose,GA,Elbert
30635,"34.129737",-82.840971,Elberton,GA,Elbert
30638,"33.755811",-83.420094,Farmington,GA,Oconee
30639,"34.274306",-83.147024,Franklin Springs,GA,Franklin
30641,"33.778257",-83.580359,Good Hope,GA,Walton
30642,"33.560655",-83.193389,Greensboro,GA,Greene
30643,"34.361177",-82.941703,Hartwell,GA,Hart
30645,"33.801274",-83.516374,High Shoals,GA,Morgan
30646,"34.088693",-83.30911,Hull,GA,Madison
30647,"34.120239",-83.288117,Ila,GA,Madison
30648,"33.85281",-83.020293,Lexington,GA,Oglethorpe
30650,"33.591117",-83.492928,Madison,GA,Morgan
30655,"33.788322",-83.701264,Monroe,GA,Walton
30656,"33.838638",-83.710359,Monroe,GA,Walton
30660,"33.763817",-82.899831,Rayle,GA,Wilkes
30662,"34.297968",-83.192787,Royston,GA,Franklin
30663,"33.61101",-83.602459,Rutledge,GA,Morgan
30664,"33.559964",-82.794766,Sharon,GA,Taliaferro
30665,"33.561871",-83.074186,Siloam,GA,Greene
30666,"33.980323",-83.590148,Statham,GA,Barrow
30667,"33.804626",-83.151661,Stephens,GA,Oglethorpe
30668,"33.877751",-82.747023,Tignall,GA,Wilkes
30669,"33.634342",-83.122065,Union Point,GA,Greene
30671,"33.740502",-83.1706,Maxeys,GA,Oglethorpe
30673,"33.73149",-82.710833,Washington,GA,Wilkes
30677,"33.81673",-83.43347,Watkinsville,GA,Oconee
30678,"33.458056",-83.08023,White Plains,GA,Greene
30680,"33.987138",-83.698498,Winder,GA,Barrow
30683,"33.930735",-83.292152,Winterville,GA,Clarke
30701,"34.496921",-84.887942,Calhoun,GA,Gordon
30703,"34.479066",-84.762161,Calhoun,GA,Gordon
30705,"34.785543",-84.771623,Chatsworth,GA,Murray
30707,"34.76416",-85.353517,Chickamauga,GA,Walker
30708,"34.872473",-84.75688,Cisco,GA,Murray
30710,"34.867821",-84.919498,Cohutta,GA,Whitfield
30711,"34.887628",-84.744577,Crandall,GA,Murray
30719,"34.801861",-84.989796,Dalton,GA,Whitfield
30720,"34.791428",-84.992771,Dalton,GA,Whitfield
30721,"34.788493",-84.91381,Dalton,GA,Whitfield
30722,"34.759522",-84.951261,Dalton,GA,Whitfield
30724,"34.78783",-84.777863,Eton,GA,Murray
30725,"34.846843",-85.238041,Flintstone,GA,Walker
30726,"34.980249",-85.140798,Graysville,GA,Catoosa
30728,"34.697006",-85.255273,La Fayette,GA,Walker
30730,"34.392073",-85.417428,Lyerly,GA,Chattooga
30731,"34.518597",-85.414081,Menlo,GA,Chattooga
30732,"34.569015",-84.711863,Oakman,GA,Gordon
30733,"34.414048",-85.052629,Plainville,GA,Gordon
30734,"34.535071",-84.724186,Ranger,GA,Gordon
30735,"34.583318",-84.906803,Resaca,GA,Gordon
30736,"34.888709",-85.118699,Ringgold,GA,Catoosa
30738,"34.813904",-85.501868,Rising Fawn,GA,Dade
30739,"34.801819",-85.212809,Rock Spring,GA,Walker
30740,"34.766976",-85.072681,Rocky Face,GA,Whitfield
30741,"34.798084",-85.246291,Rossville,GA,Walker
30742,"34.931497",-85.175034,Fort Oglethorpe,GA,Catoosa
30746,"34.571753",-85.025616,Sugar Valley,GA,Gordon
30747,"34.484159",-85.315546,Summerville,GA,Chattooga
30750,"34.93473",-85.384631,Lookout Mountain,GA,Walker
30751,"34.981449",-84.735233,Tennga,GA,Murray
30752,"34.871687",-85.50208,Trenton,GA,Dade
30753,"34.532713",-85.368362,Trion,GA,Chattooga
30755,"34.875416",-85.050047,Tunnel Hill,GA,Whitfield
30756,"34.9298",-84.988536,Varnell,GA,Whitfield
30757,"34.922998",-85.448302,Wildwood,GA,Dade
30802,"33.573999",-82.312058,Appling,GA,Columbia
30803,"33.141307",-82.527009,Avera,GA,Jefferson
30805,"33.359709",-82.198897,Blythe,GA,Richmond
30806,"33.527993",-82.5104,Boneville,GA,Mcduffie
30807,"33.447102",-82.642214,Camak,GA,Warren
30808,"33.404395",-82.401622,Dearing,GA,Mcduffie
30809,"33.551132",-82.143617,Evans,GA,Columbia
30810,"33.223471",-82.599738,Gibson,GA,Glascock
30811,"33.050487",-81.929165,Gough,GA,Burke
30812,"33.386041",-82.090996,Gracewood,GA,Richmond
30813,"33.466721",-82.213991,Grovetown,GA,Columbia
30814,"33.456131",-82.307337,Harlem,GA,Columbia
30815,"33.32229",-82.058032,Hephzibah,GA,Richmond
30816,"33.155067",-82.134871,Keysville,GA,Burke
30817,"33.812714",-82.453456,Lincolnton,GA,Lincoln
30818,"33.189975",-82.34339,Matthews,GA,Jefferson
30819,"33.432384",-82.625213,Mesena,GA,Warren
30820,"33.231593",-82.631164,Mitchell,GA,Glascock
30821,"33.484966",-82.718794,Norwood,GA,Warren
30822,"32.873466",-81.875482,Perkins,GA,Jenkins
30823,"33.181447",-82.438568,Stapleton,GA,Jefferson
30824,"33.494908",-82.513847,Thomson,GA,Mcduffie
30828,"33.406118",-82.641067,Warrenton,GA,Warren
30830,"33.080724",-81.986767,Waynesboro,GA,Burke
30833,"33.192426",-82.361546,Wrens,GA,Jefferson
30901,"33.456687",-81.969184,Augusta,GA,Richmond
30903,"33.386041",-82.090996,Augusta,GA,Richmond
30904,"33.478686",-82.015988,Augusta,GA,Richmond
30905,"33.412986",-82.133732,Augusta,GA,Richmond
30906,"33.358865",-82.009938,Augusta,GA,Richmond
30907,"33.457921",-82.068935,Augusta,GA,Richmond
30909,"33.416616",-82.055973,Augusta,GA,Richmond
30910,"33.386041",-82.090996,Augusta,GA,Richmond
30911,"33.386041",-82.090996,Augusta,GA,Richmond
30912,"33.386041",-82.090996,Augusta,GA,Richmond
30913,"33.386041",-82.090996,Augusta,GA,Richmond
30914,"33.386041",-82.090996,Augusta,GA,Richmond
30916,"33.386041",-82.090996,Augusta,GA,Richmond
30917,"33.527678",-82.235542,Augusta,GA,Columbia
30919,"33.386041",-82.090996,Augusta,GA,Richmond
30999,"33.386041",-82.090996,Augusta,GA,Richmond
31001,"31.977048",-83.372515,Abbeville,GA,Wilcox
31002,"32.56887",-82.540305,Adrian,GA,Emanuel
31003,"32.606433",-83.20951,Allentown,GA,Wilkinson
31004,"32.946971",-83.800628,Bolingbroke,GA,Monroe
31005,"32.539506",-83.662733,Bonaire,GA,Houston
31006,"32.572668",-84.226075,Butler,GA,Taylor
31007,"32.185828",-83.901376,Byromville,GA,Dooly
31008,"32.618051",-83.788976,Byron,GA,Peach
31009,"32.303915",-83.009422,Cadwell,GA,Laurens
31010,"31.917178",-83.785365,Cordele,GA,Crisp
31011,"32.150374",-83.055544,Chauncey,GA,Dodge
31012,"32.310632",-83.160882,Chester,GA,Dodge
31013,"32.338639",-83.692562,Clinchfield,GA,Houston
31014,"32.383904",-83.321095,Cochran,GA,Bleckley
31015,"31.919861",-83.777354,Cordele,GA,Crisp
31016,"32.900292",-84.062584,Culloden,GA,Monroe
31017,"32.607654",-83.269106,Danville,GA,Twiggs
31018,"32.968449",-82.648357,Davisboro,GA,Washington
31019,"32.428425",-83.044502,Dexter,GA,Laurens
31020,"32.715133",-83.455788,Dry Branch,GA,Twiggs
31021,"32.459291",-82.938121,Dublin,GA,Laurens
31022,"32.505705",-83.108975,Dudley,GA,Laurens
31023,"32.143564",-83.194358,Eastman,GA,Dodge
31024,"33.320818",-83.355865,Eatonton,GA,Putnam
31025,"32.360242",-83.749048,Elko,GA,Houston
31027,"32.552377",-82.781684,Dublin,GA,Laurens
31028,"32.56822",-83.70177,Centerville,GA,Houston
31029,"33.025944",-83.915021,Forsyth,GA,Monroe
31030,"32.560698",-83.854528,Fort Valley,GA,Peach
31031,"32.881267",-83.302945,Gordon,GA,Wilkinson
31032,"32.991607",-83.567362,Gray,GA,Jones
31033,"33.056543",-83.424672,Haddock,GA,Jones
31034,"33.022658",-83.246975,Hardwick,GA,Baldwin
31035,"32.855295",-82.702399,Harrison,GA,Washington
31036,"32.275664",-83.49009,Hawkinsville,GA,Pulaski
31037,"32.047457",-82.9747,Helena,GA,Telfair
31038,"33.207511",-83.618059,Hillsboro,GA,Jasper
31039,"32.559781",-84.227675,Howard,GA,Taylor
31040,"32.540073",-82.914974,Dublin,GA,Laurens
31041,"32.372937",-84.212159,Ideal,GA,Macon
31042,"32.751414",-83.145237,Irwinton,GA,Wilkinson
31044,"32.661271",-83.331033,Jeffersonville,GA,Twiggs
31045,"33.296633",-82.755599,Jewell,GA,Warren
31046,"33.027607",-83.803166,Juliette,GA,Monroe
31047,"32.454331",-83.646436,Kathleen,GA,Houston
31049,"32.698954",-82.525306,Kite,GA,Johnson
31050,"32.715632",-83.915762,Knoxville,GA,Crawford
31051,"32.146879",-83.891349,Lilly,GA,Dooly
31052,"32.783332",-83.823023,Lizella,GA,Crawford
31054,"32.886524",-83.231724,Mc Intyre,GA,Wilkinson
31055,"32.047918",-82.910927,Mc Rae,GA,Telfair
31057,"32.438321",-83.905039,Marshallville,GA,Macon
31058,"32.559781",-84.227675,Mauk,GA,Taylor
31059,"",,Milledgeville,GA,Baldwin
31060,"31.964005",-82.926588,Milan,GA,Telfair
31061,"33.072279",-83.239008,Milledgeville,GA,Baldwin
31062,"33.087138",-83.22492,Milledgeville,GA,Baldwin
31063,"32.240448",-83.863997,Montezuma,GA,Macon
31064,"33.337906",-83.698508,Monticello,GA,Jasper
31065,"32.56204",-83.159741,Montrose,GA,Laurens
31066,"32.786842",-83.979228,Musella,GA,Crawford
31067,"32.876666",-82.946903,Oconee,GA,Washington
31068,"32.327479",-84.101472,Oglethorpe,GA,Macon
31069,"32.43194",-83.722649,Perry,GA,Houston
31070,"32.182652",-83.778422,Pinehurst,GA,Dooly
31071,"32.09813",-83.504479,Pineview,GA,Wilcox
31072,"31.948637",-83.539522,Pitts,GA,Wilcox
31073,"32.176429",-83.122891,Plainfield,GA,Dodge
31075,"32.379902",-82.966995,Rentz,GA,Laurens
31076,"32.551695",-84.092715,Reynolds,GA,Taylor
31077,"32.176429",-83.122891,Rhine,GA,Dodge
31078,"32.687207",-84.010581,Roberta,GA,Crawford
31079,"31.948411",-83.453578,Rochelle,GA,Wilcox
31081,"32.559781",-84.227675,Rupert,GA,Taylor
31082,"32.974982",-82.840564,Sandersville,GA,Washington
31083,"32.084139",-82.912341,Scotland,GA,Telfair
31084,"31.989039",-83.394574,Seville,GA,Wilcox
31085,"33.435022",-83.626885,Shady Dale,GA,Jasper
31086,"32.989503",-83.876108,Smarr,GA,Monroe
31087,"33.257068",-83.08922,Sparta,GA,Hancock
31088,"32.555039",-83.644751,Warner Robins,GA,Houston
31089,"32.873449",-82.782879,Tennille,GA,Washington
31090,"32.806595",-83.066814,Toomsboro,GA,Wilkinson
31091,"32.219249",-83.731718,Unadilla,GA,Dooly
31092,"32.115981",-83.791644,Vienna,GA,Dooly
31093,"32.587303",-83.658174,Warner Robins,GA,Houston
31094,"33.07975",-82.805591,Warthen,GA,Washington
31095,"32.487403",-83.669655,Warner Robins,GA,Houston
31096,"32.635692",-82.657495,Wrightsville,GA,Johnson
31097,"32.901627",-84.212644,Yatesville,GA,Upson
31098,"32.49372",-83.640099,Warner Robins,GA,Houston
31099,"32.646236",-83.6513,Warner Robins,GA,Houston
31106,"33.844371",-84.47405,Atlanta,GA,Fulton
31107,"33.844371",-84.47405,Atlanta,GA,Fulton
31119,"33.891251",-84.07456,Atlanta,GA,Dekalb
31126,"33.844371",-84.47405,Atlanta,GA,Fulton
31131,"33.844371",-84.47405,Atlanta,GA,Fulton
31139,"33.844371",-84.47405,Atlanta,GA,Fulton
31141,"33.891251",-84.07456,Atlanta,GA,Dekalb
31145,"33.891251",-84.07456,Atlanta,GA,Dekalb
31146,"33.891251",-84.07456,Atlanta,GA,Dekalb
31150,"33.844371",-84.47405,Atlanta,GA,Fulton
31156,"33.844371",-84.47405,Atlanta,GA,Fulton
31191,"33.844371",-84.47405,Atlanta,GA,Fulton
31192,"33.844371",-84.47405,Atlanta,GA,Fulton
31193,"33.844371",-84.47405,Atlanta,GA,Fulton
31195,"33.844371",-84.47405,Atlanta,GA,Fulton
31196,"33.844371",-84.47405,Atlanta,GA,Fulton
31197,"33.844371",-84.47405,Atlanta,GA,Fulton
31198,"33.844371",-84.47405,Atlanta,GA,Fulton
31199,"33.844371",-84.47405,Atlanta,GA,Fulton
31201,"32.827949",-83.595066,Macon,GA,Bibb
31202,"32.806707",-83.691315,Macon,GA,Bibb
31203,"32.806707",-83.691315,Macon,GA,Bibb
31204,"32.852249",-83.667064,Macon,GA,Bibb
31205,"32.806707",-83.691315,Macon,GA,Bibb
31206,"32.834861",-83.668091,Macon,GA,Bibb
31207,"32.830389",-83.648552,Macon,GA,Bibb
31208,"32.806707",-83.691315,Macon,GA,Bibb
31209,"32.806707",-83.691315,Macon,GA,Bibb
31210,"32.843368",-83.680078,Macon,GA,Bibb
31211,"32.866987",-83.607363,Macon,GA,Bibb
31212,"32.806707",-83.691315,Macon,GA,Bibb
31213,"32.839289",-83.638752,Macon,GA,Bibb
31216,"32.74857",-83.747721,Macon,GA,Bibb
31217,"32.811767",-83.565009,Macon,GA,Bibb
31220,"32.859461",-83.802047,Macon,GA,Bibb
31221,"32.806707",-83.691315,Macon,GA,Bibb
31294,"32.806707",-83.691315,Macon,GA,Bibb
31295,"32.810189",-83.569001,Macon,GA,Bibb
31296,"32.806707",-83.691315,Macon,GA,Bibb
31297,"32.70045",-83.657207,Macon,GA,Bibb
31298,"32.87333",-83.708399,Macon,GA,Bibb
31299,"32.806707",-83.691315,Macon,GA,Bibb
31301,"31.779116",-81.60385,Allenhurst,GA,Liberty
31302,"32.107103",-81.291335,Bloomingdale,GA,Chatham
31303,"32.488015",-81.322392,Clyo,GA,Effingham
31304,"31.495071",-81.381908,Crescent,GA,Mcintosh
31305,"31.413831",-81.369263,Darien,GA,Mcintosh
31307,"32.174021",-81.353756,Eden,GA,Effingham
31308,"32.159233",-81.502963,Ellabell,GA,Bryan
31309,"31.87673",-81.457959,Fleming,GA,Liberty
31310,"31.806832",-81.437074,Hinesville,GA,Liberty
31312,"32.331563",-81.384181,Guyton,GA,Effingham
31313,"31.804838",-81.523649,Hinesville,GA,Liberty
31314,"31.806832",-81.437074,Fort Stewart,GA,Liberty
31315,"31.844332",-81.654696,Fort Stewart,GA,Liberty
31316,"31.780996",-81.773916,Ludowici,GA,Long
31318,"32.149861",-81.372184,Meldrim,GA,Effingham
31319,"31.459045",-81.368884,Meridian,GA,Mcintosh
31320,"31.778847",-81.420626,Midway,GA,Liberty
31321,"32.009967",-81.514752,Pembroke,GA,Bryan
31322,"32.071917",-81.083881,Pooler,GA,Chatham
31323,"31.785934",-81.57385,Riceboro,GA,Liberty
31324,"31.951531",-81.407336,Richmond Hill,GA,Bryan
31326,"32.285205",-81.287526,Rincon,GA,Effingham
31327,"31.495071",-81.381908,Sapelo Island,GA,Mcintosh
31328,"32.00593",-80.855322,Tybee Island,GA,Chatham
31329,"32.369703",-81.361775,Springfield,GA,Effingham
31331,"31.512024",-81.358252,Townsend,GA,Mcintosh
31333,"31.770473",-81.62083,Walthourville,GA,Liberty
31401,"32.072257",-81.135618,Savannah,GA,Chatham
31402,"31.971394",-81.07156,Savannah,GA,Chatham
31403,"31.971394",-81.07156,Savannah,GA,Chatham
31404,"32.048247",-81.11748,Savannah,GA,Chatham
31405,"32.065317",-81.181413,Savannah,GA,Chatham
31406,"31.975611",-81.086617,Savannah,GA,Chatham
31407,"32.167235",-81.199897,Savannah,GA,Chatham
31408,"32.108154",-81.174612,Savannah,GA,Chatham
31409,"31.971394",-81.07156,Savannah,GA,Chatham
31410,"32.017461",-80.997043,Savannah,GA,Chatham
31411,"31.942645",-81.045795,Savannah,GA,Chatham
31412,"31.971394",-81.07156,Savannah,GA,Chatham
31414,"31.971394",-81.07156,Savannah,GA,Chatham
31415,"32.075307",-81.128865,Savannah,GA,Chatham
31416,"32.005255",-81.047711,Savannah,GA,Chatham
31418,"31.971394",-81.07156,Savannah,GA,Chatham
31419,"32.008492",-81.214369,Savannah,GA,Chatham
31420,"31.971394",-81.07156,Savannah,GA,Chatham
31421,"31.971394",-81.07156,Savannah,GA,Chatham
31422,"31.971394",-81.07156,Savannah,GA,Chatham
31498,"31.971394",-81.07156,Savannah,GA,Chatham
31499,"31.971394",-81.07156,Savannah,GA,Chatham
31501,"31.224262",-82.359628,Waycross,GA,Ware
31502,"31.018954",-82.416543,Waycross,GA,Ware
31503,"31.193229",-82.376595,Waycross,GA,Ware
31510,"31.576952",-82.461197,Alma,GA,Bacon
31512,"31.549597",-82.987305,Ambrose,GA,Coffee
31513,"31.756861",-82.350837,Baxley,GA,Appling
31515,"31.717717",-82.299677,Baxley,GA,Appling
31516,"31.326324",-82.271206,Blackshear,GA,Pierce
31518,"31.483312",-82.214987,Bristol,GA,Pierce
31519,"31.671903",-82.864903,Broxton,GA,Coffee
31520,"31.230428",-81.492883,Brunswick,GA,Glynn
31521,"31.241505",-81.532489,Brunswick,GA,Glynn
31522,"31.213223",-81.449141,Saint Simons Island,GA,Glynn
31523,"31.218921",-81.546047,Brunswick,GA,Glynn
31524,"31.221995",-81.482551,Brunswick,GA,Glynn
31525,"31.280403",-81.530477,Brunswick,GA,Glynn
31527,"31.059721",-81.416665,Jekyll Island,GA,Glynn
31532,"31.795977",-82.707079,Denton,GA,Jeff Davis
31533,"31.509338",-82.857131,Douglas,GA,Coffee
31534,"31.571596",-82.854631,Douglas,GA,Coffee
31535,"31.504581",-82.824636,Douglas,GA,Coffee
31537,"30.855314",-82.027252,Folkston,GA,Charlton
31539,"31.806871",-82.626991,Hazlehurst,GA,Jeff Davis
31542,"31.178954",-82.123686,Hoboken,GA,Brantley
31543,"31.26837",-81.810366,Hortense,GA,Brantley
31544,"31.83245",-82.977178,Jacksonville,GA,Telfair
31545,"31.600775",-81.957787,Jesup,GA,Wayne
31546,"31.531938",-81.804924,Jesup,GA,Wayne
31547,"30.804684",-81.627717,Kings Bay,GA,Camden
31548,"30.784384",-81.692042,Kingsland,GA,Camden
31549,"31.931373",-82.682963,Lumber City,GA,Telfair
31550,"31.168101",-82.594815,Manor,GA,Ware
31551,"31.453629",-82.230385,Mershon,GA,Pierce
31552,"31.307256",-82.600728,Millwood,GA,Ware
31553,"31.158299",-81.954478,Nahunta,GA,Brantley
31554,"31.504909",-82.703064,Nicholls,GA,Coffee
31555,"31.685101",-82.037562,Odum,GA,Wayne
31556,"31.412649",-82.115541,Offerman,GA,Pierce
31557,"31.369686",-82.115363,Patterson,GA,Pierce
31558,"30.844019",-81.630984,Saint Marys,GA,Camden
31560,"31.512923",-82.010258,Screven,GA,Wayne
31561,"31.198914",-81.332211,Sea Island,GA,Glynn
31563,"31.731163",-82.194912,Surrency,GA,Appling
31564,"31.018954",-82.416543,Waresboro,GA,Ware
31565,"31.069415",-81.633658,Waverly,GA,Camden
31566,"31.187918",-81.889563,Waynesville,GA,Brantley
31567,"31.614312",-82.724308,West Green,GA,Coffee
31568,"30.995235",-81.778181,White Oak,GA,Camden
31569,"30.939072",-81.703469,Woodbine,GA,Camden
31598,"31.578181",-81.880222,Jesup,GA,Wayne
31599,"31.578181",-81.880222,Jesup,GA,Wayne
31601,"30.753904",-83.332068,Valdosta,GA,Lowndes
31602,"30.893109",-83.327812,Valdosta,GA,Lowndes
31603,"30.827965",-83.252192,Valdosta,GA,Lowndes
31604,"30.827965",-83.252192,Valdosta,GA,Lowndes
31605,"30.945994",-83.247371,Valdosta,GA,Lowndes
31606,"30.826306",-83.245331,Valdosta,GA,Lowndes
31620,"31.151742",-83.407143,Adel,GA,Cook
31622,"31.383968",-83.221348,Alapaha,GA,Berrien
31623,"31.064114",-82.68954,Argyle,GA,Clinch
31624,"31.303159",-82.847997,Axson,GA,Atkinson
31625,"30.856633",-83.526479,Barney,GA,Brooks
31626,"30.828644",-83.910971,Boston,GA,Thomas
31627,"31.040257",-83.391519,Cecil,GA,Cook
31629,"30.761316",-83.708223,Dixie,GA,Brooks
31630,"30.975874",-82.880688,Du Pont,GA,Clinch
31631,"31.05682",-82.772422,Fargo,GA,Clinch
31632,"30.942022",-83.333206,Hahira,GA,Lowndes
31634,"31.050929",-82.76133,Homerville,GA,Clinch
31635,"31.035327",-83.098737,Lakeland,GA,Lanier
31636,"30.745322",-83.184325,Lake Park,GA,Lowndes
31637,"31.271045",-83.468529,Lenox,GA,Cook
31638,"30.924839",-83.539952,Morven,GA,Brooks
31639,"31.199826",-83.218233,Nashville,GA,Berrien
31641,"30.899018",-83.128478,Naylor,GA,Lowndes
31642,"31.340836",-82.853406,Pearson,GA,Atkinson
31643,"30.78944",-83.587777,Quitman,GA,Brooks
31645,"31.083619",-83.228709,Ray City,GA,Berrien
31646,"30.434346",-82.165527,Saint George,GA,Charlton
31647,"31.212878",-83.412143,Sparks,GA,Cook
31648,"30.768894",-83.037116,Statenville,GA,Echols
31649,"30.955111",-83.013828,Stockton,GA,Lanier
31650,"31.361682",-82.968235,Willacoochee,GA,Atkinson
31698,"30.84848",-83.287753,Valdosta,GA,Lowndes
31699,"30.975119",-83.207206,Valdosta,GA,Lowndes
31701,"31.560674",-84.176751,Albany,GA,Dougherty
31702,"31.594782",-84.194812,Albany,GA,Dougherty
31703,"31.543065",-84.219594,Albany,GA,Dougherty
31704,"31.549975",-84.061155,Albany,GA,Dougherty
31705,"31.546375",-84.078338,Albany,GA,Dougherty
31706,"31.559274",-84.176507,Albany,GA,Dougherty
31707,"31.529269",-84.293109,Albany,GA,Dougherty
31708,"31.591073",-84.132357,Albany,GA,Dougherty
31709,"32.040432",-84.215282,Americus,GA,Sumter
31710,"32.051235",-84.181547,Americus,GA,Sumter
31711,"32.155949",-84.163983,Andersonville,GA,Sumter
31712,"31.849613",-83.7277,Arabi,GA,Crisp
31713,"31.47718",-84.699156,Arlington,GA,Calhoun
31714,"31.723074",-83.644063,Ashburn,GA,Turner
31715,"30.835331",-84.511949,Attapulgus,GA,Decatur
31716,"31.358861",-84.100301,Baconton,GA,Mitchell
31717,"30.888734",-84.617836,Bainbridge,GA,Decatur
31718,"30.901863",-84.570049,Bainbridge,GA,Decatur
31720,"30.856633",-83.526479,Barwick,GA,Brooks
31722,"31.080682",-83.649138,Berlin,GA,Colquitt
31723,"31.346088",-84.901178,Blakely,GA,Early
31724,"31.557533",-84.854212,Bluffton,GA,Clay
31725,"30.907915",-84.703795,Brinson,GA,Decatur
31726,"31.824017",-84.343163,Bronwood,GA,Terrell
31727,"31.44172",-83.503715,Brookfield,GA,Tift
31728,"30.857503",-84.22903,Cairo,GA,Grady
31729,"30.71471",-84.351846,Calvary,GA,Grady
31730,"31.249152",-84.242837,Camilla,GA,Mitchell
31732,"31.29563",-84.871091,Cedar Springs,GA,Early
31733,"31.557454",-83.509385,Chula,GA,Tift
31734,"30.887347",-84.468281,Climax,GA,Decatur
31735,"31.968395",-83.978975,Cobb,GA,Sumter
31736,"31.775195",-84.747201,Coleman,GA,Randolph
31737,"31.16251",-84.713359,Colquitt,GA,Miller
31738,"30.976287",-83.871284,Coolidge,GA,Thomas
31739,"31.260443",-84.253089,Cotton,GA,Mitchell
31740,"31.731183",-84.832234,Cuthbert,GA,Randolph
31741,"31.298124",-84.71746,Damascus,GA,Early
31742,"31.76615",-84.438586,Dawson,GA,Terrell
31743,"31.938088",-84.03104,De Soto,GA,Sumter
31744,"31.272009",-83.889951,Doerun,GA,Colquitt
31745,"30.918229",-84.867238,Donalsonville,GA,Seminole
31746,"31.506869",-84.721045,Edison,GA,Calhoun
31747,"31.17885",-83.588901,Ellenton,GA,Colquitt
31749,"31.417797",-83.355349,Enigma,GA,Berrien
31750,"31.748753",-83.235412,Fitzgerald,GA,Ben Hill
31751,"31.63618",-85.054942,Fort Gaines,GA,Clay
31752,"30.791856",-84.549907,Fowlstown,GA,Decatur
31753,"31.205365",-83.877554,Funston,GA,Colquitt
31754,"31.844937",-85.104383,Georgetown,GA,Quitman
31756,"31.200827",-83.945527,Hartsfield,GA,Colquitt
31757,"30.853592",-83.888269,Thomasville,GA,Thomas
31758,"30.868187",-83.927785,Thomasville,GA,Thomas
31759,"30.985082",-84.834731,Iron City,GA,Seminole
31760,"31.706283",-83.408633,Irwinville,GA,Irwin
31761,"31.089377",-84.986113,Jakin,GA,Early
31762,"31.484266",-84.513659,Leary,GA,Calhoun
31763,"31.763715",-84.160359,Leesburg,GA,Lee
31764,"32.000148",-84.088354,Leslie,GA,Sumter
31765,"31.021859",-84.061389,Meigs,GA,Thomas
31766,"31.53796",-84.611559,Morgan,GA,Calhoun
31767,"31.88141",-85.024468,Morris,GA,Quitman
31768,"31.183438",-83.789698,Moultrie,GA,Colquitt
31769,"31.620866",-83.249754,Mystic,GA,Irwin
31770,"31.37168",-84.338325,Newton,GA,Baker
31771,"31.246179",-83.654904,Norman Park,GA,Colquitt
31772,"31.726629",-83.959728,Oakfield,GA,Worth
31773,"30.968592",-84.02725,Ochlocknee,GA,Thomas
31774,"31.571754",-83.269632,Ocilla,GA,Irwin
31775,"31.359156",-83.59029,Omega,GA,Tift
31776,"31.172696",-83.792379,Moultrie,GA,Colquitt
31777,"31.911689",-84.506058,Parrott,GA,Terrell
31778,"30.869228",-83.900766,Pavo,GA,Thomas
31779,"31.225572",-84.223371,Pelham,GA,Mitchell
31780,"32.027663",-84.37249,Plains,GA,Sumter
31781,"31.538397",-83.784347,Poulan,GA,Worth
31782,"31.543065",-84.219594,Putney,GA,Dougherty
31783,"31.780373",-83.526041,Rebecca,GA,Turner
31784,"31.27433",-84.047656,Sale City,GA,Mitchell
31785,"31.689973",-84.32748,Sasser,GA,Terrell
31786,"31.760361",-84.614914,Shellman,GA,Randolph
31787,"31.772073",-84.222541,Smithville,GA,Lee
31789,"31.481811",-83.727288,Sumner,GA,Worth
31790,"31.652867",-83.578336,Sycamore,GA,Turner
31791,"31.603336",-83.850054,Sylvester,GA,Worth
31792,"30.825551",-83.950795,Thomasville,GA,Thomas
31793,"31.485438",-83.503621,Tifton,GA,Tift
31794,"31.463918",-83.499944,Tifton,GA,Tift
31795,"31.475155",-83.592123,Ty Ty,GA,Tift
31796,"31.762219",-83.876179,Warwick,GA,Worth
31797,"30.901959",-84.311493,Whigham,GA,Grady
31798,"31.571849",-83.087813,Wray,GA,Irwin
31799,"30.880968",-83.885902,Thomasville,GA,Thomas
31801,"32.701117",-84.494946,Box Springs,GA,Talbot
31803,"32.254152",-84.489818,Buena Vista,GA,Marion
31804,"32.661625",-84.855447,Cataula,GA,Harris
31805,"32.292547",-84.736706,Cusseta,GA,Chattahoochee
31806,"32.209028",-84.277064,Ellaville,GA,Schley
31807,"32.631243",-84.789524,Ellerslie,GA,Harris
31808,"32.563874",-84.991501,Fortson,GA,Muscogee
31810,"32.701117",-84.494946,Geneva,GA,Talbot
31811,"32.746007",-84.934906,Hamilton,GA,Harris
31812,"32.701117",-84.494946,Junction City,GA,Talbot
31814,"32.07663",-84.849724,Louvale,GA,Stewart
31815,"32.069538",-84.728093,Lumpkin,GA,Stewart
31816,"32.91107",-84.615478,Manchester,GA,Meriwether
31820,"32.565782",-84.850953,Midland,GA,Muscogee
31821,"32.07663",-84.849724,Omaha,GA,Stewart
31822,"32.834241",-84.904638,Pine Mountain,GA,Harris
31823,"32.822628",-84.820364,Pine Mountain Valley,GA,Harris
31824,"32.076133",-84.543517,Preston,GA,Webster
31825,"32.074331",-84.718627,Richland,GA,Stewart
31826,"32.791278",-84.733595,Shiloh,GA,Harris
31827,"32.673738",-84.537989,Talbotton,GA,Talbot
31829,"32.564771",-84.733865,Upatoi,GA,Muscogee
31830,"32.906319",-84.716723,Warm Springs,GA,Meriwether
31831,"32.738687",-84.78546,Waverly Hall,GA,Harris
31832,"32.076133",-84.543517,Weston,GA,Webster
31833,"32.907328",-85.077535,West Point,GA,Troup
31836,"32.790007",-84.56542,Woodland,GA,Talbot
31901,"32.472864",-84.97823,Columbus,GA,Muscogee
31902,"32.524252",-84.955843,Columbus,GA,Muscogee
31903,"32.41851",-84.934344,Columbus,GA,Muscogee
31904,"32.534374",-84.99698,Columbus,GA,Muscogee
31905,"32.392337",-84.931457,Fort Benning,GA,Muscogee
31906,"32.493455",-84.95328,Columbus,GA,Muscogee
31907,"32.483084",-84.914976,Columbus,GA,Muscogee
31908,"32.534852",-84.906483,Columbus,GA,Muscogee
31909,"32.542198",-84.920187,Columbus,GA,Muscogee
31914,"32.491005",-84.874123,Columbus,GA,Muscogee
31917,"32.491005",-84.874123,Columbus,GA,Muscogee
31993,"32.482142",-84.977131,Columbus,GA,Muscogee
31994,"32.491005",-84.874123,Columbus,GA,Muscogee
31995,"32.495841",-84.963981,Fort Benning,GA,Muscogee
31997,"32.491005",-84.874123,Columbus,GA,Muscogee
31998,"32.491005",-84.874123,Columbus,GA,Muscogee
31999,"32.491005",-84.874123,Columbus,GA,Muscogee
39901,"33.891251",-84.07456,Atlanta,GA,Dekalb
30002,"33.771704",-84.23937,Avondale Estates,GA,Dekalb
30003,"33.960353",-84.037859,Norcross,GA,Gwinnett
30004,"34.112373",-84.30205,Alpharetta,GA,Fulton
30005,"34.078229",-84.228131,Alpharetta,GA,Fulton
30006,"33.912473",-84.557181,Marietta,GA,Cobb
30007,"33.912473",-84.557181,Marietta,GA,Cobb
30008,"33.897203",-84.591983,Marietta,GA,Cobb
30009,"33.844371",-84.47405,Alpharetta,GA,Fulton
30010,"33.960353",-84.037859,Norcross,GA,Gwinnett
30011,"34.019109",-83.826094,Auburn,GA,Barrow
30012,"33.719178",-84.002061,Conyers,GA,Rockdale
30013,"33.643597",-83.968359,Conyers,GA,Rockdale
30014,"33.529341",-83.849622,Covington,GA,Newton
30015,"33.555791",-83.864915,Covington,GA,Newton
30016,"33.514565",-83.862612,Covington,GA,Newton
30017,"33.916922",-84.040973,Grayson,GA,Gwinnett
30018,"33.717989",-83.801451,Jersey,GA,Walton
30019,"33.988309",-83.879494,Dacula,GA,Gwinnett
30021,"33.810953",-84.23797,Clarkston,GA,Dekalb
30022,"34.02679",-84.242235,Alpharetta,GA,Fulton
30023,"33.844371",-84.47405,Alpharetta,GA,Fulton
30024,"34.042479",-84.026171,Suwanee,GA,Gwinnett
30025,"33.679092",-83.683477,Social Circle,GA,Walton
30026,"33.962979",-84.092267,North Metro,GA,Gwinnett
30028,"34.193041",-84.092588,Cumming,GA,Forsyth
30029,"33.960353",-84.037859,North Metro,GA,Gwinnett
30030,"33.772554",-84.291723,Decatur,GA,Dekalb
30031,"33.891251",-84.07456,Decatur,GA,Dekalb
30032,"33.749655",-84.272871,Decatur,GA,Dekalb
30033,"33.816452",-84.285772,Decatur,GA,Dekalb
30034,"33.690757",-84.251171,Decatur,GA,Dekalb
30035,"33.732056",-84.200919,Decatur,GA,Dekalb
30036,"33.891251",-84.07456,Decatur,GA,Dekalb
30037,"33.891251",-84.07456,Decatur,GA,Dekalb
30038,"33.667509",-84.144816,Lithonia,GA,Dekalb
30039,"33.817803",-84.022911,Snellville,GA,Gwinnett
30040,"34.232095",-84.157975,Cumming,GA,Forsyth
30041,"34.203659",-84.103108,Cumming,GA,Forsyth
30042,"33.929464",-84.103226,Lawrenceville,GA,Gwinnett
30043,"34.00309",-84.012608,Lawrenceville,GA,Gwinnett
30044,"33.941847",-84.070567,Lawrenceville,GA,Gwinnett
30045,"33.936729",-83.957347,Lawrenceville,GA,Gwinnett
30046,"33.960353",-84.037859,Lawrenceville,GA,Gwinnett
30047,"33.865587",-84.072463,Lilburn,GA,Gwinnett
30048,"33.960353",-84.037859,Lilburn,GA,Gwinnett
30049,"",,Lawrenceville,GA,Gwinnett
30052,"33.876889",-83.896781,Loganville,GA,Gwinnett
30054,"33.670567",-83.874013,Oxford,GA,Newton
30055,"33.431362",-83.790756,Mansfield,GA,Jasper
30056,"33.514898",-83.70718,Newborn,GA,Newton
30058,"33.735607",-84.100915,Lithonia,GA,Dekalb
30060,"33.938206",-84.540333,Marietta,GA,Cobb
30061,"33.932842",-84.556004,Marietta,GA,Cobb
30062,"33.982269",-84.48803,Marietta,GA,Cobb
30063,"33.965294",-84.511209,Marietta,GA,Cobb
30064,"33.923652",-84.629241,Marietta,GA,Cobb
30065,"33.912473",-84.557181,Marietta,GA,Cobb
30066,"34.024849",-84.498365,Marietta,GA,Cobb
30067,"33.932551",-84.462379,Marietta,GA,Cobb
30068,"33.970894",-84.445734,Marietta,GA,Cobb
30069,"33.912473",-84.557181,Marietta,GA,Cobb
30070,"33.571234",-83.895063,Porterdale,GA,Newton
30071,"33.944461",-84.210969,Norcross,GA,Gwinnett
30072,"33.790606",-84.205269,Pine Lake,GA,Dekalb
30074,"33.891251",-84.07456,Redan,GA,Dekalb
30075,"34.055198",-84.370475,Roswell,GA,Fulton
30076,"34.027783",-84.320162,Roswell,GA,Fulton
30077,"33.844371",-84.47405,Roswell,GA,Fulton
30078,"33.863454",-84.008066,Snellville,GA,Gwinnett
30079,"33.793491",-84.258421,Scottdale,GA,Dekalb
30080,"33.864604",-84.556181,Smyrna,GA,Cobb
30081,"33.858836",-84.71062,Smyrna,GA,Cobb
30082,"33.856754",-84.534496,Smyrna,GA,Cobb
30083,"33.786405",-84.203419,Stone Mountain,GA,Dekalb
30084,"33.853945",-84.215369,Tucker,GA,Dekalb
30085,"33.891251",-84.07456,Tucker,GA,Dekalb
30086,"33.891251",-84.07456,Stone Mountain,GA,Dekalb
30087,"33.810475",-84.136145,Stone Mountain,GA,Dekalb
30088,"33.761106",-84.176618,Stone Mountain,GA,Dekalb
30090,"33.952451",-84.547082,Marietta,GA,Cobb
30091,"33.960353",-84.037859,Norcross,GA,Gwinnett
30092,"33.910725",-84.138468,Norcross,GA,Gwinnett
30093,"33.932173",-84.181881,Norcross,GA,Gwinnett
30094,"33.611119",-84.068288,Conyers,GA,Rockdale
30095,"34.025598",-84.13045,Duluth,GA,Gwinnett
30096,"33.984534",-84.152915,Duluth,GA,Gwinnett
30097,"34.006019",-84.144674,Duluth,GA,Gwinnett
30098,"33.960353",-84.037859,Duluth,GA,Gwinnett
30099,"33.959535",-84.105011,Duluth,GA,Gwinnett
30101,"34.023398",-84.673784,Acworth,GA,Cobb
30102,"34.07068",-84.589406,Acworth,GA,Cobb
30103,"34.296339",-84.909216,Adairsville,GA,Bartow
30104,"34.053167",-85.079865,Aragon,GA,Polk
30105,"34.479253",-85.149208,Armuchee,GA,Floyd
30106,"33.836897",-84.630729,Austell,GA,Cobb
30107,"34.30116",-84.442937,Ball Ground,GA,Cherokee
30108,"33.587706",-85.123883,Bowdon,GA,Carroll
30109,"33.653355",-85.136227,Bowdon Junction,GA,Carroll
30110,"33.767997",-85.172928,Bremen,GA,Haralson
30111,"33.912473",-84.557181,Clarkdale,GA,Cobb
30113,"33.836682",-85.210444,Buchanan,GA,Haralson
30114,"34.250547",-84.49093,Canton,GA,Cherokee
30115,"34.199345",-84.419935,Canton,GA,Cherokee
30116,"33.604458",-85.04987,Carrollton,GA,Carroll
30117,"33.566767",-85.078863,Carrollton,GA,Carroll
30118,"33.571176",-85.09612,Carrollton,GA,Carroll
30119,"33.618931",-85.073582,Carrollton,GA,Carroll
30120,"34.200787",-84.847108,Cartersville,GA,Bartow
30121,"34.20787",-84.76727,Cartersville,GA,Bartow
30122,"33.765457",-84.646946,Lithia Springs,GA,Douglas
30123,"34.244179",-84.845684,Cassville,GA,Bartow
30124,"34.16159",-85.33281,Cave Spring,GA,Floyd
30125,"33.998841",-85.239429,Cedartown,GA,Polk
30126,"33.833161",-84.603102,Mableton,GA,Cobb
30127,"33.91351",-84.685885,Powder Springs,GA,Cobb
30129,"34.333308",-85.233721,Coosa,GA,Floyd
30132,"33.935396",-84.866654,Dallas,GA,Paulding
30133,"33.68966",-84.744595,Douglasville,GA,Douglas
30134,"33.759543",-84.777337,Douglasville,GA,Douglas
30135,"33.667491",-84.750615,Douglasville,GA,Douglas
30137,"34.118352",-84.762315,Emerson,GA,Bartow
30138,"33.99994",-85.172297,Esom Hill,GA,Polk
30139,"34.462493",-84.743027,Fairmount,GA,Gordon
30140,"33.88232",-85.234946,Felton,GA,Haralson
30141,"33.879416",-84.844274,Hiram,GA,Paulding
30142,"34.242944",-84.458326,Holly Springs,GA,Cherokee
30143,"34.469042",-84.428243,Jasper,GA,Pickens
30144,"34.03384",-84.597433,Kennesaw,GA,Cobb
30145,"34.233908",-84.962055,Kingston,GA,Bartow
30146,"34.242944",-84.458326,Lebanon,GA,Cherokee
30147,"34.152211",-85.220364,Lindale,GA,Floyd
30148,"34.439829",-84.302964,Marble Hill,GA,Pickens
30149,"34.280355",-85.182085,Mount Berry,GA,Floyd
30150,"33.643002",-85.181782,Mount Zion,GA,Carroll
30151,"34.242944",-84.458326,Nelson,GA,Cherokee
30152,"33.995132",-84.654385,Kennesaw,GA,Cobb
30153,"33.993766",-85.091511,Rockmart,GA,Polk
30154,"33.68966",-84.744595,Douglasville,GA,Douglas
30156,"",,Kennesaw,GA,Cobb
30157,"33.90448",-84.862139,Dallas,GA,Paulding
30160,"",,Kennesaw,GA,Cobb
30161,"34.262335",-85.22089,Rome,GA,Floyd
30162,"34.290508",-85.213817,Rome,GA,Floyd
30163,"34.333308",-85.233721,Rome,GA,Floyd
30164,"34.333308",-85.233721,Rome,GA,Floyd
30165,"34.315817",-85.272949,Rome,GA,Floyd
30168,"33.783756",-84.595232,Austell,GA,Cobb
30170,"33.524163",-85.165295,Roopville,GA,Carroll
30171,"34.337901",-84.737644,Rydal,GA,Bartow
30172,"34.333308",-85.233721,Shannon,GA,Floyd
30173,"34.145452",-85.117749,Silver Creek,GA,Floyd
30175,"34.515653",-84.523407,Talking Rock,GA,Pickens
30176,"33.770057",-85.261585,Tallapoosa,GA,Haralson
30177,"34.402724",-84.378511,Tate,GA,Pickens
30178,"34.129573",-84.973364,Taylorsville,GA,Bartow
30179,"33.73746",-85.026107,Temple,GA,Carroll
30180,"33.705546",-84.975668,Villa Rica,GA,Carroll
30182,"33.680148",-85.251297,Waco,GA,Haralson
30183,"34.338605",-84.577601,Waleska,GA,Cherokee
30184,"34.264331",-84.753929,White,GA,Bartow
30185,"33.509001",-84.910211,Whitesburg,GA,Carroll
30187,"33.659494",-84.778163,Winston,GA,Douglas
30188,"34.127398",-84.481787,Woodstock,GA,Cherokee
30189,"34.147985",-84.47725,Woodstock,GA,Cherokee
30204,"33.07577",-84.145706,Barnesville,GA,Lamar
30205,"33.30009",-84.453196,Brooks,GA,Fayette
30206,"33.104729",-84.456917,Concord,GA,Pike
30212,"33.278205",-84.288803,Experiment,GA,Spalding
30213,"33.591462",-84.608907,Fairburn,GA,Fulton
30214,"33.467941",-84.480626,Fayetteville,GA,Fayette
30215,"33.394307",-84.473778,Fayetteville,GA,Fayette
30216,"33.237156",-83.898277,Flovilla,GA,Butts
30217,"33.278005",-85.134045,Franklin,GA,Heard
30218,"33.06913",-84.613189,Gay,GA,Meriwether
30219,"33.157214",-85.170588,Glenn,GA,Heard
30220,"33.275619",-84.741266,Grantville,GA,Coweta
30222,"33.046754",-84.740188,Greenville,GA,Meriwether
30223,"33.265854",-84.289552,Griffin,GA,Spalding
30224,"33.240386",-84.273402,Griffin,GA,Spalding
30228,"33.408112",-84.273764,Hampton,GA,Henry
30229,"33.232156",-84.56854,Haralson,GA,Coweta
30230,"33.144151",-84.960566,Hogansville,GA,Troup
30232,"33.403811",-84.504403,Inman,GA,Fayette
30233,"33.319863",-83.981112,Jackson,GA,Butts
30234,"33.322351",-84.028744,Jenkinsburg,GA,Butts
30236,"33.518505",-84.337523,Jonesboro,GA,Clayton
30237,"33.500697",-84.351273,Jonesboro,GA,Clayton
30238,"33.494387",-84.379724,Jonesboro,GA,Clayton
30240,"33.024347",-85.073906,Lagrange,GA,Troup
30241,"33.024935",-84.957664,Lagrange,GA,Troup
30248,"33.372111",-84.115645,Locust Grove,GA,Henry
30250,"33.442909",-84.313582,Lovejoy,GA,Clayton
30251,"33.179184",-84.699455,Luthersville,GA,Meriwether
30252,"33.476762",-84.055005,Mcdonough,GA,Henry
30253,"33.451043",-84.154412,Mcdonough,GA,Henry
30256,"33.039123",-84.377639,Meansville,GA,Pike
30257,"33.1365",-84.148695,Milner,GA,Lamar
30258,"33.022288",-84.436925,Molena,GA,Pike
30259,"33.276279",-84.738721,Moreland,GA,Coweta
30260,"33.58016",-84.326757,Morrow,GA,Clayton
30261,"33.04567",-85.048995,Lagrange,GA,Troup
30263,"33.369595",-84.819397,Newnan,GA,Coweta
30264,"33.361003",-84.814173,Newnan,GA,Coweta
30265,"33.415987",-84.705681,Newnan,GA,Coweta
30266,"33.265656",-84.298964,Orchard Hill,GA,Spalding
30268,"33.559191",-84.710082,Palmetto,GA,Fulton
30269,"33.395759",-84.568173,Peachtree City,GA,Fayette
30271,"33.351401",-84.756109,Newnan,GA,Coweta
30272,"33.625894",-84.516327,Red Oak,GA,Fulton
30273,"33.577049",-84.272559,Rex,GA,Clayton
30274,"33.555536",-84.397997,Riverdale,GA,Clayton
30275,"33.42985",-84.874406,Sargent,GA,Coweta
30276,"33.285373",-84.602516,Senoia,GA,Coweta
30277,"33.363069",-84.659393,Sharpsburg,GA,Coweta
30281,"33.549947",-84.207969,Stockbridge,GA,Henry
30284,"33.345253",-84.289814,Sunny Side,GA,Spalding
30285,"32.965021",-84.219349,The Rock,GA,Upson
30286,"32.884509",-84.336486,Thomaston,GA,Upson
30287,"33.500697",-84.351273,Morrow,GA,Clayton
30288,"33.636858",-84.337139,Conley,GA,Dekalb
30289,"33.32603",-84.637108,Turin,GA,Coweta
30290,"33.460036",-84.585773,Tyrone,GA,Fayette
30291,"33.573098",-84.551011,Union City,GA,Fulton
30292,"33.117012",-84.399149,Williamson,GA,Pike
30293,"32.968248",-84.625409,Woodbury,GA,Meriwether
30294,"33.616559",-84.293942,Ellenwood,GA,Clayton
30295,"33.077371",-84.321736,Zebulon,GA,Pike
30296,"33.558361",-84.434776,Riverdale,GA,Clayton
30297,"33.611509",-84.374496,Forest Park,GA,Clayton
30298,"33.500697",-84.351273,Forest Park,GA,Clayton
30301,"33.844371",-84.47405,Atlanta,GA,Fulton
30302,"33.844371",-84.47405,Atlanta,GA,Fulton
30303,"33.752456",-84.392026,Atlanta,GA,Fulton
30304,"33.848196",-84.429296,Atlanta,GA,Fulton
30305,"33.834989",-84.386826,Atlanta,GA,Fulton
30306,"33.787804",-84.359775,Atlanta,GA,Fulton
30307,"33.762855",-84.357375,Atlanta,GA,Fulton
30308,"33.794055",-84.377326,Atlanta,GA,Fulton
30309,"33.797854",-84.387726,Atlanta,GA,Fulton
30310,"33.718257",-84.430877,Atlanta,GA,Fulton
30311,"33.724907",-84.468329,Atlanta,GA,Fulton
30312,"33.829743",-84.381529,Atlanta,GA,Fulton
30313,"33.760505",-84.399626,Atlanta,GA,Fulton
30314,"33.757806",-84.433649,Atlanta,GA,Fulton
30315,"33.697257",-84.383725,Atlanta,GA,Fulton
30316,"33.726906",-84.358525,Atlanta,GA,Fulton
30317,"33.753555",-84.351125,Atlanta,GA,Fulton
30318,"33.792005",-84.442778,Atlanta,GA,Fulton
30319,"33.876752",-84.329124,Atlanta,GA,Dekalb
30320,"33.656824",-84.423648,Atlanta,GA,Fulton
30321,"33.844371",-84.47405,Atlanta,GA,Fulton
30322,"33.795204",-84.324824,Atlanta,GA,Dekalb
30324,"33.820104",-84.366475,Atlanta,GA,Fulton
30325,"33.844371",-84.47405,Atlanta,GA,Fulton
30326,"33.849615",-84.360881,Atlanta,GA,Fulton
30327,"33.863953",-84.422028,Atlanta,GA,Fulton
30328,"33.933543",-84.395777,Atlanta,GA,Fulton
30329,"33.826553",-84.324874,Atlanta,GA,Dekalb
30330,"33.707107",-84.432127,Atlanta,GA,Fulton
30331,"33.724275",-84.578581,Atlanta,GA,Fulton
30332,"33.776305",-84.397976,Atlanta,GA,Fulton
30333,"33.891251",-84.07456,Atlanta,GA,Dekalb
30334,"33.702657",-84.439127,Atlanta,GA,Fulton
30336,"33.740581",-84.554542,Atlanta,GA,Fulton
30337,"33.642809",-84.461778,Atlanta,GA,Fulton
30338,"33.96685",-84.324916,Atlanta,GA,Fulton
30339,"33.906202",-84.433678,Atlanta,GA,Fulton
30340,"33.893201",-84.253871,Atlanta,GA,Dekalb
30341,"33.890102",-84.278222,Atlanta,GA,Dekalb
30342,"33.881052",-84.379476,Atlanta,GA,Fulton
30343,"33.844371",-84.47405,Atlanta,GA,Fulton
30344,"33.691858",-84.448027,Atlanta,GA,Fulton
30345,"33.845603",-84.281422,Atlanta,GA,Dekalb
30346,"33.924401",-84.337557,Atlanta,GA,Dekalb
30347,"33.844371",-84.47405,Atlanta,GA,Fulton
30348,"33.844371",-84.47405,Atlanta,GA,Fulton
30349,"33.61806",-84.550147,Atlanta,GA,Fulton
30350,"33.9632",-84.314224,Atlanta,GA,Dekalb
30353,"33.844371",-84.47405,Atlanta,GA,Fulton
30354,"33.667508",-84.389616,Atlanta,GA,Fulton
30355,"33.844371",-84.47405,Atlanta,GA,Fulton
30356,"33.891251",-84.07456,Atlanta,GA,Dekalb
30357,"33.844371",-84.47405,Atlanta,GA,Fulton
30358,"33.998151",-84.34112,Atlanta,GA,Fulton
30359,"33.891251",-84.07456,Atlanta,GA,Dekalb
30360,"33.931069",-84.277772,Atlanta,GA,Dekalb
30361,"33.844371",-84.47405,Atlanta,GA,Fulton
30362,"33.891251",-84.07456,Atlanta,GA,Dekalb
30364,"33.844371",-84.47405,Atlanta,GA,Fulton
30366,"33.891251",-84.07456,Atlanta,GA,Dekalb
30368,"33.844371",-84.47405,Atlanta,GA,Fulton
30369,"33.844371",-84.47405,Atlanta,GA,Fulton
30370,"33.844371",-84.47405,Atlanta,GA,Fulton
30371,"33.844371",-84.47405,Atlanta,GA,Fulton
30374,"33.844371",-84.47405,Atlanta,GA,Fulton
30375,"33.844371",-84.47405,Atlanta,GA,Fulton
30376,"33.844371",-84.47405,Atlanta,GA,Fulton
30377,"33.844371",-84.47405,Atlanta,GA,Fulton
30378,"33.844371",-84.47405,Atlanta,GA,Fulton
30379,"33.844371",-84.47405,Atlanta,GA,Fulton
30380,"33.844371",-84.47405,Atlanta,GA,Fulton
30384,"33.844371",-84.47405,Atlanta,GA,Fulton
30385,"33.844371",-84.47405,Atlanta,GA,Fulton
30386,"33.844371",-84.47405,Atlanta,GA,Fulton
30387,"33.844371",-84.47405,Atlanta,GA,Fulton
30388,"33.844371",-84.47405,Atlanta,GA,Fulton
30389,"33.844371",-84.47405,Atlanta,GA,Fulton
30390,"33.844371",-84.47405,Atlanta,GA,Fulton
30392,"33.844371",-84.47405,Atlanta,GA,Fulton
30394,"33.844371",-84.47405,Atlanta,GA,Fulton
30396,"33.844371",-84.47405,Atlanta,GA,Fulton
30398,"33.844371",-84.47405,Atlanta,GA,Fulton
30399,"33.844371",-84.47405,Atlanta,GA,Fulton
30401,"32.569871",-82.346181,Swainsboro,GA,Emanuel
30410,"32.17966",-82.516557,Ailey,GA,Montgomery
30411,"32.143021",-82.82677,Alamo,GA,Wheeler
30412,"32.077458",-82.482488,Alston,GA,Montgomery
30413,"32.88914",-82.466644,Bartow,GA,Jefferson
30414,"32.163392",-81.87191,Bellville,GA,Evans
30415,"32.352307",-81.6571,Brooklet,GA,Bulloch
30417,"32.160611",-81.923832,Claxton,GA,Evans
30420,"32.10597",-82.03389,Cobbtown,GA,Tattnall
30421,"32.058597",-82.027358,Collins,GA,Tattnall
30423,"32.163392",-81.87191,Daisy,GA,Evans
30424,"32.767634",-81.629062,Dover,GA,Screven
30425,"32.654937",-82.100208,Garfield,GA,Emanuel
30426,"33.05387",-81.684489,Girard,GA,Burke
30427,"32.066649",-82.012344,Glennville,GA,Tattnall
30428,"32.118831",-82.724555,Glenwood,GA,Wheeler
30429,"32.152808",-81.925865,Hagan,GA,Evans
30434,"33.028798",-82.437965,Louisville,GA,Jefferson
30436,"32.129147",-82.330546,Lyons,GA,Toombs
30438,"32.050694",-81.998348,Manassas,GA,Tattnall
30439,"32.39938",-82.048201,Metter,GA,Candler
30441,"32.926431",-82.172337,Midville,GA,Burke
30442,"32.779376",-81.973904,Millen,GA,Jenkins
30445,"32.183157",-82.566698,Mount Vernon,GA,Montgomery
30446,"32.580957",-81.482625,Newington,GA,Screven
30447,"32.504092",-82.484754,Norristown,GA,Emanuel
30448,"32.475892",-82.372622,Nunez,GA,Emanuel
30449,"32.528104",-81.533198,Oliver,GA,Screven
30450,"32.552055",-81.924195,Portal,GA,Bulloch
30451,"32.414349",-82.086658,Pulaski,GA,Candler
30452,"32.398006",-81.889152,Register,GA,Bulloch
30453,"32.031081",-82.146011,Reidsville,GA,Tattnall
30454,"32.50631",-82.713743,Rockledge,GA,Laurens
30455,"32.722971",-81.793305,Rocky Ford,GA,Screven
30456,"32.980305",-81.84486,Sardis,GA,Burke
30457,"32.383145",-82.557135,Soperton,GA,Treutlen
30458,"32.425",-81.784956,Statesboro,GA,Bulloch
30459,"32.447036",-81.77772,Statesboro,GA,Bulloch
30460,"32.41795",-81.78233,Statesboro,GA,Bulloch
30461,"32.450032",-81.715799,Statesboro,GA,Bulloch
30464,"32.445915",-82.258728,Stillmore,GA,Emanuel
30467,"32.743851",-81.628687,Sylvania,GA,Screven
30470,"32.188768",-82.522115,Tarrytown,GA,Montgomery
30471,"32.54978",-82.183916,Twin City,GA,Emanuel
30473,"32.028823",-82.516246,Uvalda,GA,Montgomery
30474,"32.198683",-82.39208,Vidalia,GA,Toombs
30475,"32.177513",-82.373889,Vidalia,GA,Toombs
30477,"32.863678",-82.407516,Wadley,GA,Jefferson
30499,"32.050694",-81.998348,Reidsville,GA,Tattnall
30501,"34.334398",-83.837912,Gainesville,GA,Hall
30502,"34.212993",-83.794858,Chestnut Mountain,GA,Hall
30503,"34.345432",-83.950541,Gainesville,GA,Hall
30504,"34.241066",-83.886508,Gainesville,GA,Hall
30506,"34.336238",-83.860031,Gainesville,GA,Hall
30507,"34.257212",-83.824574,Gainesville,GA,Hall
30510,"34.50429",-83.594758,Alto,GA,Habersham
30511,"34.393713",-83.473886,Baldwin,GA,Banks
30512,"34.867512",-83.967636,Blairsville,GA,Union
30513,"34.831246",-84.331339,Blue Ridge,GA,Fannin
30514,"34.903398",-84.019157,Blairsville,GA,Union
30515,"33.960353",-84.037859,Buford,GA,Gwinnett
30516,"34.383987",-83.03321,Bowersville,GA,Hart
30517,"34.109873",-83.685149,Braselton,GA,Jackson
30518,"34.113712",-84.033984,Buford,GA,Gwinnett
30519,"34.079715",-83.930765,Buford,GA,Gwinnett
30520,"34.355933",-83.152947,Canon,GA,Franklin
30521,"34.363122",-83.254745,Carnesville,GA,Franklin
30522,"34.73249",-84.425035,Cherrylog,GA,Gilmer
30523,"34.655918",-83.508274,Clarkesville,GA,Habersham
30525,"34.886868",-83.375358,Clayton,GA,Rabun
30527,"34.397806",-83.775657,Clermont,GA,Hall
30528,"34.610466",-83.74615,Cleveland,GA,White
30529,"34.169691",-83.570671,Commerce,GA,Jackson
30530,"34.168274",-83.402226,Commerce,GA,Jackson
30531,"34.535213",-83.574032,Cornelia,GA,Habersham
30533,"34.541371",-84.024387,Dahlonega,GA,Lumpkin
30534,"34.453661",-84.155043,Dawsonville,GA,Dawson
30535,"34.631639",-83.569657,Demorest,GA,Habersham
30537,"34.97",-83.357507,Dillard,GA,Rabun
30538,"34.53512",-83.258748,Eastanollee,GA,Stephens
30539,"34.658482",-84.493207,East Ellijay,GA,Gilmer
30540,"34.70129",-84.449007,Ellijay,GA,Gilmer
30541,"34.92873",-84.436752,Epworth,GA,Fannin
30542,"34.282818",-83.891451,Flowery Branch,GA,Hall
30543,"34.364396",-83.735421,Gillsville,GA,Hall
30544,"34.593092",-83.562922,Demorest,GA,Habersham
30545,"34.729196",-83.720937,Helen,GA,White
30546,"34.906339",-83.72739,Hiawassee,GA,Towns
30547,"34.373145",-83.491925,Homer,GA,Banks
30548,"34.099031",-83.71817,Hoschton,GA,Jackson
30549,"34.10601",-83.589021,Jefferson,GA,Jackson
30552,"34.78992",-83.443351,Lakemont,GA,Rabun
30553,"34.408031",-83.144241,Lavonia,GA,Franklin
30554,"34.41088",-83.703923,Lula,GA,Hall
30555,"34.936986",-84.403709,Mc Caysville,GA,Fannin
30557,"34.527955",-83.23208,Martin,GA,Stephens
30558,"34.329372",-83.543357,Maysville,GA,Banks
30559,"34.936697",-84.268863,Mineral Bluff,GA,Fannin
30560,"34.86263",-84.248612,Morganton,GA,Fannin
30562,"34.914393",-83.402766,Mountain City,GA,Rabun
30563,"34.541683",-83.52283,Mount Airy,GA,Habersham
30564,"34.445369",-83.906516,Murrayville,GA,Hall
30565,"34.113429",-83.474576,Nicholson,GA,Jackson
30566,"34.239428",-83.897612,Oakwood,GA,Hall
30567,"34.159431",-83.59706,Pendergrass,GA,Jackson
30568,"34.944609",-83.381415,Rabun Gap,GA,Rabun
30571,"34.66578",-83.709564,Sautee Nacoochee,GA,White
30572,"34.712091",-84.027629,Suches,GA,Union
30573,"34.742007",-83.397716,Tallulah Falls,GA,Rabun
30575,"34.195058",-83.713188,Talmo,GA,Jackson
30576,"34.856395",-83.457267,Tiger,GA,Rabun
30577,"34.554103",-83.288828,Toccoa,GA,Stephens
30580,"34.676584",-83.43578,Turnerville,GA,Habersham
30581,"34.804473",-83.419137,Wiley,GA,Rabun
30582,"34.934417",-83.828504,Young Harris,GA,Towns
30596,"34.629391",-83.509934,Alto,GA,Habersham
30597,"34.527671",-83.980879,Dahlonega,GA,Lumpkin
30598,"34.59179",-83.352534,Toccoa Falls,GA,Stephens
30599,"34.130594",-83.587419,Commerce,GA,Jackson
30601,"33.992902",-83.353697,Athens,GA,Clarke
30602,"33.925971",-83.365029,Athens,GA,Clarke
30603,"33.947587",-83.408897,Athens,GA,Clarke
30604,"33.944339",-83.38908,Athens,GA,Clarke
30605,"33.923088",-83.364038,Athens,GA,Clarke
30606,"33.951348",-83.43064,Athens,GA,Clarke
30607,"33.998267",-83.439569,Athens,GA,Clarke
30608,"33.944339",-83.38908,Athens,GA,Clarke
30609,"33.946364",-83.37743,Athens,GA,Clarke
30612,"33.944339",-83.38908,Athens,GA,Clarke
30619,"33.888662",-83.222254,Arnoldsville,GA,Oglethorpe
30620,"33.943652",-83.721536,Bethlehem,GA,Barrow
30621,"33.805718",-83.48171,Bishop,GA,Oconee
30622,"33.901988",-83.518452,Bogart,GA,Oconee
30623,"33.754235",-83.511055,Bostwick,GA,Morgan
30624,"34.164131",-82.957102,Bowman,GA,Elbert
30625,"33.525614",-83.365611,Buckhead,GA,Morgan
30627,"34.05918",-83.099349,Carlton,GA,Madison
30628,"34.088156",-83.202379,Colbert,GA,Madison
30629,"34.105661",-83.144463,Comer,GA,Madison
30630,"33.907589",-83.164573,Crawford,GA,Oglethorpe
30631,"33.577007",-82.858099,Crawfordville,GA,Taliaferro
30633,"34.152968",-83.262772,Danielsville,GA,Madison
30634,"34.185291",-82.943399,Dewy Rose,GA,Elbert
30635,"34.129737",-82.840971,Elberton,GA,Elbert
30638,"33.755811",-83.420094,Farmington,GA,Oconee
30639,"34.274306",-83.147024,Franklin Springs,GA,Franklin
30641,"33.778257",-83.580359,Good Hope,GA,Walton
30642,"33.560655",-83.193389,Greensboro,GA,Greene
30643,"34.361177",-82.941703,Hartwell,GA,Hart
30645,"33.801274",-83.516374,High Shoals,GA,Morgan
30646,"34.088693",-83.30911,Hull,GA,Madison
30647,"34.120239",-83.288117,Ila,GA,Madison
30648,"33.85281",-83.020293,Lexington,GA,Oglethorpe
30650,"33.591117",-83.492928,Madison,GA,Morgan
30655,"33.788322",-83.701264,Monroe,GA,Walton
30656,"33.838638",-83.710359,Monroe,GA,Walton
30660,"33.763817",-82.899831,Rayle,GA,Wilkes
30662,"34.297968",-83.192787,Royston,GA,Franklin
30663,"33.61101",-83.602459,Rutledge,GA,Morgan
30664,"33.559964",-82.794766,Sharon,GA,Taliaferro
30665,"33.561871",-83.074186,Siloam,GA,Greene
30666,"33.980323",-83.590148,Statham,GA,Barrow
30667,"33.804626",-83.151661,Stephens,GA,Oglethorpe
30668,"33.877751",-82.747023,Tignall,GA,Wilkes
30669,"33.634342",-83.122065,Union Point,GA,Greene
30671,"33.740502",-83.1706,Maxeys,GA,Oglethorpe
30673,"33.73149",-82.710833,Washington,GA,Wilkes
30677,"33.81673",-83.43347,Watkinsville,GA,Oconee
30678,"33.458056",-83.08023,White Plains,GA,Greene
30680,"33.987138",-83.698498,Winder,GA,Barrow
30683,"33.930735",-83.292152,Winterville,GA,Clarke
30701,"34.496921",-84.887942,Calhoun,GA,Gordon
30703,"34.479066",-84.762161,Calhoun,GA,Gordon
30705,"34.785543",-84.771623,Chatsworth,GA,Murray
30707,"34.76416",-85.353517,Chickamauga,GA,Walker
30708,"34.872473",-84.75688,Cisco,GA,Murray
30710,"34.867821",-84.919498,Cohutta,GA,Whitfield
30711,"34.887628",-84.744577,Crandall,GA,Murray
30719,"34.801861",-84.989796,Dalton,GA,Whitfield
30720,"34.791428",-84.992771,Dalton,GA,Whitfield
30721,"34.788493",-84.91381,Dalton,GA,Whitfield
30722,"34.759522",-84.951261,Dalton,GA,Whitfield
30724,"34.78783",-84.777863,Eton,GA,Murray
30725,"34.846843",-85.238041,Flintstone,GA,Walker
30726,"34.980249",-85.140798,Graysville,GA,Catoosa
30728,"34.697006",-85.255273,La Fayette,GA,Walker
30730,"34.392073",-85.417428,Lyerly,GA,Chattooga
30731,"34.518597",-85.414081,Menlo,GA,Chattooga
30732,"34.569015",-84.711863,Oakman,GA,Gordon
30733,"34.414048",-85.052629,Plainville,GA,Gordon
30734,"34.535071",-84.724186,Ranger,GA,Gordon
30735,"34.583318",-84.906803,Resaca,GA,Gordon
30736,"34.888709",-85.118699,Ringgold,GA,Catoosa
30738,"34.813904",-85.501868,Rising Fawn,GA,Dade
30739,"34.801819",-85.212809,Rock Spring,GA,Walker
30740,"34.766976",-85.072681,Rocky Face,GA,Whitfield
30741,"34.798084",-85.246291,Rossville,GA,Walker
30742,"34.931497",-85.175034,Fort Oglethorpe,GA,Catoosa
30746,"34.571753",-85.025616,Sugar Valley,GA,Gordon
30747,"34.484159",-85.315546,Summerville,GA,Chattooga
30750,"34.93473",-85.384631,Lookout Mountain,GA,Walker
30751,"34.981449",-84.735233,Tennga,GA,Murray
30752,"34.871687",-85.50208,Trenton,GA,Dade
30753,"34.532713",-85.368362,Trion,GA,Chattooga
30755,"34.875416",-85.050047,Tunnel Hill,GA,Whitfield
30756,"34.9298",-84.988536,Varnell,GA,Whitfield
30757,"34.922998",-85.448302,Wildwood,GA,Dade
30802,"33.573999",-82.312058,Appling,GA,Columbia
30803,"33.141307",-82.527009,Avera,GA,Jefferson
30805,"33.359709",-82.198897,Blythe,GA,Richmond
30806,"33.527993",-82.5104,Boneville,GA,Mcduffie
30807,"33.447102",-82.642214,Camak,GA,Warren
30808,"33.404395",-82.401622,Dearing,GA,Mcduffie
30809,"33.551132",-82.143617,Evans,GA,Columbia
30810,"33.223471",-82.599738,Gibson,GA,Glascock
30811,"33.050487",-81.929165,Gough,GA,Burke
30812,"33.386041",-82.090996,Gracewood,GA,Richmond
30813,"33.466721",-82.213991,Grovetown,GA,Columbia
30814,"33.456131",-82.307337,Harlem,GA,Columbia
30815,"33.32229",-82.058032,Hephzibah,GA,Richmond
30816,"33.155067",-82.134871,Keysville,GA,Burke
30817,"33.812714",-82.453456,Lincolnton,GA,Lincoln
30818,"33.189975",-82.34339,Matthews,GA,Jefferson
30819,"33.432384",-82.625213,Mesena,GA,Warren
30820,"33.231593",-82.631164,Mitchell,GA,Glascock
30821,"33.484966",-82.718794,Norwood,GA,Warren
30822,"32.873466",-81.875482,Perkins,GA,Jenkins
30823,"33.181447",-82.438568,Stapleton,GA,Jefferson
30824,"33.494908",-82.513847,Thomson,GA,Mcduffie
30828,"33.406118",-82.641067,Warrenton,GA,Warren
30830,"33.080724",-81.986767,Waynesboro,GA,Burke
30833,"33.192426",-82.361546,Wrens,GA,Jefferson
30901,"33.456687",-81.969184,Augusta,GA,Richmond
30903,"33.386041",-82.090996,Augusta,GA,Richmond
30904,"33.478686",-82.015988,Augusta,GA,Richmond
30905,"33.412986",-82.133732,Augusta,GA,Richmond
30906,"33.358865",-82.009938,Augusta,GA,Richmond
30907,"33.457921",-82.068935,Augusta,GA,Richmond
30909,"33.416616",-82.055973,Augusta,GA,Richmond
30910,"33.386041",-82.090996,Augusta,GA,Richmond
30911,"33.386041",-82.090996,Augusta,GA,Richmond
30912,"33.386041",-82.090996,Augusta,GA,Richmond
30913,"33.386041",-82.090996,Augusta,GA,Richmond
30914,"33.386041",-82.090996,Augusta,GA,Richmond
30916,"33.386041",-82.090996,Augusta,GA,Richmond
30917,"33.527678",-82.235542,Augusta,GA,Columbia
30919,"33.386041",-82.090996,Augusta,GA,Richmond
30999,"33.386041",-82.090996,Augusta,GA,Richmond
31001,"31.977048",-83.372515,Abbeville,GA,Wilcox
31002,"32.56887",-82.540305,Adrian,GA,Emanuel
31003,"32.606433",-83.20951,Allentown,GA,Wilkinson
31004,"32.946971",-83.800628,Bolingbroke,GA,Monroe
31005,"32.539506",-83.662733,Bonaire,GA,Houston
31006,"32.572668",-84.226075,Butler,GA,Taylor
31007,"32.185828",-83.901376,Byromville,GA,Dooly
31008,"32.618051",-83.788976,Byron,GA,Peach
31009,"32.303915",-83.009422,Cadwell,GA,Laurens
31010,"31.917178",-83.785365,Cordele,GA,Crisp
31011,"32.150374",-83.055544,Chauncey,GA,Dodge
31012,"32.310632",-83.160882,Chester,GA,Dodge
31013,"32.338639",-83.692562,Clinchfield,GA,Houston
31014,"32.383904",-83.321095,Cochran,GA,Bleckley
31015,"31.919861",-83.777354,Cordele,GA,Crisp
31016,"32.900292",-84.062584,Culloden,GA,Monroe
31017,"32.607654",-83.269106,Danville,GA,Twiggs
31018,"32.968449",-82.648357,Davisboro,GA,Washington
31019,"32.428425",-83.044502,Dexter,GA,Laurens
31020,"32.715133",-83.455788,Dry Branch,GA,Twiggs
31021,"32.459291",-82.938121,Dublin,GA,Laurens
31022,"32.505705",-83.108975,Dudley,GA,Laurens
31023,"32.143564",-83.194358,Eastman,GA,Dodge
31024,"33.320818",-83.355865,Eatonton,GA,Putnam
31025,"32.360242",-83.749048,Elko,GA,Houston
31027,"32.552377",-82.781684,Dublin,GA,Laurens
31028,"32.56822",-83.70177,Centerville,GA,Houston
31029,"33.025944",-83.915021,Forsyth,GA,Monroe
31030,"32.560698",-83.854528,Fort Valley,GA,Peach
31031,"32.881267",-83.302945,Gordon,GA,Wilkinson
31032,"32.991607",-83.567362,Gray,GA,Jones
31033,"33.056543",-83.424672,Haddock,GA,Jones
31034,"33.022658",-83.246975,Hardwick,GA,Baldwin
31035,"32.855295",-82.702399,Harrison,GA,Washington
31036,"32.275664",-83.49009,Hawkinsville,GA,Pulaski
31037,"32.047457",-82.9747,Helena,GA,Telfair
31038,"33.207511",-83.618059,Hillsboro,GA,Jasper
31039,"32.559781",-84.227675,Howard,GA,Taylor
31040,"32.540073",-82.914974,Dublin,GA,Laurens
31041,"32.372937",-84.212159,Ideal,GA,Macon
31042,"32.751414",-83.145237,Irwinton,GA,Wilkinson
31044,"32.661271",-83.331033,Jeffersonville,GA,Twiggs
31045,"33.296633",-82.755599,Jewell,GA,Warren
31046,"33.027607",-83.803166,Juliette,GA,Monroe
31047,"32.454331",-83.646436,Kathleen,GA,Houston
31049,"32.698954",-82.525306,Kite,GA,Johnson
31050,"32.715632",-83.915762,Knoxville,GA,Crawford
31051,"32.146879",-83.891349,Lilly,GA,Dooly
31052,"32.783332",-83.823023,Lizella,GA,Crawford
31054,"32.886524",-83.231724,Mc Intyre,GA,Wilkinson
31055,"32.047918",-82.910927,Mc Rae,GA,Telfair
31057,"32.438321",-83.905039,Marshallville,GA,Macon
31058,"32.559781",-84.227675,Mauk,GA,Taylor
31059,"",,Milledgeville,GA,Baldwin
31060,"31.964005",-82.926588,Milan,GA,Telfair
31061,"33.072279",-83.239008,Milledgeville,GA,Baldwin
31062,"33.087138",-83.22492,Milledgeville,GA,Baldwin
31063,"32.240448",-83.863997,Montezuma,GA,Macon
31064,"33.337906",-83.698508,Monticello,GA,Jasper
31065,"32.56204",-83.159741,Montrose,GA,Laurens
31066,"32.786842",-83.979228,Musella,GA,Crawford
31067,"32.876666",-82.946903,Oconee,GA,Washington
31068,"32.327479",-84.101472,Oglethorpe,GA,Macon
31069,"32.43194",-83.722649,Perry,GA,Houston
31070,"32.182652",-83.778422,Pinehurst,GA,Dooly
31071,"32.09813",-83.504479,Pineview,GA,Wilcox
31072,"31.948637",-83.539522,Pitts,GA,Wilcox
31073,"32.176429",-83.122891,Plainfield,GA,Dodge
31075,"32.379902",-82.966995,Rentz,GA,Laurens
31076,"32.551695",-84.092715,Reynolds,GA,Taylor
31077,"32.176429",-83.122891,Rhine,GA,Dodge
31078,"32.687207",-84.010581,Roberta,GA,Crawford
31079,"31.948411",-83.453578,Rochelle,GA,Wilcox
31081,"32.559781",-84.227675,Rupert,GA,Taylor
31082,"32.974982",-82.840564,Sandersville,GA,Washington
31083,"32.084139",-82.912341,Scotland,GA,Telfair
31084,"31.989039",-83.394574,Seville,GA,Wilcox
31085,"33.435022",-83.626885,Shady Dale,GA,Jasper
31086,"32.989503",-83.876108,Smarr,GA,Monroe
31087,"33.257068",-83.08922,Sparta,GA,Hancock
31088,"32.555039",-83.644751,Warner Robins,GA,Houston
31089,"32.873449",-82.782879,Tennille,GA,Washington
31090,"32.806595",-83.066814,Toomsboro,GA,Wilkinson
31091,"32.219249",-83.731718,Unadilla,GA,Dooly
31092,"32.115981",-83.791644,Vienna,GA,Dooly
31093,"32.587303",-83.658174,Warner Robins,GA,Houston
31094,"33.07975",-82.805591,Warthen,GA,Washington
31095,"32.487403",-83.669655,Warner Robins,GA,Houston
31096,"32.635692",-82.657495,Wrightsville,GA,Johnson
31097,"32.901627",-84.212644,Yatesville,GA,Upson
31098,"32.49372",-83.640099,Warner Robins,GA,Houston
31099,"32.646236",-83.6513,Warner Robins,GA,Houston
31106,"33.844371",-84.47405,Atlanta,GA,Fulton
31107,"33.844371",-84.47405,Atlanta,GA,Fulton
31119,"33.891251",-84.07456,Atlanta,GA,Dekalb
31126,"33.844371",-84.47405,Atlanta,GA,Fulton
31131,"33.844371",-84.47405,Atlanta,GA,Fulton
31139,"33.844371",-84.47405,Atlanta,GA,Fulton
31141,"33.891251",-84.07456,Atlanta,GA,Dekalb
31145,"33.891251",-84.07456,Atlanta,GA,Dekalb
31146,"33.891251",-84.07456,Atlanta,GA,Dekalb
31150,"33.844371",-84.47405,Atlanta,GA,Fulton
31156,"33.844371",-84.47405,Atlanta,GA,Fulton
31191,"33.844371",-84.47405,Atlanta,GA,Fulton
31192,"33.844371",-84.47405,Atlanta,GA,Fulton
31193,"33.844371",-84.47405,Atlanta,GA,Fulton
31195,"33.844371",-84.47405,Atlanta,GA,Fulton
31196,"33.844371",-84.47405,Atlanta,GA,Fulton
31197,"33.844371",-84.47405,Atlanta,GA,Fulton
31198,"33.844371",-84.47405,Atlanta,GA,Fulton
31199,"33.844371",-84.47405,Atlanta,GA,Fulton
31201,"32.827949",-83.595066,Macon,GA,Bibb
31202,"32.806707",-83.691315,Macon,GA,Bibb
31203,"32.806707",-83.691315,Macon,GA,Bibb
31204,"32.852249",-83.667064,Macon,GA,Bibb
31205,"32.806707",-83.691315,Macon,GA,Bibb
31206,"32.834861",-83.668091,Macon,GA,Bibb
31207,"32.830389",-83.648552,Macon,GA,Bibb
31208,"32.806707",-83.691315,Macon,GA,Bibb
31209,"32.806707",-83.691315,Macon,GA,Bibb
31210,"32.843368",-83.680078,Macon,GA,Bibb
31211,"32.866987",-83.607363,Macon,GA,Bibb
31212,"32.806707",-83.691315,Macon,GA,Bibb
31213,"32.839289",-83.638752,Macon,GA,Bibb
31216,"32.74857",-83.747721,Macon,GA,Bibb
31217,"32.811767",-83.565009,Macon,GA,Bibb
31220,"32.859461",-83.802047,Macon,GA,Bibb
31221,"32.806707",-83.691315,Macon,GA,Bibb
31294,"32.806707",-83.691315,Macon,GA,Bibb
31295,"32.810189",-83.569001,Macon,GA,Bibb
31296,"32.806707",-83.691315,Macon,GA,Bibb
31297,"32.70045",-83.657207,Macon,GA,Bibb
31298,"32.87333",-83.708399,Macon,GA,Bibb
31299,"32.806707",-83.691315,Macon,GA,Bibb
31301,"31.779116",-81.60385,Allenhurst,GA,Liberty
31302,"32.107103",-81.291335,Bloomingdale,GA,Chatham
31303,"32.488015",-81.322392,Clyo,GA,Effingham
31304,"31.495071",-81.381908,Crescent,GA,Mcintosh
31305,"31.413831",-81.369263,Darien,GA,Mcintosh
31307,"32.174021",-81.353756,Eden,GA,Effingham
31308,"32.159233",-81.502963,Ellabell,GA,Bryan
31309,"31.87673",-81.457959,Fleming,GA,Liberty
31310,"31.806832",-81.437074,Hinesville,GA,Liberty
31312,"32.331563",-81.384181,Guyton,GA,Effingham
31313,"31.804838",-81.523649,Hinesville,GA,Liberty
31314,"31.806832",-81.437074,Fort Stewart,GA,Liberty
31315,"31.844332",-81.654696,Fort Stewart,GA,Liberty
31316,"31.780996",-81.773916,Ludowici,GA,Long
31318,"32.149861",-81.372184,Meldrim,GA,Effingham
31319,"31.459045",-81.368884,Meridian,GA,Mcintosh
31320,"31.778847",-81.420626,Midway,GA,Liberty
31321,"32.009967",-81.514752,Pembroke,GA,Bryan
31322,"32.071917",-81.083881,Pooler,GA,Chatham
31323,"31.785934",-81.57385,Riceboro,GA,Liberty
31324,"31.951531",-81.407336,Richmond Hill,GA,Bryan
31326,"32.285205",-81.287526,Rincon,GA,Effingham
31327,"31.495071",-81.381908,Sapelo Island,GA,Mcintosh
31328,"32.00593",-80.855322,Tybee Island,GA,Chatham
31329,"32.369703",-81.361775,Springfield,GA,Effingham
31331,"31.512024",-81.358252,Townsend,GA,Mcintosh
31333,"31.770473",-81.62083,Walthourville,GA,Liberty
31401,"32.072257",-81.135618,Savannah,GA,Chatham
31402,"31.971394",-81.07156,Savannah,GA,Chatham
31403,"31.971394",-81.07156,Savannah,GA,Chatham
31404,"32.048247",-81.11748,Savannah,GA,Chatham
31405,"32.065317",-81.181413,Savannah,GA,Chatham
31406,"31.975611",-81.086617,Savannah,GA,Chatham
31407,"32.167235",-81.199897,Savannah,GA,Chatham
31408,"32.108154",-81.174612,Savannah,GA,Chatham
31409,"31.971394",-81.07156,Savannah,GA,Chatham
31410,"32.017461",-80.997043,Savannah,GA,Chatham
31411,"31.942645",-81.045795,Savannah,GA,Chatham
31412,"31.971394",-81.07156,Savannah,GA,Chatham
31414,"31.971394",-81.07156,Savannah,GA,Chatham
31415,"32.075307",-81.128865,Savannah,GA,Chatham
31416,"32.005255",-81.047711,Savannah,GA,Chatham
31418,"31.971394",-81.07156,Savannah,GA,Chatham
31419,"32.008492",-81.214369,Savannah,GA,Chatham
31420,"31.971394",-81.07156,Savannah,GA,Chatham
31421,"31.971394",-81.07156,Savannah,GA,Chatham
31422,"31.971394",-81.07156,Savannah,GA,Chatham
31498,"31.971394",-81.07156,Savannah,GA,Chatham
31499,"31.971394",-81.07156,Savannah,GA,Chatham
31501,"31.224262",-82.359628,Waycross,GA,Ware
31502,"31.018954",-82.416543,Waycross,GA,Ware
31503,"31.193229",-82.376595,Waycross,GA,Ware
31510,"31.576952",-82.461197,Alma,GA,Bacon
31512,"31.549597",-82.987305,Ambrose,GA,Coffee
31513,"31.756861",-82.350837,Baxley,GA,Appling
31515,"31.717717",-82.299677,Baxley,GA,Appling
31516,"31.326324",-82.271206,Blackshear,GA,Pierce
31518,"31.483312",-82.214987,Bristol,GA,Pierce
31519,"31.671903",-82.864903,Broxton,GA,Coffee
31520,"31.230428",-81.492883,Brunswick,GA,Glynn
31521,"31.241505",-81.532489,Brunswick,GA,Glynn
31522,"31.213223",-81.449141,Saint Simons Island,GA,Glynn
31523,"31.218921",-81.546047,Brunswick,GA,Glynn
31524,"31.221995",-81.482551,Brunswick,GA,Glynn
31525,"31.280403",-81.530477,Brunswick,GA,Glynn
31527,"31.059721",-81.416665,Jekyll Island,GA,Glynn
31532,"31.795977",-82.707079,Denton,GA,Jeff Davis
31533,"31.509338",-82.857131,Douglas,GA,Coffee
31534,"31.571596",-82.854631,Douglas,GA,Coffee
31535,"31.504581",-82.824636,Douglas,GA,Coffee
31537,"30.855314",-82.027252,Folkston,GA,Charlton
31539,"31.806871",-82.626991,Hazlehurst,GA,Jeff Davis
31542,"31.178954",-82.123686,Hoboken,GA,Brantley
31543,"31.26837",-81.810366,Hortense,GA,Brantley
31544,"31.83245",-82.977178,Jacksonville,GA,Telfair
31545,"31.600775",-81.957787,Jesup,GA,Wayne
31546,"31.531938",-81.804924,Jesup,GA,Wayne
31547,"30.804684",-81.627717,Kings Bay,GA,Camden
31548,"30.784384",-81.692042,Kingsland,GA,Camden
31549,"31.931373",-82.682963,Lumber City,GA,Telfair
31550,"31.168101",-82.594815,Manor,GA,Ware
31551,"31.453629",-82.230385,Mershon,GA,Pierce
31552,"31.307256",-82.600728,Millwood,GA,Ware
31553,"31.158299",-81.954478,Nahunta,GA,Brantley
31554,"31.504909",-82.703064,Nicholls,GA,Coffee
31555,"31.685101",-82.037562,Odum,GA,Wayne
31556,"31.412649",-82.115541,Offerman,GA,Pierce
31557,"31.369686",-82.115363,Patterson,GA,Pierce
31558,"30.844019",-81.630984,Saint Marys,GA,Camden
31560,"31.512923",-82.010258,Screven,GA,Wayne
31561,"31.198914",-81.332211,Sea Island,GA,Glynn
31563,"31.731163",-82.194912,Surrency,GA,Appling
31564,"31.018954",-82.416543,Waresboro,GA,Ware
31565,"31.069415",-81.633658,Waverly,GA,Camden
31566,"31.187918",-81.889563,Waynesville,GA,Brantley
31567,"31.614312",-82.724308,West Green,GA,Coffee
31568,"30.995235",-81.778181,White Oak,GA,Camden
31569,"30.939072",-81.703469,Woodbine,GA,Camden
31598,"31.578181",-81.880222,Jesup,GA,Wayne
31599,"31.578181",-81.880222,Jesup,GA,Wayne
31601,"30.753904",-83.332068,Valdosta,GA,Lowndes
31602,"30.893109",-83.327812,Valdosta,GA,Lowndes
31603,"30.827965",-83.252192,Valdosta,GA,Lowndes
31604,"30.827965",-83.252192,Valdosta,GA,Lowndes
31605,"30.945994",-83.247371,Valdosta,GA,Lowndes
31606,"30.826306",-83.245331,Valdosta,GA,Lowndes
31620,"31.151742",-83.407143,Adel,GA,Cook
31622,"31.383968",-83.221348,Alapaha,GA,Berrien
31623,"31.064114",-82.68954,Argyle,GA,Clinch
31624,"31.303159",-82.847997,Axson,GA,Atkinson
31625,"30.856633",-83.526479,Barney,GA,Brooks
31626,"30.828644",-83.910971,Boston,GA,Thomas
31627,"31.040257",-83.391519,Cecil,GA,Cook
31629,"30.761316",-83.708223,Dixie,GA,Brooks
31630,"30.975874",-82.880688,Du Pont,GA,Clinch
31631,"31.05682",-82.772422,Fargo,GA,Clinch
31632,"30.942022",-83.333206,Hahira,GA,Lowndes
31634,"31.050929",-82.76133,Homerville,GA,Clinch
31635,"31.035327",-83.098737,Lakeland,GA,Lanier
31636,"30.745322",-83.184325,Lake Park,GA,Lowndes
31637,"31.271045",-83.468529,Lenox,GA,Cook
31638,"30.924839",-83.539952,Morven,GA,Brooks
31639,"31.199826",-83.218233,Nashville,GA,Berrien
31641,"30.899018",-83.128478,Naylor,GA,Lowndes
31642,"31.340836",-82.853406,Pearson,GA,Atkinson
31643,"30.78944",-83.587777,Quitman,GA,Brooks
31645,"31.083619",-83.228709,Ray City,GA,Berrien
31646,"30.434346",-82.165527,Saint George,GA,Charlton
31647,"31.212878",-83.412143,Sparks,GA,Cook
31648,"30.768894",-83.037116,Statenville,GA,Echols
31649,"30.955111",-83.013828,Stockton,GA,Lanier
31650,"31.361682",-82.968235,Willacoochee,GA,Atkinson
31698,"30.84848",-83.287753,Valdosta,GA,Lowndes
31699,"30.975119",-83.207206,Valdosta,GA,Lowndes
31701,"31.560674",-84.176751,Albany,GA,Dougherty
31702,"31.594782",-84.194812,Albany,GA,Dougherty
31703,"31.543065",-84.219594,Albany,GA,Dougherty
31704,"31.549975",-84.061155,Albany,GA,Dougherty
31705,"31.546375",-84.078338,Albany,GA,Dougherty
31706,"31.559274",-84.176507,Albany,GA,Dougherty
31707,"31.529269",-84.293109,Albany,GA,Dougherty
31708,"31.591073",-84.132357,Albany,GA,Dougherty
31709,"32.040432",-84.215282,Americus,GA,Sumter
31710,"32.051235",-84.181547,Americus,GA,Sumter
31711,"32.155949",-84.163983,Andersonville,GA,Sumter
31712,"31.849613",-83.7277,Arabi,GA,Crisp
31713,"31.47718",-84.699156,Arlington,GA,Calhoun
31714,"31.723074",-83.644063,Ashburn,GA,Turner
31715,"30.835331",-84.511949,Attapulgus,GA,Decatur
31716,"31.358861",-84.100301,Baconton,GA,Mitchell
31717,"30.888734",-84.617836,Bainbridge,GA,Decatur
31718,"30.901863",-84.570049,Bainbridge,GA,Decatur
31720,"30.856633",-83.526479,Barwick,GA,Brooks
31722,"31.080682",-83.649138,Berlin,GA,Colquitt
31723,"31.346088",-84.901178,Blakely,GA,Early
31724,"31.557533",-84.854212,Bluffton,GA,Clay
31725,"30.907915",-84.703795,Brinson,GA,Decatur
31726,"31.824017",-84.343163,Bronwood,GA,Terrell
31727,"31.44172",-83.503715,Brookfield,GA,Tift
31728,"30.857503",-84.22903,Cairo,GA,Grady
31729,"30.71471",-84.351846,Calvary,GA,Grady
31730,"31.249152",-84.242837,Camilla,GA,Mitchell
31732,"31.29563",-84.871091,Cedar Springs,GA,Early
31733,"31.557454",-83.509385,Chula,GA,Tift
31734,"30.887347",-84.468281,Climax,GA,Decatur
31735,"31.968395",-83.978975,Cobb,GA,Sumter
31736,"31.775195",-84.747201,Coleman,GA,Randolph
31737,"31.16251",-84.713359,Colquitt,GA,Miller
31738,"30.976287",-83.871284,Coolidge,GA,Thomas
31739,"31.260443",-84.253089,Cotton,GA,Mitchell
31740,"31.731183",-84.832234,Cuthbert,GA,Randolph
31741,"31.298124",-84.71746,Damascus,GA,Early
31742,"31.76615",-84.438586,Dawson,GA,Terrell
31743,"31.938088",-84.03104,De Soto,GA,Sumter
31744,"31.272009",-83.889951,Doerun,GA,Colquitt
31745,"30.918229",-84.867238,Donalsonville,GA,Seminole
31746,"31.506869",-84.721045,Edison,GA,Calhoun
31747,"31.17885",-83.588901,Ellenton,GA,Colquitt
31749,"31.417797",-83.355349,Enigma,GA,Berrien
31750,"31.748753",-83.235412,Fitzgerald,GA,Ben Hill
31751,"31.63618",-85.054942,Fort Gaines,GA,Clay
31752,"30.791856",-84.549907,Fowlstown,GA,Decatur
31753,"31.205365",-83.877554,Funston,GA,Colquitt
31754,"31.844937",-85.104383,Georgetown,GA,Quitman
31756,"31.200827",-83.945527,Hartsfield,GA,Colquitt
31757,"30.853592",-83.888269,Thomasville,GA,Thomas
31758,"30.868187",-83.927785,Thomasville,GA,Thomas
31759,"30.985082",-84.834731,Iron City,GA,Seminole
31760,"31.706283",-83.408633,Irwinville,GA,Irwin
31761,"31.089377",-84.986113,Jakin,GA,Early
31762,"31.484266",-84.513659,Leary,GA,Calhoun
31763,"31.763715",-84.160359,Leesburg,GA,Lee
31764,"32.000148",-84.088354,Leslie,GA,Sumter
31765,"31.021859",-84.061389,Meigs,GA,Thomas
31766,"31.53796",-84.611559,Morgan,GA,Calhoun
31767,"31.88141",-85.024468,Morris,GA,Quitman
31768,"31.183438",-83.789698,Moultrie,GA,Colquitt
31769,"31.620866",-83.249754,Mystic,GA,Irwin
31770,"31.37168",-84.338325,Newton,GA,Baker
31771,"31.246179",-83.654904,Norman Park,GA,Colquitt
31772,"31.726629",-83.959728,Oakfield,GA,Worth
31773,"30.968592",-84.02725,Ochlocknee,GA,Thomas
31774,"31.571754",-83.269632,Ocilla,GA,Irwin
31775,"31.359156",-83.59029,Omega,GA,Tift
31776,"31.172696",-83.792379,Moultrie,GA,Colquitt
31777,"31.911689",-84.506058,Parrott,GA,Terrell
31778,"30.869228",-83.900766,Pavo,GA,Thomas
31779,"31.225572",-84.223371,Pelham,GA,Mitchell
31780,"32.027663",-84.37249,Plains,GA,Sumter
31781,"31.538397",-83.784347,Poulan,GA,Worth
31782,"31.543065",-84.219594,Putney,GA,Dougherty
31783,"31.780373",-83.526041,Rebecca,GA,Turner
31784,"31.27433",-84.047656,Sale City,GA,Mitchell
31785,"31.689973",-84.32748,Sasser,GA,Terrell
31786,"31.760361",-84.614914,Shellman,GA,Randolph
31787,"31.772073",-84.222541,Smithville,GA,Lee
31789,"31.481811",-83.727288,Sumner,GA,Worth
31790,"31.652867",-83.578336,Sycamore,GA,Turner
31791,"31.603336",-83.850054,Sylvester,GA,Worth
31792,"30.825551",-83.950795,Thomasville,GA,Thomas
31793,"31.485438",-83.503621,Tifton,GA,Tift
31794,"31.463918",-83.499944,Tifton,GA,Tift
31795,"31.475155",-83.592123,Ty Ty,GA,Tift
31796,"31.762219",-83.876179,Warwick,GA,Worth
31797,"30.901959",-84.311493,Whigham,GA,Grady
31798,"31.571849",-83.087813,Wray,GA,Irwin
31799,"30.880968",-83.885902,Thomasville,GA,Thomas
31801,"32.701117",-84.494946,Box Springs,GA,Talbot
31803,"32.254152",-84.489818,Buena Vista,GA,Marion
31804,"32.661625",-84.855447,Cataula,GA,Harris
31805,"32.292547",-84.736706,Cusseta,GA,Chattahoochee
31806,"32.209028",-84.277064,Ellaville,GA,Schley
31807,"32.631243",-84.789524,Ellerslie,GA,Harris
31808,"32.563874",-84.991501,Fortson,GA,Muscogee
31810,"32.701117",-84.494946,Geneva,GA,Talbot
31811,"32.746007",-84.934906,Hamilton,GA,Harris
31812,"32.701117",-84.494946,Junction City,GA,Talbot
31814,"32.07663",-84.849724,Louvale,GA,Stewart
31815,"32.069538",-84.728093,Lumpkin,GA,Stewart
31816,"32.91107",-84.615478,Manchester,GA,Meriwether
31820,"32.565782",-84.850953,Midland,GA,Muscogee
31821,"32.07663",-84.849724,Omaha,GA,Stewart
31822,"32.834241",-84.904638,Pine Mountain,GA,Harris
31823,"32.822628",-84.820364,Pine Mountain Valley,GA,Harris
31824,"32.076133",-84.543517,Preston,GA,Webster
31825,"32.074331",-84.718627,Richland,GA,Stewart
31826,"32.791278",-84.733595,Shiloh,GA,Harris
31827,"32.673738",-84.537989,Talbotton,GA,Talbot
31829,"32.564771",-84.733865,Upatoi,GA,Muscogee
31830,"32.906319",-84.716723,Warm Springs,GA,Meriwether
31831,"32.738687",-84.78546,Waverly Hall,GA,Harris
31832,"32.076133",-84.543517,Weston,GA,Webster
31833,"32.907328",-85.077535,West Point,GA,Troup
31836,"32.790007",-84.56542,Woodland,GA,Talbot
31901,"32.472864",-84.97823,Columbus,GA,Muscogee
31902,"32.524252",-84.955843,Columbus,GA,Muscogee
31903,"32.41851",-84.934344,Columbus,GA,Muscogee
31904,"32.534374",-84.99698,Columbus,GA,Muscogee
31905,"32.392337",-84.931457,Fort Benning,GA,Muscogee
31906,"32.493455",-84.95328,Columbus,GA,Muscogee
31907,"32.483084",-84.914976,Columbus,GA,Muscogee
31908,"32.534852",-84.906483,Columbus,GA,Muscogee
31909,"32.542198",-84.920187,Columbus,GA,Muscogee
31914,"32.491005",-84.874123,Columbus,GA,Muscogee
31917,"32.491005",-84.874123,Columbus,GA,Muscogee
31993,"32.482142",-84.977131,Columbus,GA,Muscogee
31994,"32.491005",-84.874123,Columbus,GA,Muscogee
31995,"32.495841",-84.963981,Fort Benning,GA,Muscogee
31997,"32.491005",-84.874123,Columbus,GA,Muscogee
31998,"32.491005",-84.874123,Columbus,GA,Muscogee
31999,"32.491005",-84.874123,Columbus,GA,Muscogee
39901,"33.891251",-84.07456,Atlanta,GA,Dekalb
