135,"ADRIAN",MO,38.397,-94.3804
142,"ADVANCE",MO,37.0012,-90.0333
162,"AGENCY",MO,39.6311,-94.714
229,"ALBA",MO,37.2367,-94.418
239,"ALBANY",MO,40.2566,-94.3309
305,"ALDRICH",MO,37.5348,-93.5432
324,"ALEXANDRIA",MO,40.3576,-91.4589
380,"ALLENDALE",MO,40.4781,-94.4233
391,"ALLENTON",MO,38.6383,-90.4271
426,"ALMA",MO,39.1056,-93.5909
482,"ALTAMONT",MO,39.8933,-94.0909
489,"ALTENBURG",MO,37.6279,-89.5745
502,"ALTON",MO,36.6929,-91.3971
557,"AMAZONIA",MO,39.9084,-94.9235
608,"AMITY",MO,39.9044,-94.4907
617,"AMORET",MO,38.2519,-94.332
621,"AMSTERDAM",MO,38.2519,-94.332
625,"ANABEL",MO,39.7428,-92.328
655,"ANDERSON",MO,36.667,-94.4192
716,"ANNADA",MO,39.2536,-90.8148
724,"ANNAPOLIS",MO,37.4913,-90.6646
729,"ANNISTON",MO,36.8226,-89.3462
790,"APPLETON CITY",MO,38.1679,-93.8828
812,"ARBELA",MO,40.4533,-92.1474
817,"ARBYRD",MO,36.0649,-90.2292
826,"ARCADIA",MO,37.6036,-90.6349
843,"ARCHIE",MO,38.5216,-94.3521
848,"ARCOLA",MO,37.4318,-93.8499
881,"ARGYLE",MO,38.498,-91.918
942,"ARMSTRONG",MO,39.2425,-92.6997
954,"ARNOLD",MO,38.3417,-90.4102
972,"ARROW ROCK",MO,39.0694,-92.9487
1003,"ASBURY",MO,37.2667,-94.518
1011,"ASH GROVE",MO,37.3114,-93.5786
1014,"ASHBURN",MO,39.561,-91.1844
1042,"ASHLAND",MO,38.7813,-92.2659
1136,"ATLANTA",MO,39.8965,-92.4635
1218,"AUGUSTA",MO,38.6191,-90.8803
1239,"AURORA",MO,37.0057,-93.7904
1266,"AUXVASSE",MO,39.0086,-91.9118
1268,"AVA",MO,36.9519,-92.6655
1291,"AVILLA",MO,37.1948,-94.1452
1406,"BAKERSFIELD",MO,36.5237,-92.145
1446,"BALLWIN",MO,38.5951,-90.545
1518,"BARING",MO,40.1496,-92.3033
1531,"BARNARD",MO,40.2668,-94.8581
1547,"BARNETT",MO,38.3731,-92.7152
1552,"BARNHART",MO,38.3342,-90.453
1643,"BATES CITY",MO,38.9746,-94.0637
1766,"BEAUFORT",MO,38.4168,-91.1421
1891,"BELGRADE",MO,37.7899,-90.8463
1903,"BELL CITY",MO,36.9929,-89.7894
1915,"BELLE",MO,38.2043,-91.7566
1938,"BELLEVIEW",MO,37.6657,-90.8982
1958,"BELLFLOWER",MO,39.0343,-91.3319
2006,"BELTON",MO,38.784,-94.5324
2037,"BENDAVIS",MO,37.3094,-92.2144
2089,"BENTON",MO,37.0259,-89.5386
2094,"BENTON CITY",MO,39.1561,-91.7552
2113,"BERGER",MO,38.6327,-91.3214
2154,"BERNIE",MO,36.6707,-89.9966
2169,"BERTRAND",MO,36.8794,-89.369
2192,"BETHANY",MO,40.2582,-94.021
2201,"BETHEL",MO,39.7793,-92.0697
2233,"BEULAH",MO,37.6158,-91.9064
2248,"BEVIER",MO,39.7526,-92.5769
2330,"BILLINGS",MO,37.0461,-93.4059
2352,"BIRCH TREE",MO,36.9978,-91.4942
2387,"BISMARCK",MO,37.7539,-90.5984
2397,"BIXBY",MO,37.5055,-90.845
2401,"BLACK",MO,37.3272,-91.0243
2418,"BLACKBURN",MO,39.1053,-93.4847
2433,"BLACKWATER",MO,38.9404,-92.8681
2435,"BLACKWELL",MO,38.0544,-90.6279
2459,"BLAIRSTOWN",MO,38.3887,-93.9245
2482,"BLAND",MO,38.3938,-91.5202
2511,"BLODGETT",MO,37.0042,-89.5266
2523,"BLOOMFIELD",MO,36.9172,-89.9206
2556,"BLOOMSDALE",MO,38.0232,-90.2528
2576,"BLUE EYE",MO,36.5493,-93.3388
2603,"BLUE SPRINGS",MO,39.024,-94.2766
2633,"BLYTHEDALE",MO,40.5106,-93.8757
2654,"BOGARD",MO,39.411,-93.4319
2667,"BOIS D ARC",MO,37.2244,-93.5408
2674,"BOLCKOW",MO,40.0958,-94.8559
2683,"BOLIVAR",MO,37.6265,-93.4136
2724,"BONNE TERRE",MO,37.8792,-90.488
2732,"BONNOTS MILL",MO,38.498,-91.918
2755,"BOONVILLE",MO,38.8844,-92.7333
2778,"BOSS",MO,37.6128,-91.6525
2793,"BOSWORTH",MO,39.4697,-93.3375
2810,"BOURBON",MO,38.1059,-91.2487
2845,"BOWLING GREEN",MO,39.3164,-91.1749
2933,"BRADLEYVILLE",MO,36.7225,-92.9146
2942,"BRAGG CITY",MO,36.2697,-89.8728
2943,"BRAGGADOCIO",MO,36.1781,-89.6716
2978,"BRANDSVILLE",MO,36.6488,-91.6976
2988,"BRANSON",MO,36.6427,-93.2536
2997,"BRASHEAR",MO,40.1493,-92.378
3006,"BRAYMER",MO,39.599,-93.8286
3008,"BRAZEAU",MO,37.6633,-89.6529
3017,"BRECKENRIDGE",MO,39.6876,-93.8766
3064,"BRIAR",MO,36.661,-90.8508
3090,"BRIDGETON",MO,38.7514,-90.4115
3126,"BRIGHTON",MO,37.4625,-93.348
3145,"BRINKTOWN",MO,38.1483,-92.1015
3178,"BRIXEY",MO,36.6516,-92.4423
3222,"BRONAUGH",MO,37.693,-94.4662
3245,"BROOKFIELD",MO,39.8226,-93.116
3261,"BROOKLINE STATION",MO,37.1393,-93.3849
3303,"BROSELEY",MO,36.7125,-90.407
3315,"BROWNING",MO,40.0083,-93.1794
3350,"BROWNWOOD",MO,37.0828,-89.9523
3366,"BRUMLEY",MO,38.1872,-92.4998
3369,"BRUNER",MO,37.0117,-92.9517
3380,"BRUNSWICK",MO,39.4254,-93.1281
3452,"BUCKLIN",MO,39.8397,-93.0096
3457,"BUCKNER",MO,39.1133,-94.2116
3463,"BUCYRUS",MO,37.3842,-92.0772
3487,"BUFFALO",MO,37.6429,-93.0906
3532,"BUNCETON",MO,38.7596,-92.7904
3535,"BUNKER",MO,37.4558,-91.2075
3561,"BURFORDVILLE",MO,37.3535,-89.7931
3608,"BURLINGTON JUNCTION",MO,40.4475,-95.063
3680,"BUTLER",MO,38.2412,-94.3491
3696,"BUTTERFIELD",MO,36.749,-93.9064
3741,"CABOOL",MO,37.1936,-92.0785
3755,"CADET",MO,38.0183,-90.7289
3765,"CAINSVILLE",MO,40.4614,-93.832
3769,"CAIRO",MO,39.5344,-92.4707
3793,"CALEDONIA",MO,37.7773,-90.8096
3807,"CALHOUN",MO,38.4549,-93.6086
3817,"CALIFORNIA",MO,38.6251,-92.551
3829,"CALLAO",MO,39.7406,-92.644
3899,"CAMDEN",MO,39.2606,-94.1054
3910,"CAMDEN POINT",MO,39.3963,-94.7258
3912,"CAMDENTON",MO,38.0246,-92.7448
3916,"CAMERON",MO,39.6494,-94.3838
3954,"CAMPBELL",MO,36.4923,-90.0481
3995,"CANALOU",MO,36.685,-89.7483
4048,"CANTON",MO,40.1075,-91.7058
4081,"CAPE FAIR",MO,36.7471,-93.4586
4082,"CAPE GIRARDEAU",MO,37.3132,-89.5524
4096,"CAPLINGER MILLS",MO,37.7369,-93.8425
4128,"CARDWELL",MO,36.0669,-90.2574
4139,"CARL JUNCTION",MO,37.1881,-94.3376
4225,"CARROLLTON",MO,39.4058,-93.4251
4252,"CARTERVILLE",MO,37.1463,-94.4354
4256,"CARTHAGE",MO,37.1823,-94.314
4266,"CARUTHERSVILLE",MO,36.1458,-89.6997
4285,"CASCADE",MO,37.1196,-90.445
4327,"CASSVILLE",MO,36.6838,-93.8757
4378,"CATAWISSA",MO,38.4047,-90.7806
4393,"CATRON",MO,36.6276,-89.7436
4396,"CAULFIELD",MO,36.579,-92.0517
4441,"CEDAR CITY",MO,38.5992,-92.1781
4455,"CEDAR HILL",MO,38.3523,-90.6257
4479,"CEDARCREEK",MO,36.5603,-93.0149
4507,"CENTER",MO,39.5084,-91.5379
4541,"CENTERTOWN",MO,38.5956,-92.3703
4542,"CENTERVIEW",MO,38.7793,-93.9283
4550,"CENTERVILLE",MO,37.2401,-90.9661
4579,"CENTRALIA",MO,39.1434,-92.1797
4611,"CHADWICK",MO,36.8858,-93.041
4613,"CHAFFEE",MO,37.1515,-89.6105
4636,"CHAMOIS",MO,38.6062,-91.7382
4694,"CHARLESTON",MO,36.8856,-89.2966
4825,"CHERRYVILLE",MO,37.8667,-91.2796
4869,"CHESTERFIELD",MO,38.6603,-90.5796
4884,"CHESTNUTRIDGE",MO,36.8359,-93.2291
4923,"CHILHOWEE",MO,38.6213,-93.8462
4928,"CHILLICOTHE",MO,39.7952,-93.5889
4999,"CHULA",MO,39.9218,-93.4463
5081,"CLARENCE",MO,39.7429,-92.2634
5100,"CLARK",MO,39.295,-92.3741
5127,"CLARKSBURG",MO,38.6353,-92.5845
5133,"CLARKSDALE",MO,39.8277,-94.5568
5148,"CLARKSVILLE",MO,39.3315,-90.9501
5155,"CLARKTON",MO,36.2979,-90.0584
5228,"CLEARMONT",MO,40.5071,-95.0341
5259,"CLEVELAND",MO,38.655,-94.5597
5274,"CLEVER",MO,37.0447,-93.4383
5301,"CLIFTON HILL",MO,39.4285,-92.5042
5312,"CLIMAX SPRINGS",MO,38.1018,-93.0536
5331,"CLINTON",MO,38.4018,-93.785
5379,"CLUBB",MO,37.1196,-90.445
5385,"CLYDE",MO,40.3523,-94.9005
5430,"COATSVILLE",MO,40.4704,-92.5356
5470,"COFFEY",MO,40.1048,-93.9903
5515,"COLE CAMP",MO,38.3378,-93.3146
5566,"COLLINS",MO,37.8984,-93.6203
5629,"COLUMBIA",MO,38.9378,-92.3343
5689,"COMMERCE",MO,37.157,-89.4484
5717,"CONCEPTION",MO,40.3523,-94.9005
5718,"CONCEPTION JUNCTION",MO,40.2659,-94.6915
5737,"CONCORDIA",MO,39.0159,-93.5957
5780,"CONRAN",MO,36.6038,-89.65
5801,"CONWAY",MO,37.5325,-92.728
5813,"COOK STATION",MO,37.8567,-91.4701
5849,"COOTER",MO,36.0476,-89.8091
5891,"CORDER",MO,39.1181,-93.6192
5982,"COSBY",MO,39.8649,-94.6839
6005,"COTTLEVILLE",MO,38.7509,-90.5368
6024,"COUCH",MO,36.6929,-91.3971
6085,"COWGILL",MO,39.5901,-93.9413
6115,"CRAIG",MO,40.1267,-95.3291
6133,"CRANE",MO,36.9057,-93.4868
6170,"CREIGHTON",MO,38.5105,-94.1306
6230,"CROCKER",MO,37.9447,-92.2677
6277,"CROSS TIMBERS",MO,38.0242,-93.2289
6329,"CRYSTAL CITY",MO,38.2257,-90.384
6343,"CUBA",MO,38.1001,-91.3689
6410,"CURRYVILLE",MO,39.3333,-91.1976
6476,"DADEVILLE",MO,37.4318,-93.8499
6493,"DAISY",MO,37.5157,-89.8268
6530,"DALTON",MO,39.4643,-92.9886
6621,"DARLINGTON",MO,40.1977,-94.3978
6674,"DAVISVILLE",MO,37.787,-91.2116
6678,"DAWN",MO,39.6667,-93.6038
6723,"DE KALB",MO,39.6288,-94.808
6742,"DE SOTO",MO,38.1391,-90.559
6748,"DE WITT",MO,39.384,-93.2238
6760,"DEARBORN",MO,39.4878,-94.7633
6799,"DEEPWATER",MO,38.2438,-93.7882
6825,"DEERFIELD",MO,37.8499,-94.3381
6833,"DEERING",MO,36.2133,-89.7481
6841,"DEFIANCE",MO,38.6634,-90.8412
6912,"DELTA",MO,37.1973,-89.7394
6970,"DENVER",MO,40.4781,-94.4233
7005,"DES ARC",MO,37.5055,-90.845
7030,"DEVILS ELBOW",MO,37.8512,-92.0569
7058,"DEXTER",MO,36.8825,-89.9815
7065,"DIAMOND",MO,36.9308,-94.2488
7097,"DIGGINS",MO,37.2772,-92.8779
7138,"DITTMER",MO,38.2689,-90.7056
7154,"DIXON",MO,37.9286,-92.1074
7183,"DOE RUN",MO,37.7189,-90.5294
7209,"DONIPHAN",MO,36.6501,-90.8106
7224,"DORA",MO,36.6516,-92.4423
7287,"DOVER",MO,39.1008,-93.7958
7310,"DOWNING",MO,40.4704,-92.5356
7357,"DREXEL",MO,38.4765,-94.5801
7379,"DRURY",MO,36.9323,-92.499
7430,"DUDLEY",MO,36.8246,-90.1214
7434,"DUENWEG",MO,37.076,-94.4071
7441,"DUKE",MO,37.706,-92.0064
7514,"DUNNEGAN",MO,37.6983,-93.5422
7550,"DURHAM",MO,39.9757,-91.6651
7565,"DUTCHTOWN",MO,37.2424,-89.6977
7569,"DUTZOW",MO,38.606,-90.9962
7615,"EAGLE ROCK",MO,36.7152,-93.8255
7621,"EAGLEVILLE",MO,40.5004,-94.0138
7647,"EARTH CITY",MO,38.6383,-90.4271
7744,"EAST LYNNE",MO,38.6682,-94.2333
7780,"EAST PRAIRIE",MO,36.7586,-89.3342
7852,"EASTON",MO,39.7508,-94.6571
7936,"EDGAR SPRINGS",MO,37.6946,-91.8903
7949,"EDGERTON",MO,39.4649,-94.6571
7962,"EDINA",MO,40.1614,-92.2337
7999,"EDWARDS",MO,38.299,-93.2913
8049,"EL DORADO SPRINGS",MO,37.8652,-94.0124
8094,"ELDON",MO,38.3201,-92.478
8108,"ELDRIDGE",MO,37.7699,-92.7487
8161,"ELK CREEK",MO,37.1878,-91.9134
8196,"ELKLAND",MO,37.2772,-92.8779
8245,"ELLINGTON",MO,37.233,-90.9698
8264,"ELLSINORE",MO,36.9344,-90.7463
8295,"ELMER",MO,39.9604,-92.685
8307,"ELMO",MO,40.3523,-94.9005
8335,"ELSBERRY",MO,39.1214,-90.8483
8371,"EMDEN",MO,39.7793,-92.0697
8392,"EMINENCE",MO,37.1446,-91.3576
8397,"EMMA",MO,38.9746,-93.5038
8487,"EOLIA",MO,39.2803,-90.9809
8554,"ESSEX",MO,36.8092,-89.8155
8581,"ETHEL",MO,39.9343,-92.7681
8605,"ETTERVILLE",MO,38.2236,-92.4386
8613,"EUDORA",MO,37.4767,-93.5397
8616,"EUGENE",MO,38.3934,-92.363
8620,"EUNICE",MO,37.248,-91.7834
8628,"EUREKA",MO,38.5128,-90.6306
8686,"EVERTON",MO,37.3433,-93.7021
8695,"EWING",MO,40.0081,-91.7103
8699,"EXCELLO",MO,39.639,-92.4658
8702,"EXCELSIOR SPRINGS",MO,39.3326,-94.2746
8707,"EXETER",MO,36.6776,-93.9275
8725,"FAGUS",MO,36.7125,-90.407
8727,"FAIR GROVE",MO,37.3702,-93.1751
8735,"FAIR PLAY",MO,37.6318,-93.5592
8754,"FAIRDEALING",MO,36.661,-90.8508
8758,"FAIRFAX",MO,40.3471,-95.3907
8811,"FAIRPORT",MO,39.8926,-94.4044
8818,"FAIRVIEW",MO,36.8788,-94.1906
8839,"FALCON",MO,37.5635,-92.386
8892,"FARBER",MO,39.2709,-91.5574
8899,"FARLEY",MO,39.2839,-94.8302
8926,"FARMINGTON",MO,37.7855,-90.4433
8946,"FARRAR",MO,37.7348,-89.8116
8955,"FAUCETT",MO,39.6049,-94.8541
8965,"FAYETTE",MO,39.1492,-92.6734
9016,"FENTON",MO,38.5426,-90.4524
9049,"FESTUS",MO,38.2709,-90.4135
9072,"FILLMORE",MO,40.041,-94.9715
9121,"FISK",MO,36.7823,-90.2077
9170,"FLEMINGTON",MO,37.7399,-93.4631
9174,"FLETCHER",MO,38.1703,-90.7185
9182,"FLINTHILL",MO,38.7509,-90.5368
9209,"FLORENCE",MO,38.608,-92.9828
9226,"FLORISSANT",MO,38.7992,-90.3282
9253,"FOLEY",MO,39.0816,-90.7957
9288,"FORDLAND",MO,37.1659,-92.9582
9304,"FOREST CITY",MO,40.0225,-95.1856
9339,"FORISTELL",MO,38.777,-90.9161
9358,"FORSYTH",MO,36.7268,-93.1078
9420,"FORT LEONARD WOOD",MO,37.7677,-92.112
9492,"FORTUNA",MO,38.5454,-92.7601
9499,"FOSTER",MO,38.2519,-94.332
9574,"FRANKFORD",MO,39.4666,-91.3328
9599,"FRANKLIN",MO,39.0434,-92.8276
9657,"FREDERICKTOWN",MO,37.4906,-90.3362
9673,"FREEBURG",MO,38.3952,-91.9568
9692,"FREEMAN",MO,38.5769,-94.4002
9711,"FREISTATT",MO,37.0211,-93.8974
9716,"FREMONT",MO,36.9204,-91.0995
9729,"FRENCH VILLAGE",MO,37.8919,-90.38
9749,"FRIEDHEIM",MO,37.5168,-89.8151
9773,"FROHNA",MO,37.66,-89.6162
9822,"FULTON",MO,38.8302,-91.9668
9861,"GAINESVILLE",MO,36.6056,-92.4153
9874,"GALENA",MO,36.7805,-93.4069
9892,"GALLATIN",MO,39.8975,-93.935
9912,"GALT",MO,40.16,-93.4164
9952,"GARDEN CITY",MO,38.5713,-94.3608
10019,"GARRISON",MO,36.863,-93
10043,"GASCONADE",MO,38.6703,-91.5592
10064,"GATEWOOD",MO,36.661,-90.8508
10121,"GENTRY",MO,40.2109,-94.4104
10151,"GERALD",MO,38.4178,-91.3136
10191,"GIBBS",MO,40.1918,-92.6008
10198,"GIBSON",MO,36.4413,-90.0293
10209,"GIDEON",MO,36.4898,-89.7749
10256,"GILLIAM",MO,39.2327,-93.004
10264,"GILMAN CITY",MO,40.0101,-93.9277
10276,"GIPSY",MO,37.3197,-90.0422
10317,"GLASGOW",MO,39.1591,-92.8263
10380,"GLENALLEN",MO,37.3197,-90.0422
10391,"GLENCOE",MO,38.5878,-90.6639
10461,"GLENWOOD",MO,40.4704,-92.5356
10486,"GLOVER",MO,37.5055,-90.845
10495,"GOBLER",MO,36.1537,-89.9544
10518,"GOLDEN",MO,36.7152,-93.8255
10522,"GOLDEN CITY",MO,37.4173,-94.144
10570,"GOODMAN",MO,36.738,-94.4096
10578,"GOODSON",MO,37.75,-93.2467
10606,"GORDONVILLE",MO,37.3092,-89.6989
10619,"GORIN",MO,40.4533,-92.1474
10656,"GOWER",MO,39.6406,-94.5529
10673,"GRAFF",MO,37.3454,-92.2788
10689,"GRAHAM",MO,40.2008,-95.04
10696,"GRAIN VALLEY",MO,38.985,-94.1939
10710,"GRANBY",MO,36.9055,-94.2532
10762,"GRANDIN",MO,36.9559,-90.943
10766,"GRANDVIEW",MO,38.8761,-94.5271
10775,"GRANGER",MO,40.4533,-92.1474
10801,"GRANT CITY",MO,40.5166,-94.3868
10844,"GRASSY",MO,37.3197,-90.0422
10858,"GRAVOIS MILLS",MO,38.2679,-92.8479
10869,"GRAY SUMMIT",MO,38.4745,-90.8244
10874,"GRAYRIDGE",MO,36.8283,-89.7565
10916,"GREEN CASTLE",MO,40.2459,-92.872
10917,"GREEN CITY",MO,40.2181,-92.9458
10930,"GREEN RIDGE",MO,38.6059,-93.4092
10972,"GREENFIELD",MO,37.4062,-93.8952
11007,"GREENTOP",MO,40.271,-92.4385
11026,"GREENVILLE",MO,37.1269,-90.4506
11058,"GREENWOOD",MO,38.8644,-94.2815
11143,"GROVER",MO,38.5667,-90.631
11152,"GROVESPRING",MO,37.3965,-92.5819
11157,"GRUBVILLE",MO,38.2835,-90.7612
11189,"GUILFORD",MO,40.3523,-94.9005
11303,"HALE",MO,39.6054,-93.3427
11311,"HALF WAY",MO,37.631,-93.258
11334,"HALLSVILLE",MO,39.1023,-92.2403
11337,"HALLTOWN",MO,37.1944,-93.6275
11375,"HAMILTON",MO,39.7192,-94.0023
11474,"HANNIBAL",MO,39.737,-91.4568
11523,"HARDENVILLE",MO,36.6516,-92.4423
11527,"HARDIN",MO,39.3154,-93.8493
11606,"HARRIS",MO,40.2098,-93.1113
11611,"HARRISBURG",MO,39.1484,-92.4257
11635,"HARRISONVILLE",MO,38.6152,-94.3216
11692,"HARTSBURG",MO,38.7272,-92.3014
11697,"HARTSHORN",MO,37.3071,-91.7323
11703,"HARTVILLE",MO,37.3194,-92.5125
11724,"HARVIELL",MO,36.7125,-90.407
11730,"HARWOOD",MO,37.8499,-94.3381
11762,"HATFIELD",MO,40.5045,-94.1418
11809,"HAWK POINT",MO,38.9808,-91.1272
11859,"HAYTI",MO,36.2572,-89.7985
11881,"HAZELWOOD",MO,38.7844,-90.3992
11949,"HELENA",MO,39.9121,-94.698
11969,"HEMATITE",MO,38.1941,-90.4725
12007,"HENLEY",MO,38.3903,-92.3124
12016,"HENRIETTA",MO,39.2218,-93.9386
12042,"HERCULANEUM",MO,38.2625,-90.3896
12055,"HERMANN",MO,38.5876,-91.4991
12061,"HERMITAGE",MO,37.9467,-93.32
12149,"HIGBEE",MO,39.3072,-92.5135
12157,"HIGGINSVILLE",MO,39.0634,-93.7408
12161,"HIGH HILL",MO,38.909,-91.3723
12163,"HIGH POINT",MO,38.6749,-92.6109
12165,"HIGH RIDGE",MO,38.4562,-90.5513
12197,"HIGHLANDVILLE",MO,36.9214,-93.2802
12241,"HILLSBORO",MO,38.3086,-90.5246
12313,"HIRAM",MO,37.1196,-90.445
12372,"HOLCOMB",MO,36.3839,-89.9987
12378,"HOLDEN",MO,38.7401,-93.996
12396,"HOLLAND",MO,36.093,-89.8311
12407,"HOLLIDAY",MO,39.4887,-92.1491
12417,"HOLLISTER",MO,36.6184,-93.2224
12457,"HOLT",MO,39.334,-94.3911
12461,"HOLTS SUMMIT",MO,38.6589,-92.1109
12580,"HOPKINS",MO,40.3656,-94.8152
12602,"HORNERSVILLE",MO,36.053,-90.0771
12621,"HORTON",MO,37.8499,-94.3381
12654,"HOUSE SPRINGS",MO,38.2509,-90.6036
12660,"HOUSTON",MO,37.3052,-91.9463
12665,"HOUSTONIA",MO,38.8548,-93.3133
12742,"HUGGINS",MO,37.3599,-92.1886
12748,"HUGHESVILLE",MO,38.8267,-93.2299
12769,"HUMANSVILLE",MO,37.7293,-93.5546
12783,"HUME",MO,38.126,-94.547
12792,"HUMPHREYS",MO,40.2098,-93.1113
12799,"HUNNEWELL",MO,39.6679,-91.8585
12841,"HUNTSVILLE",MO,39.4704,-92.5041
12846,"HURDLAND",MO,40.1558,-92.2338
12850,"HURLEY",MO,36.9305,-93.4965
12920,"IBERIA",MO,38.1086,-92.3102
12970,"IMPERIAL",MO,38.4069,-90.438
12985,"INDEPENDENCE",MO,39.0922,-94.4157
13085,"IONIA",MO,38.5039,-93.3237
13118,"IRONDALE",MO,37.8214,-90.6923
13125,"IRONTON",MO,37.6168,-90.5985
13155,"ISABELLA",MO,36.6516,-92.4423
13235,"JACKSON",MO,37.4342,-89.6346
13262,"JACKSONVILLE",MO,39.6061,-92.3614
13276,"JADWIN",MO,37.6033,-91.4812
13287,"JAMESON",MO,40.0232,-93.9352
13288,"JAMESPORT",MO,39.988,-93.8386
13297,"JAMESTOWN",MO,38.7713,-92.4818
13337,"JASPER",MO,37.2111,-94.2895
13378,"JEFFERSON CITY",MO,38.5698,-92.1941
13421,"JERICO SPRINGS",MO,37.6189,-94.0101
13428,"JEROME",MO,37.9241,-91.9832
13525,"JONESBURG",MO,38.8969,-91.3262
13538,"JOPLIN",MO,37.0905,-94.5087
13606,"KAHOKA",MO,40.4136,-91.6593
13612,"KAISER",MO,38.1727,-92.5577
13654,"KANSAS CITY",MO,39.0904,-94.5837
13700,"KEARNEY",MO,39.3741,-94.3632
13763,"KELSO",MO,37.1858,-89.5575
13818,"KENNETT",MO,36.2529,-90.127
13901,"KEWANEE",MO,36.6726,-89.5639
13924,"KEYTESVILLE",MO,39.4252,-92.9087
13928,"KIDDER",MO,39.7348,-94.0848
13968,"KIMBERLING CITY",MO,36.6386,-93.4321
13977,"KIMMSWICK",MO,38.2527,-90.5149
13994,"KING CITY",MO,40.0506,-94.522
14002,"KINGDOM CITY",MO,38.9592,-91.9242
14035,"KINGSTON",MO,39.6335,-94.0783
14051,"KINGSVILLE",MO,38.7441,-93.8177
14080,"KIRBYVILLE",MO,36.5792,-93.1263
14091,"KIRKSVILLE",MO,40.1657,-92.6095
14105,"KISSEE MILLS",MO,36.6978,-92.9851
14144,"KNOB LICK",MO,37.6754,-90.3677
14145,"KNOB NOSTER",MO,38.7434,-93.5829
14155,"KNOX CITY",MO,40.1268,-92.148
14170,"KOELTZTOWN",MO,38.498,-91.918
14185,"KOSHKONONG",MO,36.5968,-91.6455
14235,"LA BELLE",MO,40.115,-91.9154
14267,"LA GRANGE",MO,40.0599,-91.705
14291,"LA MONTE",MO,38.7835,-93.4171
14298,"LA PLATA",MO,39.9888,-92.5312
14313,"LA RUSSELL",MO,37.1643,-94.0735
14329,"LABADIE",MO,38.4834,-91.0063
14347,"LACLEDE",MO,39.7722,-93.1866
14359,"LADDONIA",MO,39.2431,-91.6608
14492,"LAKE OZARK",MO,38.1131,-92.6825
14505,"LAKE SAINT LOUIS",MO,38.7913,-90.7428
14506,"LAKE SPRING",MO,37.6033,-91.4812
14578,"LAMAR",MO,37.5191,-94.3364
14606,"LAMPE",MO,36.7471,-93.4586
14609,"LANAGAN",MO,36.6088,-94.4506
14620,"LANCASTER",MO,40.4704,-92.5356
14708,"LAQUEY",MO,37.7184,-92.3239
14712,"LAREDO",MO,40.036,-93.4461
14742,"LATHAM",MO,38.5466,-92.6817
14746,"LATHROP",MO,39.6097,-94.3876
14781,"LAURIE",MO,38.1964,-92.8678
14822,"LAWSON",MO,39.4432,-94.1428
14855,"LEADWOOD",MO,37.8577,-90.5879
14864,"LEASBURG",MO,38.0742,-91.2658
14878,"LEBANON",MO,37.6855,-92.6205
14900,"LECOMA",MO,37.6033,-91.4812
14930,"LEES SUMMIT",MO,38.9126,-94.3762
14944,"LEETON",MO,38.6238,-93.6734
15018,"LENOX",MO,37.6033,-91.4812
15022,"LENTNER",MO,39.7793,-92.0697
15040,"LEONARD",MO,39.9094,-92.2067
15053,"LEOPOLD",MO,37.3197,-90.0422
15072,"LESLIE",MO,38.4555,-91.2328
15078,"LESTERVILLE",MO,37.3272,-91.0243
15092,"LEVASY",MO,39.1292,-94.1337
15127,"LEWISTOWN",MO,40.0841,-91.8135
15147,"LEXINGTON",MO,39.1409,-93.8493
15161,"LIBERAL",MO,37.5153,-94.5094
15167,"LIBERTY",MO,39.2461,-94.4213
15190,"LICKING",MO,37.3905,-91.8671
15202,"LIGUORI",MO,38.3419,-90.4082
15205,"LILBOURN",MO,36.5882,-89.7001
15245,"LINCOLN",MO,38.3953,-93.3345
15313,"LINN",MO,38.4977,-91.788
15316,"LINN CREEK",MO,38.0585,-92.7193
15319,"LINNEUS",MO,39.8863,-93.2054
15453,"LIVONIA",MO,40.4659,-93.0198
15476,"LOCK SPRINGS",MO,39.9605,-93.9889
15492,"LOCKWOOD",MO,37.3859,-93.9541
15514,"LODI",MO,37.1196,-90.445
15537,"LOHMAN",MO,38.5439,-92.3756
15567,"LONE JACK",MO,38.8943,-94.1683
15576,"LONEDELL",MO,38.2743,-90.8903
15602,"LONG LANE",MO,37.6596,-93.0189
15647,"LOOSE CREEK",MO,38.498,-91.918
15719,"LOUISBURG",MO,37.6596,-93.0189
15723,"LOUISIANA",MO,39.4401,-91.0884
15787,"LOWNDES",MO,37.1196,-90.445
15793,"LOWRY CITY",MO,38.1416,-93.725
15821,"LUCERNE",MO,40.4659,-93.0198
15834,"LUDLOW",MO,39.655,-93.6865
15841,"LUEBBERING",MO,38.2632,-90.8312
15876,"LURAY",MO,40.4312,-91.6851
15925,"LYNCHBURG",MO,37.5221,-92.3088
16019,"MACKS CREEK",MO,38.035,-92.7442
16027,"MACOMB",MO,37.1008,-92.5353
16031,"MACON",MO,39.774,-92.4517
16060,"MADISON",MO,39.4719,-92.2069
16131,"MAITLAND",MO,40.1539,-95.1272
16152,"MALDEN",MO,36.3772,-90.0571
16178,"MALTA BEND",MO,39.1481,-93.3776
16292,"MANSFIELD",MO,37.1684,-92.5735
16329,"MAPAVILLE",MO,38.2527,-90.5149
16384,"MARBLE HILL",MO,37.3061,-89.9823
16390,"MARCELINE",MO,39.7311,-92.9362
16475,"MARIONVILLE",MO,37.0653,-93.6285
16512,"MARQUAND",MO,37.4136,-90.2361
16533,"MARSHALL",MO,39.1614,-93.2444
16548,"MARSHFIELD",MO,37.2744,-92.9325
16556,"MARSTON",MO,36.5186,-89.6464
16567,"MARTHASVILLE",MO,38.6512,-91.1516
16585,"MARTINSBURG",MO,39.1109,-91.7021
16593,"MARTINSVILLE",MO,40.4114,-94.1484
16612,"MARYLAND HEIGHTS",MO,38.7239,-90.4474
16627,"MARYVILLE",MO,40.2777,-94.8603
16698,"MATTHEWS",MO,36.7154,-89.6287
16787,"MAYSVILLE",MO,39.9328,-94.3577
16792,"MAYVIEW",MO,39.0208,-93.759
16799,"MAYWOOD",MO,39.9034,-91.6546
16818,"MC BRIDE",MO,37.7348,-89.8116
16838,"MC CLURG",MO,36.7026,-92.7811
16877,"MC FALL",MO,40.1111,-94.2231
16883,"MC GEE",MO,37.1196,-90.445
16886,"MC GIRK",MO,38.6749,-92.6109
17010,"MEADVILLE",MO,39.7954,-93.2958
17130,"MEMPHIS",MO,40.4601,-92.1982
17148,"MENDON",MO,39.5902,-93.1339
17183,"MERCER",MO,40.4221,-93.5707
17264,"META",MO,38.3149,-92.1277
17280,"METZ",MO,37.8499,-94.3381
17288,"MEXICO",MO,39.2015,-91.8383
17299,"MIAMI",MO,39.3214,-93.2261
17327,"MIDDLE BROOK",MO,37.5055,-90.845
17374,"MIDDLETOWN",MO,39.1045,-91.3829
17441,"MILAN",MO,40.1663,-93.1201
17473,"MILFORD",MO,37.5014,-94.3456
17497,"MILL SPRING",MO,37.1196,-90.445
17518,"MILLER",MO,37.2297,-93.8474
17536,"MILLERSVILLE",MO,37.4373,-89.811
17600,"MILO",MO,37.8499,-94.3381
17646,"MINDENMINES",MO,37.4714,-94.5543
17659,"MINERAL POINT",MO,37.9361,-90.7424
17735,"MISSOURI CITY",MO,39.2458,-94.2924
17758,"MOBERLY",MO,39.4255,-92.4283
17796,"MOKANE",MO,38.7051,-91.8932
17824,"MONETT",MO,36.8024,-93.935
17871,"MONROE CITY",MO,39.624,-91.7623
17945,"MONTGOMERY CITY",MO,38.946,-91.4728
17958,"MONTICELLO",MO,40.0909,-91.6877
17965,"MONTIER",MO,37.1533,-91.3375
17980,"MONTREAL",MO,38.035,-92.7442
17992,"MONTROSE",MO,38.2834,-93.9721
18013,"MOODY",MO,36.5813,-91.9893
18037,"MOORESVILLE",MO,39.729,-93.667
18055,"MORA",MO,38.5569,-93.1587
18070,"MOREHOUSE",MO,36.8504,-89.6847
18105,"MORLEY",MO,37.0411,-89.6076
18138,"MORRISON",MO,38.4882,-91.5994
18153,"MORRISVILLE",MO,37.488,-93.4391
18167,"MORSE MILL",MO,38.2809,-90.6521
18180,"MOSBY",MO,39.3149,-94.2939
18193,"MOSCOW MILLS",MO,38.9482,-90.9138
18224,"MOUND CITY",MO,40.1675,-95.2301
18232,"MOUNDVILLE",MO,37.7649,-94.4533
18350,"MOUNT STERLING",MO,38.4845,-91.6218
18369,"MOUNT VERNON",MO,37.0646,-93.8241
18394,"MOUNTAIN GROVE",MO,37.2657,-92.4327
18414,"MOUNTAIN VIEW",MO,36.9748,-91.7698
18545,"MYRTLE",MO,36.6929,-91.3971
18600,"NAPOLEON",MO,39.0379,-94.0385
18677,"NAYLOR",MO,36.661,-90.8508
18697,"NECK CITY",MO,37.2524,-94.4316
18710,"NEELYVILLE",MO,36.7125,-90.407
18735,"NELSON",MO,39.0293,-92.9929
18759,"NEOSHO",MO,36.9045,-94.3723
18787,"NEVADA",MO,37.7765,-94.3866
18825,"NEW BLOOMFIELD",MO,38.7305,-92.0804
18830,"NEW BOSTON",MO,39.8972,-92.9838
18844,"NEW CAMBRIA",MO,39.7795,-92.7576
18882,"NEW FLORENCE",MO,38.8926,-91.4534
18885,"NEW FRANKLIN",MO,39.0955,-92.706
18898,"NEW HAMPTON",MO,40.2601,-94.178
18912,"NEW HAVEN",MO,38.5585,-91.2473
18955,"NEW LONDON",MO,39.583,-91.3824
18964,"NEW MADRID",MO,36.6795,-89.6572
18977,"NEW MELLE",MO,38.7163,-90.8751
18990,"NEW OFFENBURG",MO,37.8987,-90.192
19082,"NEWARK",MO,40.1268,-92.148
19100,"NEWBURG",MO,37.8393,-91.9124
19212,"NEWTONIA",MO,36.8284,-94.1521
19219,"NEWTOWN",MO,40.2341,-93.2886
19232,"NIANGUA",MO,37.3181,-92.7577
19292,"NIXA",MO,36.9618,-93.2377
19298,"NOBLE",MO,36.6516,-92.4423
19306,"NOEL",MO,36.5797,-94.4579
19328,"NORBORNE",MO,39.3829,-93.5103
19630,"NORWOOD",MO,37.1609,-92.4152
19648,"NOVELTY",MO,40.1268,-92.148
19652,"NOVINGER",MO,40.2549,-92.7058
19686,"O FALLON",MO,38.8239,-90.7427
19702,"OAK GROVE",MO,39.0407,-94.238
19719,"OAK RIDGE",MO,37.514,-89.7527
19870,"ODESSA",MO,39.021,-93.82
19959,"OLD APPLETON",MO,37.589,-89.6794
19974,"OLD MONROE",MO,38.9477,-90.8106
19987,"OLDFIELD",MO,36.9729,-93.0969
19996,"OLEAN",MO,38.3979,-92.488
20028,"OLNEY",MO,39.0776,-91.2317
20127,"ORAN",MO,37.0565,-89.6707
20167,"OREGON",MO,39.9815,-95.0923
20223,"ORONOGO",MO,37.2717,-94.4865
20229,"ORRICK",MO,39.2344,-94.0241
20253,"OSAGE BEACH",MO,38.131,-92.6719
20257,"OSBORN",MO,39.7912,-94.3974
20265,"OSCEOLA",MO,38.0674,-93.6341
20329,"OTTERVILLE",MO,38.7421,-92.9629
20373,"OWENSVILLE",MO,38.3607,-91.4775
20407,"OXLY",MO,36.661,-90.8508
20418,"OZARK",MO,36.9726,-93.1223
20430,"PACIFIC",MO,38.5045,-90.789
20475,"PAINTON",MO,37.0461,-89.7793
20534,"PALMYRA",MO,39.7945,-91.6094
20624,"PARIS",MO,39.4675,-92.0171
20641,"PARK HILLS",MO,37.8498,-90.4885
20684,"PARMA",MO,36.5688,-89.8563
20688,"PARNELL",MO,40.4393,-94.6225
20715,"PASCOLA",MO,36.2678,-89.8225
20720,"PASSAIC",MO,38.2519,-94.332
20748,"PATTERSON",MO,37.1196,-90.445
20755,"PATTON",MO,37.3197,-90.0422
20757,"PATTONSBURG",MO,40.0336,-94.089
20814,"PEACE VALLEY",MO,36.87,-91.7775
20856,"PECULIAR",MO,38.7153,-94.4726
20991,"PERKINS",MO,37.0564,-89.5499
21016,"PERRY",MO,39.4228,-91.6234
21035,"PERRYVILLE",MO,37.7272,-89.8627
21091,"PEVELY",MO,38.2932,-90.4293
21109,"PHILADELPHIA",MO,39.8247,-91.738
21123,"PHILLIPSBURG",MO,37.5775,-92.7595
21158,"PICKERING",MO,40.3523,-94.9005
21172,"PIEDMONT",MO,37.1485,-90.5743
21183,"PIERCE CITY",MO,36.9845,-93.9742
21222,"PILOT GROVE",MO,38.8493,-92.9269
21224,"PILOT KNOB",MO,37.6171,-90.6123
21305,"PINEVILLE",MO,36.574,-94.377
21372,"PITTSBURG",MO,37.8459,-93.3056
21448,"PLATO",MO,37.4843,-92.157
21452,"PLATTE CITY",MO,39.3647,-94.7806
21458,"PLATTSBURG",MO,39.5724,-94.4972
21476,"PLEASANT HILL",MO,38.753,-94.2705
21481,"PLEASANT HOPE",MO,37.4557,-93.265
21513,"PLEVNA",MO,40.1268,-92.148
21554,"POCAHONTAS",MO,37.5007,-89.6396
21579,"POINT LOOKOUT",MO,36.6165,-93.2418
21601,"POLK",MO,37.7438,-93.3206
21612,"POLLOCK",MO,40.3586,-93.0807
21618,"POLO",MO,39.5799,-94.0501
21633,"POMONA",MO,36.8766,-91.8959
21648,"PONCE DE LEON",MO,36.7471,-93.4586
21663,"PONTIAC",MO,36.6516,-92.4423
21678,"POPLAR BLUFF",MO,36.7587,-90.4077
21772,"PORTAGE DES SIOUX",MO,38.9259,-90.3863
21773,"PORTAGEVILLE",MO,36.4753,-89.7481
21798,"PORTLAND",MO,38.7706,-91.7136
21833,"POTOSI",MO,37.9854,-90.8201
21843,"POTTERSVILLE",MO,36.7016,-92.0429
21873,"POWELL",MO,36.6326,-94.3428
21888,"POWERSITE",MO,36.6578,-93.1243
21889,"POWERSVILLE",MO,40.4659,-93.0198
21917,"PRAIRIE HOME",MO,38.8197,-92.6063
21962,"PRESTON",MO,37.9427,-93.3248
22001,"PRINCETON",MO,40.4064,-93.5843
22052,"PROTEM",MO,36.5466,-93.0294
22096,"PURCELL",MO,37.2169,-94.3748
22100,"PURDIN",MO,39.9642,-93.1523
22103,"PURDY",MO,36.7888,-93.9173
22125,"PUXICO",MO,36.9782,-90.0816
22152,"QUEEN CITY",MO,40.4097,-92.5692
22176,"QUINCY",MO,37.9379,-93.3196
22196,"QUITMAN",MO,40.288,-95.0822
22199,"QULIN",MO,36.589,-90.2649
22206,"RACINE",MO,36.901,-94.5321
22364,"RAVENWOOD",MO,40.3526,-94.672
22394,"RAYMONDVILLE",MO,37.3663,-91.7489
22397,"RAYMORE",MO,38.795,-94.4355
22404,"RAYVILLE",MO,39.3802,-94.0686
22407,"REA",MO,40.0594,-94.7106
22493,"REDFORD",MO,37.3272,-91.0243
22528,"REEDS",MO,37.1653,-94.2486
22529,"REEDS SPRING",MO,36.6907,-93.3447
22582,"RENICK",MO,39.3414,-92.411
22602,"REPUBLIC",MO,37.2561,-93.501
22624,"REVERE",MO,40.457,-91.6958
22644,"REYNOLDS",MO,37.3272,-91.0243
22657,"RHINELAND",MO,38.7942,-91.5737
22683,"RICH HILL",MO,38.0962,-94.3608
22685,"RICHARDS",MO,37.6938,-94.4672
22712,"RICHLAND",MO,37.8502,-92.3283
22736,"RICHMOND",MO,39.3419,-93.9844
22757,"RICHWOODS",MO,38.0622,-90.8099
22772,"RIDGEDALE",MO,36.6102,-93.2303
22791,"RIDGEWAY",MO,40.3665,-93.9351
22880,"RISCO",MO,36.6783,-89.77
22917,"RIVERSIDE",MO,39.1776,-94.6321
22936,"RIVES",MO,36.3133,-90.1658
22943,"ROACH",MO,38.1025,-92.9148
22980,"ROBERTSVILLE",MO,38.3539,-90.9318
22992,"ROBY",MO,37.4994,-92.1323
23001,"ROCHEPORT",MO,38.9966,-92.504
23042,"ROCK PORT",MO,40.412,-95.5076
23053,"ROCKAWAY BEACH",MO,36.7146,-93.1585
23057,"ROCKBRIDGE",MO,36.6516,-92.4423
23104,"ROCKVILLE",MO,38.2519,-94.332
23121,"ROCKY COMFORT",MO,36.6326,-94.3428
23129,"ROCKY MOUNT",MO,38.2655,-92.7348
23162,"ROGERSVILLE",MO,37.2242,-92.9832
23177,"ROLLA",MO,37.9428,-91.7636
23192,"ROMBAUER",MO,36.7125,-90.407
23241,"ROSCOE",MO,38.0241,-93.7815
23263,"ROSEBUD",MO,38.3953,-91.4069
23292,"ROSENDALE",MO,40.0068,-94.8372
23338,"ROTHVILLE",MO,39.6536,-93.0623
23430,"RUETER",MO,36.6284,-92.9093
23468,"RUSH HILL",MO,39.2115,-91.7087
23478,"RUSHVILLE",MO,39.5928,-95.0375
23503,"RUSSELLVILLE",MO,38.4851,-92.4093
23533,"RUTLEDGE",MO,40.3069,-92.0854
23596,"SAGINAW",MO,36.9023,-94.339
23605,"SAINT ALBANS",MO,38.5277,-91.0173
23612,"SAINT ANN",MO,38.7247,-90.3895
23638,"SAINT CHARLES",MO,38.7847,-90.498
23643,"SAINT CLAIR",MO,38.3634,-90.9687
23657,"SAINT ELIZABETH",MO,38.2516,-92.2545
23693,"SAINT JAMES",MO,37.9713,-91.6364
23714,"SAINT JOSEPH",MO,39.7682,-94.8482
23724,"SAINT LOUIS",MO,38.6275,-90.1984
23734,"SAINT MARY",MO,37.82,-90.0169
23757,"SAINT PATRICK",MO,40.4312,-91.6851
23772,"SAINT PETERS",MO,38.7988,-90.6237
23778,"SAINT ROBERT",MO,37.8386,-92.1432
23786,"SAINT THOMAS",MO,38.4219,-92.3177
23792,"SAINTE GENEVIEVE",MO,37.8655,-90.1752
23812,"SALEM",MO,37.6407,-91.5393
23845,"SALISBURY",MO,39.4256,-92.8029
24052,"SANTA FE",MO,39.3603,-91.8653
24099,"SARCOXIE",MO,37.1599,-94.1564
24155,"SAVANNAH",MO,39.9531,-94.8378
24159,"SAVERTON",MO,39.65,-91.2705
24211,"SCHELL CITY",MO,37.8499,-94.3381
24283,"SCOTT CITY",MO,37.0608,-89.55
24388,"SEDALIA",MO,38.7044,-93.234
24393,"SEDGEWICKVILLE",MO,37.3197,-90.0422
24421,"SELIGMAN",MO,36.527,-93.9375
24446,"SENATH",MO,36.1276,-90.1835
24451,"SENECA",MO,36.8786,-94.3453
24507,"SEYMOUR",MO,37.176,-92.8204
24628,"SHELBINA",MO,39.7392,-92.0675
24646,"SHELBYVILLE",MO,39.7788,-92.0751
24652,"SHELDON",MO,37.6582,-94.2951
24660,"SHELL KNOB",MO,36.7152,-93.8255
24696,"SHERIDAN",MO,40.5171,-94.6148
24774,"SHOOK",MO,37.1196,-90.445
24809,"SIBLEY",MO,39.1463,-94.204
24842,"SIKESTON",MO,37.0275,-89.564
24848,"SILEX",MO,39.0765,-90.9963
24855,"SILVA",MO,37.2073,-90.4196
24961,"SKIDMORE",MO,40.2869,-95.0783
24987,"SLATER",MO,39.1012,-93.2642
25058,"SMITHTON",MO,38.66,-93.1088
25064,"SMITHVILLE",MO,39.3871,-94.4732
25139,"SOLO",MO,37.2428,-91.9623
25262,"SOUTH FORK",MO,36.6291,-91.9868
25272,"SOUTH GREENFIELD",MO,37.4318,-93.8499
25358,"SOUTH WEST CITY",MO,36.6213,-94.513
25424,"SPARTA",MO,36.9934,-93.0396
25472,"SPICKARD",MO,40.2179,-93.5891
25483,"SPOKANE",MO,36.8543,-93.2928
25563,"SPRINGFIELD",MO,37.1968,-93.2871
25611,"SQUIRES",MO,36.9323,-92.499
25645,"STANBERRY",MO,40.2169,-94.5399
25679,"STANTON",MO,38.2744,-91.0855
25712,"STARK CITY",MO,36.8681,-94.138
25751,"STEEDMAN",MO,38.7644,-91.7987
25754,"STEELE",MO,36.177,-89.8607
25759,"STEELVILLE",MO,37.8904,-91.3032
25769,"STELLA",MO,36.8145,-94.3793
25807,"STET",MO,39.411,-93.4319
25836,"STEWARTSVILLE",MO,39.7984,-94.5174
25893,"STOCKTON",MO,37.6817,-93.7977
25946,"STOTTS CITY",MO,37.1042,-93.9953
25952,"STOUTLAND",MO,37.8373,-92.4626
25953,"STOUTSVILLE",MO,39.4815,-91.8488
25956,"STOVER",MO,38.4379,-92.996
25965,"STRAFFORD",MO,37.3105,-93.3072
25975,"STRASBURG",MO,38.7658,-94.1609
26045,"STURDIVANT",MO,37.3197,-90.0422
26046,"STURGEON",MO,39.1809,-92.3272
26069,"SUCCESS",MO,37.4626,-92.0909
26103,"SULLIVAN",MO,38.3492,-91.0918
26146,"SUMMERSVILLE",MO,37.1765,-91.7128
26176,"SUMNER",MO,39.6561,-93.2435
26226,"SUNRISE BEACH",MO,38.1649,-92.7201
26310,"SWEDEBORG",MO,37.8119,-92.2174
26321,"SWEET SPRINGS",MO,39.0702,-93.4303
26374,"SYRACUSE",MO,38.6547,-92.8929
26427,"TALLAPOOSA",MO,36.6038,-89.65
26462,"TANEYVILLE",MO,36.7505,-93.0163
26483,"TARKIO",MO,40.3938,-95.3862
26511,"TAYLOR",MO,39.9139,-91.541
26541,"TEBBETTS",MO,38.6353,-91.9966
26547,"TECUMSEH",MO,36.6516,-92.4423
26611,"TERESITA",MO,37.1533,-91.3375
26659,"THAYER",MO,36.5263,-91.5487
26673,"THEODOSIA",MO,36.583,-92.6628
26702,"THOMPSON",MO,39.2128,-92.0046
26728,"THORNFIELD",MO,36.6516,-92.4423
26780,"TIFF",MO,37.9704,-90.87
26781,"TIFF CITY",MO,36.6326,-94.3428
26819,"TINA",MO,39.411,-93.4319
26844,"TIPTON",MO,38.6568,-92.6614
27043,"TRELOAR",MO,38.7702,-91.1886
27060,"TRENTON",MO,40.0837,-93.5989
27087,"TRIMBLE",MO,39.5032,-94.5252
27102,"TRIPLETT",MO,39.5,-93.1936
27134,"TROY",MO,39.0163,-90.9403
27165,"TRUXTON",MO,39.0221,-90.9968
27201,"TUNAS",MO,37.6596,-93.0189
27237,"TURNERS",MO,37.2581,-93.3437
27242,"TURNEY",MO,39.656,-94.3859
27262,"TUSCUMBIA",MO,38.2181,-92.4461
27340,"UDALL",MO,36.6516,-92.4423
27351,"ULMAN",MO,38.1505,-92.433
27387,"UNION",MO,38.362,-90.9671
27425,"UNION STAR",MO,39.9659,-94.5577
27433,"UNIONTOWN",MO,37.6285,-89.6885
27442,"UNIONVILLE",MO,40.5095,-93.0123
27495,"URBANA",MO,37.8037,-93.1546
27500,"URICH",MO,38.4038,-93.9892
27511,"UTICA",MO,39.7894,-93.5111
27559,"VALLES MINES",MO,37.9998,-90.4407
27580,"VALLEY PARK",MO,38.5532,-90.4889
27607,"VAN BUREN",MO,36.9221,-91.0521
27637,"VANDALIA",MO,39.2514,-91.5308
27650,"VANDUSER",MO,36.9912,-89.6885
27656,"VANZANT",MO,36.9323,-92.499
27755,"VERONA",MO,36.9853,-93.8094
27770,"VERSAILLES",MO,38.4201,-92.8353
27787,"VIBURNUM",MO,37.7132,-91.1334
27789,"VICHY",MO,38.131,-91.7948
27820,"VIENNA",MO,38.1699,-91.968
27839,"VILLA RIDGE",MO,38.4537,-90.8891
27906,"VISTA",MO,38.0241,-93.7815
27933,"VULCAN",MO,37.5055,-90.845
27951,"WACO",MO,37.2062,-94.3354
28017,"WAKENDA",MO,39.3155,-93.3775
28043,"WALDRON",MO,39.2289,-94.8057
28063,"WALKER",MO,37.8986,-94.2298
28125,"WALNUT GROVE",MO,37.3699,-93.3431
28129,"WALNUT SHADE",MO,36.7723,-93.2224
28183,"WAPPAPELLO",MO,36.9745,-90.2775
28195,"WARDELL",MO,36.3478,-89.8181
28246,"WARRENSBURG",MO,38.7699,-93.8117
28250,"WARRENTON",MO,38.8085,-91.2166
28265,"WARSAW",MO,38.3156,-93.3274
28286,"WASHBURN",MO,36.6233,-93.9407
28303,"WASHINGTON",MO,38.5235,-91.0235
28334,"WASOLA",MO,36.6516,-92.4423
28415,"WATSON",MO,40.4235,-95.476
28463,"WAVERLY",MO,39.1889,-93.5869
28485,"WAYLAND",MO,40.373,-91.619
28511,"WAYNESVILLE",MO,37.7676,-92.2105
28521,"WEATHERBY",MO,39.9277,-94.2429
28526,"WEAUBLEAU",MO,37.8917,-93.5406
28533,"WEBB CITY",MO,37.1851,-94.3303
28615,"WELLINGTON",MO,39.1314,-93.993
28641,"WELLSVILLE",MO,39.0731,-91.5335
28664,"WENTWORTH",MO,36.983,-94.1879
28668,"WENTZVILLE",MO,38.7907,-90.8522
28672,"WESCO",MO,37.8585,-91.4267
28685,"WEST ALTON",MO,38.8327,-90.4034
28846,"WEST PLAINS",MO,36.7465,-91.8829
28913,"WESTBORO",MO,40.5361,-95.3211
28987,"WESTON",MO,39.3777,-94.928
29004,"WESTPHALIA",MO,38.4063,-92.0494
29065,"WHEATLAND",MO,37.9446,-93.3651
29074,"WHEATON",MO,36.7617,-94.0547
29085,"WHEELING",MO,39.8719,-93.3971
29179,"WHITEMAN AIR FORCE BASE",MO,38.7318,-93.5731
29180,"WHITEOAK",MO,36.3133,-90.1658
29192,"WHITESIDE",MO,39.1855,-91.0227
29206,"WHITEWATER",MO,37.2781,-89.8061
29308,"WILLARD",MO,37.349,-93.3159
29334,"WILLIAMSBURG",MO,38.8874,-91.7689
29358,"WILLIAMSTOWN",MO,40.1012,-91.6941
29366,"WILLIAMSVILLE",MO,37.1196,-90.445
29407,"WILLOW SPRINGS",MO,36.9332,-91.8989
29514,"WINDSOR",MO,38.4881,-93.5881
29528,"WINDYVILLE",MO,37.6596,-93.0189
29535,"WINFIELD",MO,39.0584,-90.8509
29554,"WINIGAN",MO,40.2098,-93.1113
29580,"WINONA",MO,36.9985,-91.3317
29598,"WINSTON",MO,39.8741,-94.1537
29678,"WOLF ISLAND",MO,36.7795,-89.2063
29818,"WOOLDRIDGE",MO,38.8983,-92.5667
29841,"WORTH",MO,40.4781,-94.4233
29850,"WORTHINGTON",MO,40.4659,-93.0198
29870,"WRIGHT CITY",MO,38.7977,-91.0485
29883,"WYACONDA",MO,40.3922,-91.9259
29892,"WYATT",MO,36.936,-89.2163
30040,"YUKON",MO,37.2376,-91.8205
30055,"ZALMA",MO,37.1199,-90.0889
30060,"ZANONI",MO,36.6516,-92.4423
