40,"ACAMPO",CA,38.1987,-121.23
61,"ACTON",CA,33.7866,-118.299
116,"ADELANTO",CA,34.84,-115.967
122,"ADIN",CA,41.2367,-120.933
166,"AGOURA HILLS",CA,34.1462,-118.761
172,"AGUANGA",CA,33.5192,-116.803
181,"AHWAHNEE",CA,37.379,-119.736
215,"ALAMEDA",CA,37.7763,-122.277
216,"ALAMO",CA,37.9367,-122.067
232,"ALBANY",CA,37.8895,-122.298
263,"ALBION",CA,39.168,-123.393
300,"ALDERPOINT",CA,40.1305,-123.602
346,"ALHAMBRA",CA,34.0916,-118.135
354,"ALISO VIEJO",CA,33.5716,-117.735
365,"ALLEGHANY",CA,39.4663,-120.83
446,"ALPAUGH",CA,35.8583,-119.304
459,"ALPINE",CA,32.847,-116.761
473,"ALTA",CA,39.2142,-120.796
477,"ALTADENA",CA,34.1913,-118.137
487,"ALTAVILLE",CA,38.0923,-120.535
518,"ALTURAS",CA,41.434,-120.641
538,"ALVISO",CA,37.1894,-121.705
546,"AMADOR CITY",CA,38.4186,-120.832
564,"AMBOY",CA,34.6122,-115.8
579,"AMERICAN CANYON",CA,38.2036,-122.232
631,"ANAHEIM",CA,33.8343,-117.919
653,"ANDERSON",CA,40.4693,-122.278
688,"ANGELS CAMP",CA,38.0528,-120.619
689,"ANGELUS OAKS",CA,34.1538,-116.512
702,"ANGWIN",CA,38.5714,-122.45
721,"ANNAPOLIS",CA,38.7104,-123.387
742,"ANTELOPE",CA,38.7161,-121.367
753,"ANTIOCH",CA,37.9811,-121.805
767,"ANZA",CA,33.525,-116.679
783,"APPLE VALLEY",CA,34.5005,-117.19
784,"APPLEGATE",CA,38.9982,-120.995
793,"APTOS",CA,36.9915,-121.894
816,"ARBUCKLE",CA,39.0134,-121.997
819,"ARCADIA",CA,34.14,-118.036
834,"ARCATA",CA,40.8689,-124.078
936,"ARMONA",CA,36.3165,-119.705
950,"ARNOLD",CA,38.329,-120.224
964,"AROMAS",CA,36.8642,-121.648
975,"ARROYO GRANDE",CA,35.1215,-120.584
981,"ARTESIA",CA,33.8685,-118.082
994,"ARTOIS",CA,39.6983,-122.169
999,"ARVIN",CA,35.3111,-118.66
1093,"ATASCADERO",CA,35.483,-120.684
1114,"ATHERTON",CA,37.4506,-122.199
1166,"ATWATER",CA,37.3523,-120.603
1170,"ATWOOD",CA,33.6403,-117.769
1180,"AUBERRY",CA,37.0757,-119.254
1184,"AUBURN",CA,38.893,-121.076
1271,"AVALON",CA,33.7866,-118.299
1279,"AVENAL",CA,36.0031,-120.129
1285,"AVERY",CA,38.2173,-120.377
1289,"AVILA BEACH",CA,35.1903,-120.718
1345,"AZUSA",CA,33.7866,-118.299
1358,"BADGER",CA,36.5683,-119.016
1395,"BAKER",CA,35.4453,-116.142
1405,"BAKERSFIELD",CA,35.3734,-119.019
1428,"BALDWIN PARK",CA,33.7866,-118.299
1441,"BALLICO",CA,37.4701,-120.625
1472,"BANGOR",CA,39.4097,-121.406
1487,"BANNING",CA,33.9192,-116.864
1510,"BARD",CA,32.7822,-114.562
1582,"BARSTOW",CA,34.8756,-117.081
1624,"BASS LAKE",CA,37.2992,-119.548
1716,"BAYSIDE",CA,40.8234,-124.042
1735,"BEALE AFB",CA,39.1115,-121.361
1769,"BEAUMONT",CA,33.927,-116.955
1817,"BECKWOURTH",CA,39.7721,-120.405
1872,"BELDEN",CA,39.9122,-120.835
1899,"BELL",CA,33.9767,-118.169
1904,"BELL GARDENS",CA,33.7866,-118.299
1907,"BELLA VISTA",CA,40.7156,-122.119
1956,"BELLFLOWER",CA,33.8893,-118.125
1982,"BELMONT",CA,37.5122,-122.294
2012,"BELVEDERE TIBURON",CA,37.9353,-122.564
2030,"BEN LOMOND",CA,37.0963,-122.096
2050,"BENICIA",CA,38.1012,-122.032
2083,"BENTON",CA,37.4968,-118.625
2121,"BERKELEY",CA,37.8722,-122.268
2160,"BERRY CREEK",CA,39.6538,-121.384
2208,"BETHEL ISLAND",CA,38.0266,-121.642
2245,"BEVERLY HILLS",CA,34.0752,-118.399
2262,"BIEBER",CA,41.1315,-121.129
2265,"BIG BAR",CA,40.6726,-123.035
2267,"BIG BEAR CITY",CA,34.5051,-116.11
2268,"BIG BEAR LAKE",CA,34.2232,-116.847
2269,"BIG BEND",CA,40.9749,-121.825
2276,"BIG CREEK",CA,37.2136,-119.247
2291,"BIG OAK FLAT",CA,37.822,-120.242
2292,"BIG PINE",CA,37.1696,-118.295
2313,"BIG SUR",CA,36.0541,-121.608
2322,"BIGGS",CA,39.4067,-121.754
2347,"BIOLA",CA,36.7996,-120.019
2363,"BIRDS LANDING",CA,38.1329,-121.828
2378,"BISHOP",CA,37.3674,-118.395
2457,"BLAIRSDEN-GRAEAGLE",CA,39.8127,-120.64
2509,"BLOCKSBURG",CA,40.3186,-123.672
2544,"BLOOMINGTON",CA,34.2484,-116.85
2584,"BLUE JAY",CA,34.2112,-117.08
2586,"BLUE LAKE",CA,40.9619,-123.885
2631,"BLYTHE",CA,33.6325,-114.578
2647,"BODEGA",CA,38.3514,-122.974
2648,"BODEGA BAY",CA,38.3679,-123.049
2649,"BODFISH",CA,35.5696,-118.488
2679,"BOLINAS",CA,38.002,-122.779
2720,"BONITA",CA,32.6631,-117.042
2735,"BONSALL",CA,33.0169,-116.846
2753,"BOONVILLE",CA,39.0469,-123.419
2771,"BORON",CA,35.0098,-117.654
2772,"BORREGO SPRINGS",CA,33.0169,-116.846
2804,"BOULDER CREEK",CA,37.1766,-122.131
2806,"BOULEVARD",CA,33.0169,-116.846
2879,"BOYES HOT SPRINGS",CA,38.4631,-122.99
2923,"BRADLEY",CA,35.9076,-120.937
2968,"BRANDEIS",CA,34.2582,-118.711
2986,"BRANSCOMB",CA,39.6776,-123.647
3003,"BRAWLEY",CA,33.0964,-115.28
3011,"BREA",CA,33.9231,-117.864
3044,"BRENTWOOD",CA,37.9123,-121.843
3075,"BRIDGEPORT",CA,38.2485,-119.199
3094,"BRIDGEVILLE",CA,40.4848,-123.753
3149,"BRISBANE",CA,37.6892,-122.404
3235,"BROOKDALE",CA,37.106,-122.112
3277,"BROOKS",CA,38.7998,-122.181
3320,"BROWNS VALLEY",CA,39.3218,-121.368
3331,"BROWNSVILLE",CA,39.425,-121.274
3415,"BRYN MAWR",CA,34.84,-115.967
3471,"BUELLTON",CA,34.6359,-120.201
3474,"BUENA PARK",CA,33.8467,-117.998
3547,"BURBANK",CA,34.1559,-118.335
3583,"BURLINGAME",CA,37.5842,-122.366
3614,"BURNEY",CA,40.9424,-121.687
3638,"BURNT RANCH",CA,40.4777,-123.107
3644,"BURREL",CA,36.5898,-119.899
3647,"BURSON",CA,38.1913,-120.91
3692,"BUTTE CITY",CA,39.4585,-121.934
3698,"BUTTONWILLOW",CA,35.2944,-118.905
3723,"BYRON",CA,37.8589,-121.617
3733,"CABAZON",CA,33.843,-116.607
3775,"CALABASAS",CA,34.1339,-118.665
3801,"CALEXICO",CA,32.679,-115.499
3812,"CALIENTE",CA,35.4881,-118.61
3819,"CALIFORNIA CITY",CA,35.1853,-117.838
3820,"CALIFORNIA HOT SPRINGS",CA,35.8818,-118.656
3821,"CALIMESA",CA,33.9768,-117.038
3823,"CALIPATRIA",CA,33.1577,-115.51
3824,"CALISTOGA",CA,38.6151,-122.508
3826,"CALLAHAN",CA,41.2815,-122.876
3842,"CALPELLA",CA,39.2133,-123.277
3843,"CALPINE",CA,39.6139,-120.405
3868,"CAMARILLO",CA,34.2126,-119.036
3872,"CAMBRIA",CA,35.5877,-120.954
3929,"CAMINO",CA,38.7455,-120.693
3942,"CAMP MEEKER",CA,38.4179,-122.959
3944,"CAMP NELSON",CA,36.1398,-118.695
3945,"CAMP PENDLETON",CA,33.0169,-116.846
3952,"CAMPBELL",CA,37.2791,-121.956
3968,"CAMPO",CA,33.0169,-116.846
3970,"CAMPO SECO",CA,38.2115,-120.849
3975,"CAMPTONVILLE",CA,39.4144,-121.111
3999,"CANBY",CA,41.4587,-120.803
4030,"CANOGA PARK",CA,34.201,-118.598
4039,"CANTIL",CA,35.1774,-118.035
4061,"CANTUA CREEK",CA,36.6079,-120.249
4066,"CANYON",CA,37.7772,-121.955
4070,"CANYON COUNTRY",CA,34.4191,-118.507
4073,"CANYONDAM",CA,40.2112,-121.121
4076,"CAPAY",CA,38.7856,-122.14
4091,"CAPISTRANO BEACH",CA,33.4553,-117.663
4095,"CAPITOLA",CA,37.0124,-122.001
4124,"CARDIFF BY THE SEA",CA,33.023,-117.274
4157,"CARLOTTA",CA,40.5016,-123.953
4158,"CARLSBAD",CA,33.1236,-117.328
4172,"CARMEL",CA,36.4978,-121.888
4176,"CARMEL VALLEY",CA,36.446,-121.667
4180,"CARMICHAEL",CA,38.6368,-121.321
4186,"CARNELIAN BAY",CA,39.23,-120.066
4204,"CARPINTERIA",CA,34.3968,-119.512
4232,"CARSON",CA,33.8316,-118.264
4265,"CARUTHERS",CA,36.5286,-120.05
4306,"CASMALIA",CA,34.8458,-120.535
4309,"CASPAR",CA,39.3673,-123.804
4320,"CASSEL",CA,40.9337,-121.568
4332,"CASTAIC",CA,34.489,-118.621
4341,"CASTELLA",CA,41.1103,-122.316
4362,"CASTRO VALLEY",CA,37.7109,-122.074
4363,"CASTROVILLE",CA,36.7826,-121.736
4383,"CATHEDRAL CITY",CA,33.8305,-116.464
4385,"CATHEYS VALLEY",CA,37.4086,-120.123
4413,"CAYUCOS",CA,35.4733,-120.909
4420,"CAZADERO",CA,38.5621,-123.19
4448,"CEDAR GLEN",CA,34.84,-115.967
4470,"CEDAR RIDGE",CA,39.266,-120.641
4482,"CEDARPINES PARK",CA,34.84,-115.967
4487,"CEDARVILLE",CA,41.4243,-120.111
4594,"CERES",CA,37.5619,-120.968
4600,"CERRITOS",CA,33.8669,-118.069
4621,"CHALLENGE",CA,39.4671,-121.204
4753,"CHATSWORTH",CA,34.2572,-118.597
4840,"CHESTER",CA,40.2773,-121.201
4900,"CHICAGO PARK",CA,39.1673,-120.964
4908,"CHICO",CA,39.759,-121.815
4918,"CHILCOOT",CA,39.7941,-120.132
4946,"CHINESE CAMP",CA,37.8079,-120.44
4948,"CHINO",CA,33.9973,-117.676
4949,"CHINO HILLS",CA,34.84,-115.967
4977,"CHOWCHILLA",CA,37.0134,-120.266
4994,"CHUALAR",CA,36.584,-121.452
5000,"CHULA VISTA",CA,32.6413,-117.094
5027,"CIMA",CA,34.84,-115.967
5052,"CITRUS HEIGHTS",CA,38.6946,-121.29
5053,"CITY OF INDUSTRY",CA,33.7856,-118.008
5071,"CLAREMONT",CA,33.7866,-118.299
5124,"CLARKSBURG",CA,38.4314,-121.595
5186,"CLAYTON",CA,37.8978,-121.785
5224,"CLEARLAKE",CA,38.9465,-122.657
5226,"CLEARLAKE OAKS",CA,38.9534,-122.621
5227,"CLEARLAKE PARK",CA,38.986,-122.661
5242,"CLEMENTS",CA,38.2111,-121.044
5350,"CLIO",CA,39.7546,-120.595
5355,"CLIPPER MILLS",CA,39.5438,-121.22
5370,"CLOVERDALE",CA,38.6389,-122.913
5377,"CLOVIS",CA,36.8266,-119.701
5395,"COACHELLA",CA,33.6464,-116.144
5414,"COALINGA",CA,36.247,-120.381
5424,"COARSEGOLD",CA,37.1588,-119.717
5433,"COBB",CA,38.8268,-122.733
5532,"COLEVILLE",CA,38.5333,-119.485
5533,"COLFAX",CA,39.1265,-120.864
5545,"COLLEGE CITY",CA,39.1692,-122.29
5591,"COLOMA",CA,38.8142,-120.895
5613,"COLTON",CA,34.1512,-116.901
5622,"COLUMBIA",CA,38.061,-120.364
5668,"COLUSA",CA,39.204,-122.221
5702,"COMPTCHE",CA,39.2387,-123.588
5704,"COMPTON",CA,33.896,-118.224
5724,"CONCORD",CA,37.9755,-122.029
5823,"COOL",CA,38.878,-120.986
5872,"COPPEROPOLIS",CA,37.9719,-120.65
5887,"CORCORAN",CA,36.0674,-119.623
5923,"CORNING",CA,40.1254,-122.135
5942,"CORONA",CA,33.8755,-117.568
5946,"CORONA DEL MAR",CA,33.6,-117.865
5947,"CORONADO",CA,32.6803,-117.176
5962,"CORTE MADERA",CA,37.926,-122.514
5990,"COSTA MESA",CA,33.6525,-117.919
5993,"COTATI",CA,38.3266,-122.706
6018,"COTTONWOOD",CA,40.44,-122.429
6032,"COULTERVILLE",CA,37.7001,-120.155
6048,"COURTLAND",CA,38.3383,-121.538
6058,"COVELO",CA,39.8351,-123.148
6064,"COVINA",CA,34.0908,-117.881
6097,"COYOTE",CA,37.1894,-121.705
6184,"CRESCENT CITY",CA,41.7581,-124.198
6188,"CRESCENT MILLS",CA,40.0863,-120.925
6192,"CRESSEY",CA,37.4222,-120.627
6197,"CREST PARK",CA,34.84,-115.967
6199,"CRESTLINE",CA,34.8507,-116.701
6202,"CRESTON",CA,35.4779,-120.436
6231,"CROCKETT",CA,37.958,-122.153
6309,"CROWS LANDING",CA,37.4291,-121.055
6372,"CULVER CITY",CA,34.0042,-118.393
6401,"CUPERTINO",CA,37.3156,-122.047
6445,"CUTLER",CA,36.5158,-119.237
6450,"CUTTEN",CA,40.7336,-123.944
6461,"CYPRESS",CA,33.6403,-117.769
6478,"DAGGETT",CA,34.8998,-116.77
6537,"DALY CITY",CA,37.6845,-122.472
6556,"DANA POINT",CA,33.4859,-117.696
6591,"DANVILLE",CA,37.8161,-121.968
6610,"DARDANELLE",CA,38.0335,-119.925
6630,"DARWIN",CA,36.626,-117.219
6640,"DAVENPORT",CA,37.0975,-122.243
6659,"DAVIS",CA,38.5528,-121.735
6666,"DAVIS CREEK",CA,41.5905,-120.728
6765,"DEATH VALLEY",CA,36.2358,-117.145
6812,"DEER PARK",CA,38.4509,-122.445
6847,"DEL MAR",CA,32.9741,-117.224
6849,"DEL REY",CA,36.6524,-119.592
6855,"DELANO",CA,35.7613,-119.244
6876,"DELHI",CA,37.4294,-120.762
6928,"DENAIR",CA,37.5503,-120.718
7010,"DESCANSO",CA,33.0169,-116.846
7012,"DESERT CENTER",CA,33.809,-115.367
7013,"DESERT HOT SPRINGS",CA,33.9651,-116.545
7063,"DIABLO",CA,37.8387,-121.967
7068,"DIAMOND BAR",CA,33.7866,-118.299
7071,"DIAMOND SPRINGS",CA,38.6298,-120.82
7114,"DILLON BEACH",CA,38.2469,-122.956
7132,"DINUBA",CA,36.5095,-119.395
7150,"DIXON",CA,38.3974,-121.761
7163,"DOBBINS",CA,39.3778,-121.189
7240,"DORRIS",CA,41.9194,-121.974
7245,"DOS PALOS",CA,37.0733,-120.623
7246,"DOS RIOS",CA,39.672,-123.394
7268,"DOUGLAS CITY",CA,40.6689,-122.942
7269,"DOUGLAS FLAT",CA,38.1104,-120.454
7307,"DOWNEY",CA,33.9355,-118.124
7309,"DOWNIEVILLE",CA,39.5586,-120.854
7319,"DOYLE",CA,39.9628,-120.202
7395,"DRYTOWN",CA,38.437,-120.846
7402,"DUARTE",CA,34.1557,-117.955
7405,"DUBLIN",CA,37.7144,-121.906
7427,"DUCOR",CA,36.082,-119.036
7450,"DULZURA",CA,33.0169,-116.846
7474,"DUNCANS MILLS",CA,38.4427,-123.071
7501,"DUNLAP",CA,36.7237,-119.052
7517,"DUNNIGAN",CA,38.8354,-122.058
7523,"DUNSMUIR",CA,41.4557,-122.39
7546,"DURHAM",CA,39.6264,-121.778
7562,"DUTCH FLAT",CA,39.1965,-120.83
7620,"EAGLEVILLE",CA,41.5905,-120.728
7631,"EARLIMART",CA,35.8759,-119.262
7645,"EARP",CA,34.2015,-115.648
7729,"EAST IRVINE",CA,33.6403,-117.769
7893,"ECHO LAKE",CA,38.8307,-120.055
7970,"EDISON",CA,35.357,-118.81
7996,"EDWARDS",CA,45.3227,-75.4662
8041,"EL CAJON",CA,32.795,-116.962
8043,"EL CENTRO",CA,32.7868,-115.552
8044,"EL CERRITO",CA,37.918,-122.302
8046,"EL DORADO",CA,38.6763,-120.846
8048,"EL DORADO HILLS",CA,38.6868,-121.045
8050,"EL GRANADA",CA,37.5101,-122.473
8053,"EL MACERO",CA,38.5443,-121.686
8055,"EL MONTE",CA,34.0725,-118.033
8056,"EL NIDO",CA,37.1257,-120.505
8060,"EL PORTAL",CA,37.6222,-119.861
8064,"EL SEGUNDO",CA,33.7866,-118.299
8065,"EL SOBRANTE",CA,37.9781,-122.295
8066,"EL TORO",CA,33.5955,-117.708
8067,"EL VERANO",CA,38.3139,-122.513
8106,"ELDRIDGE",CA,38.4631,-122.99
8155,"ELK",CA,39.0764,-123.618
8160,"ELK CREEK",CA,39.5484,-122.567
8166,"ELK GROVE",CA,38.4032,-121.371
8302,"ELMIRA",CA,38.348,-121.9
8349,"ELVERTA",CA,38.6957,-121.452
8385,"EMERYVILLE",CA,37.8382,-122.296
8387,"EMIGRANT GAP",CA,39.2546,-120.722
8412,"EMPIRE",CA,37.6375,-120.907
8423,"ENCINITAS",CA,33.0518,-117.261
8424,"ENCINO",CA,34.1591,-118.501
8533,"ESCALON",CA,37.8178,-121.034
8536,"ESCONDIDO",CA,33.1216,-117.081
8546,"ESPARTO",CA,38.7795,-122.101
8548,"ESSEX",CA,34.5881,-115.577
8590,"ETNA",CA,41.4463,-123.01
8624,"EUREKA",CA,40.7861,-124.161
8705,"EXETER",CA,36.3447,-119.088
8733,"FAIR OAKS",CA,38.6553,-121.261
8755,"FAIRFAX",CA,37.9891,-122.592
8766,"FAIRFIELD",CA,38.2784,-122.02
8855,"FALL RIVER MILLS",CA,41.0343,-121.471
8857,"FALLBROOK",CA,33.3765,-117.238
8907,"FARMERSVILLE",CA,36.305,-119.203
8917,"FARMINGTON",CA,37.9151,-120.967
8960,"FAWNSKIN",CA,34.2583,-116.952
8984,"FEATHER FALLS",CA,39.5856,-121.259
8996,"FELLOWS",CA,35.2944,-118.905
9000,"FELTON",CA,37.1024,-122.068
9028,"FERNDALE",CA,40.4652,-124.269
9052,"FIDDLETOWN",CA,38.5103,-120.708
9058,"FIELDS LANDING",CA,40.7253,-124.217
9069,"FILLMORE",CA,34.3994,-118.919
9087,"FINLEY",CA,39.0069,-122.86
9093,"FIREBAUGH",CA,36.7727,-120.213
9100,"FISH CAMP",CA,37.5117,-119.653
9133,"FIVE POINTS",CA,36.3386,-120.112
9227,"FLORISTON",CA,39.3928,-120.021
9229,"FLOURNOY",CA,39.9024,-122.492
9258,"FOLSOM",CA,38.6727,-121.149
9268,"FONTANA",CA,34.0703,-117.436
9275,"FOOTHILL RANCH",CA,33.663,-117.731
9280,"FORBESTOWN",CA,39.5284,-121.265
9308,"FOREST FALLS",CA,34.1331,-116.912
9318,"FOREST KNOLLS",CA,38.0158,-122.69
9323,"FOREST RANCH",CA,39.9475,-121.583
9330,"FORESTHILL",CA,39.0245,-120.863
9333,"FORESTVILLE",CA,38.5097,-122.918
9346,"FORKS OF SALMON",CA,41.2191,-123.236
9369,"FORT BIDWELL",CA,41.5905,-120.728
9371,"FORT BRAGG",CA,39.5006,-123.637
9386,"FORT DICK",CA,41.8925,-124.146
9406,"FORT IRWIN",CA,35.2625,-116.697
9409,"FORT JONES",CA,41.5814,-122.825
9491,"FORTUNA",CA,40.8153,-123.903
9526,"FOUNTAIN VALLEY",CA,33.703,-117.951
9534,"FOWLER",CA,36.6234,-119.692
9639,"FRAZIER PARK",CA,34.8206,-118.945
9676,"FREEDOM",CA,36.937,-121.78
9712,"FREMONT",CA,37.5486,-121.988
9723,"FRENCH CAMP",CA,37.8838,-121.29
9726,"FRENCH GULCH",CA,40.6892,-122.588
9740,"FRESNO",CA,36.7433,-119.789
9744,"FRIANT",CA,36.8399,-119.668
9808,"FULLERTON",CA,33.8703,-117.924
9815,"FULTON",CA,38.4903,-122.777
9909,"GALT",CA,38.2898,-121.314
9941,"GARBERVILLE",CA,40.6514,-123.863
9957,"GARDEN GROVE",CA,33.774,-117.955
9961,"GARDEN VALLEY",CA,38.8547,-120.83
9963,"GARDENA",CA,33.8947,-118.309
10045,"GASQUET",CA,41.9123,-123.81
10083,"GAZELLE",CA,41.4415,-122.7
10127,"GEORGETOWN",CA,38.9244,-120.703
10154,"GERBER",CA,40.0492,-122.209
10181,"GEYSERVILLE",CA,38.7073,-123.007
10272,"GILROY",CA,37.0135,-121.582
10350,"GLEN ELLEN",CA,38.3839,-122.557
10387,"GLENCOE",CA,38.3528,-120.574
10397,"GLENDALE",CA,34.165,-118.232
10408,"GLENDORA",CA,34.147,-117.846
10420,"GLENHAVEN",CA,39.0346,-122.748
10426,"GLENN",CA,39.5965,-122.032
10433,"GLENNVILLE",CA,35.733,-118.71
10514,"GOLD RUN",CA,39.1685,-120.802
10542,"GOLETA",CA,34.4356,-119.831
10549,"GONZALES",CA,36.5021,-121.409
10590,"GOODYEARS BAR",CA,39.4925,-120.898
10625,"GOSHEN",CA,36.3572,-119.425
10705,"GRANADA HILLS",CA,34.2649,-118.523
10754,"GRAND TERRACE",CA,34.84,-115.967
10782,"GRANITE BAY",CA,38.7566,-121.183
10840,"GRASS VALLEY",CA,39.2193,-121.059
10851,"GRATON",CA,38.4349,-122.868
10941,"GREEN VALLEY LAKE",CA,34.2411,-116.939
10948,"GREENBRAE",CA,37.9479,-122.536
10967,"GREENFIELD",CA,36.324,-121.324
11014,"GREENVIEW",CA,41.5403,-122.937
11017,"GREENVILLE",CA,40.1248,-120.879
11052,"GREENWOOD",CA,38.9094,-120.889
11076,"GRENADA",CA,41.6347,-122.47
11095,"GRIDLEY",CA,39.3555,-121.725
11105,"GRIMES",CA,39.0659,-121.908
11116,"GRIZZLY FLATS",CA,38.6376,-120.553
11135,"GROVELAND",CA,37.8676,-120.088
11148,"GROVER BEACH",CA,35.1215,-120.62
11165,"GUADALUPE",CA,34.9388,-120.573
11167,"GUALALA",CA,38.8369,-123.527
11169,"GUASTI",CA,34.84,-115.967
11170,"GUATAY",CA,33.0169,-116.846
11174,"GUERNEVILLE",CA,38.4956,-122.979
11192,"GUINDA",CA,38.8504,-122.215
11221,"GUSTINE",CA,37.1504,-120.987
11248,"HACIENDA HEIGHTS",CA,33.9761,-117.982
11310,"HALF MOON BAY",CA,37.3891,-122.416
11386,"HAMILTON CITY",CA,39.7282,-122.054
11457,"HANFORD",CA,36.3256,-119.645
11506,"HAPPY CAMP",CA,41.6665,-123.422
11513,"HARBOR CITY",CA,33.7913,-118.252
11567,"HARMONY",CA,35.4919,-120.976
11754,"HAT CREEK",CA,40.8086,-121.5
11765,"HATHAWAY PINES",CA,38.1835,-120.388
11804,"HAWAIIAN GARDENS",CA,33.831,-118.073
11824,"HAWTHORNE",CA,33.9165,-118.352
11848,"HAYFORK",CA,40.5006,-123.167
11861,"HAYWARD",CA,37.6323,-122.11
11895,"HEALDSBURG",CA,38.5128,-122.787
11910,"HEBER",CA,32.7218,-115.438
11954,"HELENDALE",CA,34.4969,-116.378
11960,"HELM",CA,36.5745,-120.066
11970,"HEMET",CA,33.7386,-116.989
12039,"HERALD",CA,38.3206,-121.155
12043,"HERCULES",CA,38.0083,-122.262
12051,"HERLONG",CA,40.1015,-120.245
12067,"HERMOSA BEACH",CA,33.7866,-118.299
12092,"HESPERIA",CA,34.4216,-117.302
12126,"HICKMAN",CA,37.5995,-120.659
12174,"HIGHLAND",CA,34.1565,-117.14
12274,"HILMAR",CA,37.3996,-120.886
12301,"HINKLEY",CA,35.0126,-116.192
12415,"HOLLISTER",CA,36.8567,-121.402
12454,"HOLT",CA,37.8899,-121.254
12463,"HOLTVILLE",CA,32.8673,-115.375
12466,"HOLY CITY",CA,37.1894,-121.705
12478,"HOMELAND",CA,33.7529,-116.056
12499,"HOMEWOOD",CA,39.123,-120.178
12518,"HONEYDEW",CA,40.2568,-124.151
12526,"HOOD",CA,38.3578,-121.542
12537,"HOOPA",CA,40.7869,-123.754
12587,"HOPLAND",CA,38.9656,-123.139
12599,"HORNBROOK",CA,41.9398,-122.526
12604,"HORNITOS",CA,37.5552,-120.226
12750,"HUGHSON",CA,37.5457,-120.966
12781,"HUME",CA,36.7515,-118.957
12824,"HUNTINGTON BEACH",CA,33.6647,-118.013
12826,"HUNTINGTON PARK",CA,33.978,-118.213
12859,"HURON",CA,36.2072,-120.103
12891,"HYAMPOM",CA,40.6137,-123.449
12907,"HYDESVILLE",CA,40.5487,-124.099
12945,"IDYLLWILD",CA,33.7418,-116.721
12947,"IGO",CA,40.4782,-122.722
12969,"IMPERIAL",CA,33.0089,-115.641
12974,"IMPERIAL BEACH",CA,32.5766,-117.118
12980,"INDEPENDENCE",CA,36.8312,-118.235
13010,"INDIAN WELLS",CA,33.7027,-116.304
13021,"INDIO",CA,33.7243,-116.234
13036,"INGLEWOOD",CA,33.9598,-118.344
13065,"INVERNESS",CA,38.1126,-122.888
13072,"INYOKERN",CA,35.6397,-117.857
13080,"IONE",CA,38.3406,-120.915
13131,"IRVINE",CA,33.655,-117.845
13183,"ISLETON",CA,38.1839,-121.602
13206,"IVANHOE",CA,36.3758,-119.134
13229,"JACKSON",CA,38.367,-120.763
13275,"JACUMBA",CA,33.0169,-116.846
13290,"JAMESTOWN",CA,37.8831,-120.42
13313,"JAMUL",CA,33.0169,-116.846
13315,"JANESVILLE",CA,40.2983,-120.506
13408,"JENNER",CA,38.5469,-123.227
13472,"JOHANNESBURG",CA,35.3708,-117.643
13507,"JOLON",CA,36.0235,-121.214
13555,"JOSHUA TREE",CA,34.1757,-116.268
13569,"JULIAN",CA,33.0169,-116.846
13583,"JUNCTION CITY",CA,40.7411,-123.072
13590,"JUNE LAKE",CA,37.7113,-119.055
13689,"KAWEAH",CA,36.4727,-118.903
13715,"KEELER",CA,36.4886,-117.874
13718,"KEENE",CA,35.2265,-118.581
13762,"KELSEYVILLE",CA,38.9308,-122.794
13844,"KENTFIELD",CA,38.068,-122.741
13856,"KENWOOD",CA,38.4131,-122.548
13870,"KERMAN",CA,36.6761,-120.22
13874,"KERNVILLE",CA,35.7087,-118.405
13893,"KETTLEMAN CITY",CA,36.0055,-120.027
13909,"KEYES",CA,37.5593,-120.914
13993,"KING CITY",CA,36.2019,-121.052
14011,"KINGS BEACH",CA,39.2011,-120.083
14012,"KINGS CANYON NATIONAL PK",CA,36.7341,-118.959
14017,"KINGSBURG",CA,36.5249,-119.603
14094,"KIRKWOOD",CA,38.5754,-120.285
14108,"KIT CARSON",CA,38.4633,-120.55
14122,"KLAMATH",CA,41.6099,-124.054
14124,"KLAMATH RIVER",CA,41.8712,-122.978
14132,"KNEELAND",CA,40.647,-123.913
14138,"KNIGHTS LANDING",CA,38.8585,-121.772
14139,"KNIGHTSEN",CA,37.9726,-121.665
14183,"KORBEL",CA,40.7688,-123.859
14227,"KYBURZ",CA,38.8925,-120.252
14238,"LA CANADA FLINTRIDGE",CA,34.2068,-118.2
14244,"LA CRESCENTA",CA,34.2241,-118.24
14264,"LA GRANGE",CA,37.6532,-120.509
14272,"LA HABRA",CA,33.9319,-117.95
14275,"LA HONDA",CA,37.2726,-122.25
14278,"LA JOLLA",CA,32.8475,-117.275
14287,"LA MESA",CA,32.7701,-117.023
14289,"LA MIRADA",CA,33.8985,-118.011
14293,"LA PALMA",CA,33.6403,-117.769
14308,"LA PUENTE",CA,34.0303,-117.954
14310,"LA QUINTA",CA,33.671,-116.259
14323,"LA VERNE",CA,33.7866,-118.299
14360,"LADERA RANCH",CA,33.6403,-117.769
14370,"LAFAYETTE",CA,37.9012,-122.12
14392,"LAGUNA BEACH",CA,33.5414,-117.76
14393,"LAGUNA HILLS",CA,33.5854,-117.709
14394,"LAGUNA NIGUEL",CA,33.529,-117.709
14396,"LAGUNITAS",CA,38.023,-122.699
14414,"LAKE ARROWHEAD",CA,34.2092,-117.129
14424,"LAKE CITY",CA,41.7637,-120.179
14445,"LAKE ELSINORE",CA,33.6898,-117.322
14446,"LAKE FOREST",CA,33.6408,-117.693
14466,"LAKE HUGHES",CA,33.7866,-118.299
14469,"LAKE ISABELLA",CA,35.669,-118.457
14525,"LAKEHEAD",CA,40.9105,-122.411
14535,"LAKEPORT",CA,39.0535,-122.919
14536,"LAKESHORE",CA,37.1673,-119.244
14539,"LAKESIDE",CA,32.8935,-116.899
14562,"LAKEWOOD",CA,33.847,-118.113
14597,"LAMONT",CA,35.4054,-118.699
14614,"LANCASTER",CA,34.6895,-118.135
14636,"LANDERS",CA,34.3103,-116.524
14718,"LARKSPUR",CA,37.938,-122.535
14745,"LATHROP",CA,37.812,-121.287
14748,"LATON",CA,36.4456,-119.696
14802,"LAWNDALE",CA,33.8873,-118.352
14835,"LAYTONVILLE",CA,39.7729,-123.573
14840,"LE GRAND",CA,37.2649,-120.232
14892,"LEBEC",CA,34.8818,-118.857
14918,"LEE VINING",CA,37.9782,-119.13
14952,"LEGGETT",CA,39.8732,-123.721
14987,"LEMON COVE",CA,36.4969,-118.994
14988,"LEMON GROVE",CA,32.7342,-117.032
14993,"LEMOORE",CA,36.2983,-119.789
15117,"LEWISTON",CA,40.7361,-122.837
15204,"LIKELY",CA,41.2329,-120.508
15237,"LINCOLN",CA,38.9293,-121.327
15254,"LINCOLN ACRES",CA,33.0169,-116.846
15274,"LINDEN",CA,38.0173,-121.04
15292,"LINDSAY",CA,36.073,-119.129
15354,"LITCHFIELD",CA,40.4073,-120.409
15387,"LITTLE LAKE",CA,36.626,-117.219
15416,"LITTLERIVER",CA,39.2672,-123.696
15417,"LITTLEROCK",CA,33.7866,-118.299
15426,"LIVE OAK",CA,39.2361,-121.767
15429,"LIVERMORE",CA,37.682,-121.768
15440,"LIVINGSTON",CA,37.3588,-120.75
15459,"LLANO",CA,33.7866,-118.299
15479,"LOCKEFORD",CA,38.142,-121.152
15491,"LOCKWOOD",CA,35.95,-121.063
15513,"LODI",CA,38.1357,-121.279
15541,"LOLETA",CA,40.6652,-124.239
15546,"LOMA LINDA",CA,34.0484,-117.248
15547,"LOMA MAR",CA,37.2797,-122.315
15553,"LOMITA",CA,33.7866,-118.299
15554,"LOMPOC",CA,34.661,-120.471
15570,"LONE PINE",CA,36.5538,-117.984
15579,"LONG BARN",CA,38.1128,-120.127
15580,"LONG BEACH",CA,33.7898,-118.152
15636,"LOOKOUT",CA,41.2347,-121.216
15641,"LOOMIS",CA,38.8144,-121.177
15678,"LOS ALAMITOS",CA,33.803,-118.059
15679,"LOS ALAMOS",CA,34.7457,-120.205
15681,"LOS ALTOS",CA,37.3691,-122.096
15682,"LOS ANGELES",CA,34.0522,-118.243
15683,"LOS BANOS",CA,37.1038,-120.847
15686,"LOS GATOS",CA,37.2329,-121.964
15689,"LOS MOLINOS",CA,40.0392,-122.134
15691,"LOS OLIVOS",CA,34.693,-120.068
15692,"LOS OSOS",CA,35.3111,-120.832
15698,"LOST HILLS",CA,35.2944,-118.905
15709,"LOTUS",CA,38.8884,-120.843
15776,"LOWER LAKE",CA,38.897,-122.626
15801,"LOYALTON",CA,39.613,-120.286
15818,"LUCERNE",CA,39.1578,-122.81
15822,"LUCERNE VALLEY",CA,34.7704,-116.206
15831,"LUDLOW",CA,34.9329,-115.803
15959,"LYNWOOD",CA,33.9245,-118.203
15980,"LYOTH",CA,37.8899,-121.254
15983,"LYTLE CREEK",CA,34.84,-115.967
15999,"MACDOEL",CA,41.7879,-121.911
16039,"MAD RIVER",CA,40.4509,-123.506
16044,"MADELINE",CA,40.9766,-120.555
16045,"MADERA",CA,36.9665,-120.083
16050,"MADISON",CA,38.6719,-121.972
16088,"MAGALIA",CA,39.868,-121.6
16156,"MALIBU",CA,34.0258,-118.765
16191,"MAMMOTH LAKES",CA,37.6094,-118.866
16207,"MANCHESTER",CA,38.9502,-123.662
16243,"MANHATTAN BEACH",CA,33.8874,-118.396
16307,"MANTECA",CA,37.7991,-121.229
16314,"MANTON",CA,40.4209,-121.865
16395,"MARCH AIR FORCE BASE",CA,33.7529,-116.056
16425,"MARICOPA",CA,35.2944,-118.905
16440,"MARINA",CA,36.6433,-121.813
16441,"MARINA DEL REY",CA,33.9825,-118.441
16477,"MARIPOSA",CA,37.5729,-120.019
16486,"MARKLEEVILLE",CA,38.7713,-119.833
16528,"MARSHALL",CA,38.1709,-122.823
16561,"MARTELL",CA,38.4633,-120.55
16581,"MARTINEZ",CA,37.9864,-122.135
16617,"MARYSVILLE",CA,39.2609,-121.371
16673,"MATHER",CA,38.5544,-121.282
16736,"MAXWELL",CA,39.2847,-122.21
16797,"MAYWOOD",CA,33.9885,-118.187
16879,"MC FARLAND",CA,35.6748,-118.49
16917,"MC KITTRICK",CA,35.2944,-118.905
16953,"MCARTHUR",CA,41.0968,-121.437
16960,"MCCLELLAN",CA,38.6667,-121.39
16961,"MCCLOUD",CA,41.2475,-122.113
16978,"MCKINLEYVILLE",CA,40.7081,-123.976
17002,"MEADOW VALLEY",CA,39.8963,-121.096
17003,"MEADOW VISTA",CA,39.0014,-121.035
17019,"MECCA",CA,33.545,-116.019
17144,"MENDOCINO",CA,39.32,-123.734
17152,"MENDOTA",CA,36.6769,-120.394
17158,"MENIFEE",CA,33.7529,-116.056
17162,"MENLO PARK",CA,37.4841,-122.169
17172,"MENTONE",CA,34.4703,-115.97
17180,"MERCED",CA,37.2977,-120.476
17204,"MERIDIAN",CA,39.0669,-121.849
17295,"MI WUK VILLAGE",CA,38.0845,-120.135
17367,"MIDDLETOWN",CA,39.0402,-122.719
17407,"MIDPINES",CA,37.5644,-119.963
17422,"MIDWAY CITY",CA,33.6403,-117.769
17462,"MILFORD",CA,40.1967,-120.368
17487,"MILL CREEK",CA,40.3439,-121.503
17500,"MILL VALLEY",CA,37.9045,-122.542
17504,"MILLBRAE",CA,37.6016,-122.401
17579,"MILLVILLE",CA,40.5701,-122.067
17601,"MILPITAS",CA,37.4347,-121.888
17652,"MINERAL",CA,40.3564,-121.571
17718,"MIRA LOMA",CA,33.7529,-116.056
17720,"MIRAMONTE",CA,36.699,-119.049
17721,"MIRANDA",CA,40.2355,-123.846
17730,"MISSION HILLS",CA,34.6901,-120.448
17732,"MISSION VIEJO",CA,33.6279,-117.651
17762,"MOCCASIN",CA,37.8054,-120.376
17775,"MODESTO",CA,37.6456,-120.994
17795,"MOJAVE",CA,35.0536,-118.174
17797,"MOKELUMNE HILL",CA,38.2914,-120.572
17841,"MONO HOT SPRINGS",CA,36.7464,-119.64
17879,"MONROVIA",CA,34.1598,-118.001
17889,"MONTAGUE",CA,41.7575,-122.197
17897,"MONTARA",CA,37.5428,-122.505
17901,"MONTCLAIR",CA,34.84,-115.967
17903,"MONTE RIO",CA,38.4598,-123.001
17906,"MONTEBELLO",CA,33.7866,-118.299
17911,"MONTEREY",CA,36.5937,-121.882
17917,"MONTEREY PARK",CA,34.0625,-118.123
17946,"MONTGOMERY CREEK",CA,40.9009,-121.917
17985,"MONTROSE",CA,34.205,-118.225
18046,"MOORPARK",CA,34.2964,-118.857
18057,"MORAGA",CA,37.834,-122.127
18075,"MORENO VALLEY",CA,33.9174,-117.226
18085,"MORGAN HILL",CA,37.1318,-121.634
18113,"MORONGO VALLEY",CA,34.1466,-116.371
18158,"MORRO BAY",CA,35.3718,-120.851
18205,"MOSS BEACH",CA,37.5202,-122.5
18206,"MOSS LANDING",CA,36.7976,-121.761
18243,"MOUNT AUKUM",CA,38.5472,-120.708
18277,"MOUNT HAMILTON",CA,37.3043,-121.633
18278,"MOUNT HERMON",CA,37.0521,-122.058
18301,"MOUNT LAGUNA",CA,33.0169,-116.846
18342,"MOUNT SHASTA",CA,41.4272,-122.473
18382,"MOUNT WILSON",CA,33.7866,-118.299
18389,"MOUNTAIN CENTER",CA,33.6401,-116.557
18406,"MOUNTAIN PASS",CA,34.84,-115.967
18408,"MOUNTAIN RANCH",CA,38.279,-120.536
18412,"MOUNTAIN VIEW",CA,37.4005,-122.073
18439,"MT BALDY",CA,33.7866,-118.299
18508,"MURPHYS",CA,38.131,-120.454
18518,"MURRIETA",CA,33.5751,-117.201
18538,"MYERS FLAT",CA,40.2623,-123.814
18585,"NAPA",CA,38.2974,-122.293
18648,"NATIONAL CITY",CA,32.6695,-117.095
18673,"NAVARRO",CA,39.1281,-123.486
18705,"NEEDLES",CA,34.6421,-115.559
18731,"NELSON",CA,39.5563,-121.804
18790,"NEVADA CITY",CA,39.2996,-120.888
18802,"NEW ALMADEN",CA,37.1894,-121.705
18868,"NEW CUYAMA",CA,34.9223,-119.59
19078,"NEWARK",CA,37.5341,-122.025
19097,"NEWBERRY SPRINGS",CA,34.9053,-115.933
19111,"NEWBURY PARK",CA,34.1842,-118.911
19113,"NEWCASTLE",CA,39.0382,-120.971
19143,"NEWHALL",CA,34.3815,-118.53
19155,"NEWMAN",CA,37.3403,-121.214
19181,"NEWPORT BEACH",CA,33.6213,-117.929
19183,"NEWPORT COAST",CA,33.5971,-117.836
19235,"NICASIO",CA,38.009,-122.686
19236,"NICE",CA,39.2769,-122.868
19253,"NICOLAUS",CA,38.8371,-121.552
19261,"NILAND",CA,33.1244,-115.642
19282,"NIPOMO",CA,35.0484,-120.495
19283,"NIPTON",CA,35.3372,-115.628
19330,"NORCO",CA,33.7529,-116.056
19334,"NORDEN",CA,39.266,-120.641
19438,"NORTH FORK",CA,37.2141,-119.497
19459,"NORTH HIGHLANDS",CA,38.667,-121.388
19460,"NORTH HILLS",CA,34.2283,-118.468
19461,"NORTH HOLLYWOOD",CA,34.1722,-118.379
19499,"NORTH PALM SPRINGS",CA,33.925,-116.55
19523,"NORTH SAN JUAN",CA,39.3305,-121.084
19585,"NORTHRIDGE",CA,34.2283,-118.536
19607,"NORWALK",CA,33.9031,-118.083
19647,"NOVATO",CA,38.0921,-122.559
19659,"NUBIEBER",CA,41.13,-121.134
19661,"NUEVO",CA,33.6282,-116.406
19688,"O NEALS",CA,37.1639,-119.665
19714,"OAK PARK",CA,34.0324,-119.134
19724,"OAK RUN",CA,40.6915,-122.042
19726,"OAK VIEW",CA,34.4122,-119.292
19728,"OAKDALE",CA,37.8396,-120.699
19748,"OAKHURST",CA,37.3759,-119.652
19753,"OAKLAND",CA,37.7723,-122.215
19772,"OAKLEY",CA,37.9965,-121.69
19790,"OAKVILLE",CA,38.4379,-122.399
19812,"OBRIEN",CA,40.7352,-122.194
19815,"OCCIDENTAL",CA,38.4067,-123.02
19832,"OCEANO",CA,35.1062,-120.611
19834,"OCEANSIDE",CA,33.1836,-117.369
19853,"OCOTILLO",CA,32.981,-115.823
19919,"OJAI",CA,34.4477,-119.247
19951,"OLANCHA",CA,36.23,-117.955
19979,"OLD STATION",CA,40.6589,-121.449
19998,"OLEMA",CA,38.0467,-122.77
20010,"OLIVEHURST",CA,39.2148,-121.391
20040,"OLYMPIC VALLEY",CA,39.1752,-120.195
20092,"ONTARIO",CA,49.2644,-84.7477
20100,"ONYX",CA,35.6395,-117.988
20128,"ORANGE",CA,33.7881,-117.853
20137,"ORANGE COVE",CA,36.6774,-119.783
20145,"ORANGEVALE",CA,38.6871,-121.225
20171,"OREGON HOUSE",CA,39.2105,-121.348
20180,"ORICK",CA,41.2919,-124.06
20189,"ORINDA",CA,37.8931,-122.145
20197,"ORLAND",CA,39.6312,-122.327
20206,"ORLEANS",CA,41.3049,-123.558
20216,"ORO GRANDE",CA,34.84,-115.967
20224,"OROSI",CA,36.5556,-119.166
20226,"OROVILLE",CA,39.5003,-121.551
20408,"OXNARD",CA,34.1977,-119.177
20434,"PACIFIC GROVE",CA,36.4083,-121.544
20436,"PACIFIC PALISADES",CA,33.7866,-118.299
20437,"PACIFICA",CA,37.6147,-122.486
20441,"PACOIMA",CA,34.2629,-118.426
20464,"PAICINES",CA,36.5874,-121.149
20479,"PALA",CA,33.0169,-116.846
20487,"PALERMO",CA,39.443,-121.551
20507,"PALM DESERT",CA,33.7398,-116.374
20509,"PALM SPRINGS",CA,33.8014,-116.543
20510,"PALMDALE",CA,34.5798,-118.13
20544,"PALO ALTO",CA,37.4373,-122.16
20545,"PALO CEDRO",CA,40.5684,-122.202
20548,"PALO VERDE",CA,33.3696,-114.736
20550,"PALOMAR MOUNTAIN",CA,33.0169,-116.846
20554,"PALOS VERDES PENINSULA",CA,33.7866,-118.299
20580,"PANORAMA CITY",CA,34.2215,-118.449
20598,"PARADISE",CA,39.7523,-121.608
20613,"PARAMOUNT",CA,33.899,-118.165
20656,"PARKER DAM",CA,34.2494,-114.211
20679,"PARLIER",CA,36.6614,-119.816
20709,"PASADENA",CA,34.1459,-118.132
20716,"PASKENTA",CA,39.8772,-122.581
20717,"PASO ROBLES",CA,35.5839,-120.621
20743,"PATTERSON",CA,37.5164,-121.238
20754,"PATTON",CA,34.84,-115.967
20771,"PAUMA VALLEY",CA,33.0169,-116.846
20802,"PAYNES CREEK",CA,40.3641,-121.841
20827,"PEARBLOSSOM",CA,33.7866,-118.299
20845,"PEBBLE BEACH",CA,36.5831,-121.936
20933,"PENN VALLEY",CA,39.2166,-121.118
20937,"PENNGROVE",CA,38.3153,-122.648
20958,"PENRYN",CA,38.8523,-121.181
21005,"PERRIS",CA,33.7903,-117.226
21048,"PESCADERO",CA,37.2112,-122.344
21054,"PETALUMA",CA,38.2468,-122.628
21082,"PETROLIA",CA,40.3034,-124.214
21102,"PHELAN",CA,34.4263,-117.573
21127,"PHILLIPSVILLE",CA,40.195,-123.787
21129,"PHILO",CA,39.0566,-123.525
21166,"PICO RIVERA",CA,34.0014,-118.084
21170,"PIEDMONT",CA,37.6802,-121.922
21178,"PIEDRA",CA,36.8417,-119.35
21188,"PIERCY",CA,39.9476,-123.687
21223,"PILOT HILL",CA,38.7516,-120.979
21252,"PINE GROVE",CA,38.4038,-120.668
21276,"PINE VALLEY",CA,33.0169,-116.846
21282,"PINECREST",CA,38.0045,-119.994
21323,"PINOLE",CA,37.9908,-122.243
21326,"PINON HILLS",CA,34.2373,-116.855
21334,"PIONEER",CA,38.5563,-120.353
21338,"PIONEERTOWN",CA,34.1887,-116.505
21348,"PIRU",CA,34.4352,-118.786
21355,"PISMO BEACH",CA,35.1552,-120.665
21368,"PITTSBURG",CA,38.0031,-121.917
21392,"PIXLEY",CA,35.9599,-119.136
21394,"PLACENTIA",CA,33.882,-117.863
21395,"PLACERVILLE",CA,38.7302,-120.797
21434,"PLANADA",CA,37.2891,-120.317
21445,"PLATINA",CA,40.376,-122.937
21462,"PLAYA DEL REY",CA,33.9489,-118.445
21470,"PLEASANT GROVE",CA,38.8306,-121.534
21473,"PLEASANT HILL",CA,37.9576,-122.078
21498,"PLEASANTON",CA,37.676,-121.897
21529,"PLYMOUTH",CA,38.4866,-120.862
21572,"POINT ARENA",CA,38.9191,-123.541
21582,"POINT MUGU NAWC",CA,34.1134,-119.112
21588,"POINT REYES STATION",CA,38.0579,-122.853
21614,"POLLOCK PINES",CA,38.7663,-120.481
21630,"POMONA",CA,34.0551,-117.75
21674,"POPE VALLEY",CA,38.6493,-122.445
21705,"PORT COSTA",CA,38.047,-122.193
21719,"PORT HUENEME",CA,34.1611,-119.195
21720,"PORT HUENEME CBC BASE",CA,34.1621,-119.207
21788,"PORTERVILLE",CA,36.0768,-119.026
21807,"PORTOLA",CA,39.8005,-120.542
21808,"PORTOLA VALLEY",CA,37.3702,-122.218
21818,"POSEY",CA,35.8193,-118.73
21835,"POTRERO",CA,32.605,-116.613
21841,"POTTER VALLEY",CA,39.3609,-123.107
21865,"POWAY",CA,32.9864,-117.023
21924,"PRATHER",CA,37.0088,-119.513
21990,"PRINCETON",CA,39.3792,-122.096
22018,"PROBERTA",CA,40.1252,-122.204
22169,"QUINCY",CA,40.0051,-121.018
22210,"RACKERBY",CA,39.4444,-121.318
22229,"RAIL ROAD FLAT",CA,38.3256,-120.485
22240,"RAISIN",CA,36.5919,-119.903
22260,"RAMONA",CA,33.0316,-116.977
22274,"RANCHITA",CA,33.0169,-116.846
22275,"RANCHO CORDOVA",CA,38.5702,-121.327
22276,"RANCHO CUCAMONGA",CA,34.1066,-117.611
22277,"RANCHO MIRAGE",CA,33.7036,-116.432
22278,"RANCHO PALOS VERDES",CA,33.7866,-118.299
22279,"RANCHO SANTA FE",CA,33.0202,-117.203
22280,"RANCHO SANTA MARGARITA",CA,33.6019,-117.604
22311,"RANDSBURG",CA,35.3866,-117.716
22353,"RAVENDALE",CA,40.7762,-120.326
22381,"RAYMOND",CA,37.2421,-119.86
22442,"RED BLUFF",CA,40.1429,-122.341
22460,"RED MOUNTAIN",CA,34.84,-115.967
22478,"REDCREST",CA,40.3655,-123.895
22482,"REDDING",CA,40.5723,-122.374
22501,"REDLANDS",CA,34.0503,-117.171
22507,"REDONDO BEACH",CA,33.8382,-118.385
22513,"REDWAY",CA,40.5055,-123.812
22517,"REDWOOD CITY",CA,37.4765,-122.222
22518,"REDWOOD ESTATES",CA,37.1894,-121.705
22520,"REDWOOD VALLEY",CA,39.3024,-123.463
22527,"REEDLEY",CA,36.6698,-119.399
22598,"REPRESA",CA,38.3774,-121.444
22609,"RESCUE",CA,38.7183,-120.994
22611,"RESEDA",CA,34.2011,-118.536
22668,"RIALTO",CA,34.1067,-117.37
22707,"RICHGROVE",CA,35.805,-119.132
22727,"RICHMOND",CA,37.9309,-122.346
22748,"RICHVALE",CA,39.5011,-121.754
22770,"RIDGECREST",CA,35.637,-117.67
22821,"RIMFOREST",CA,34.84,-115.967
22849,"RIO DELL",CA,40.3147,-123.985
22856,"RIO LINDA",CA,38.4784,-121.459
22858,"RIO NIDO",CA,38.5235,-122.982
22859,"RIO OSO",CA,38.9313,-121.49
22863,"RIO VISTA",CA,38.2091,-121.778
22873,"RIPON",CA,37.7652,-121.115
22898,"RIVER PINES",CA,38.5446,-120.743
22901,"RIVERBANK",CA,37.7327,-120.943
22902,"RIVERDALE",CA,36.4665,-119.978
22912,"RIVERSIDE",CA,33.9465,-117.401
22962,"ROBBINS",CA,38.8689,-121.709
23086,"ROCKLIN",CA,38.7992,-121.241
23138,"RODEO",CA,38.0308,-122.245
23167,"ROHNERT PARK",CA,38.3473,-122.692
23234,"ROSAMOND",CA,34.9429,-118.4
23287,"ROSEMEAD",CA,34.07,-118.082
23297,"ROSEVILLE",CA,38.7614,-121.294
23314,"ROSS",CA,38.0223,-122.562
23342,"ROUGH AND READY",CA,39.2255,-121.149
23349,"ROUND MOUNTAIN",CA,40.7629,-122.171
23376,"ROWLAND HEIGHTS",CA,33.9662,-117.917
23448,"RUMSEY",CA,38.8671,-122.225
23454,"RUNNING SPRINGS",CA,34.2102,-117.111
23516,"RUTHERFORD",CA,38.4665,-122.414
23538,"RYDE",CA,38.2329,-121.568
23569,"SACRAMENTO",CA,38.5737,-121.487
23679,"SAINT HELENA",CA,38.5378,-122.401
23830,"SALIDA",CA,37.6954,-121.079
23836,"SALINAS",CA,36.6776,-121.656
23876,"SALTON CITY",CA,33.3092,-115.958
23884,"SALYER",CA,40.6726,-123.035
23891,"SAMOA",CA,40.7951,-124.2
23895,"SAN ANDREAS",CA,38.1901,-120.616
23897,"SAN ANSELMO",CA,37.9824,-122.569
23902,"SAN ARDO",CA,35.9826,-120.828
23905,"SAN BERNARDINO",CA,34.136,-117.294
23906,"SAN BRUNO",CA,37.6275,-122.431
23908,"SAN CARLOS",CA,37.4985,-122.269
23909,"SAN CLEMENTE",CA,33.4444,-117.614
23911,"SAN DIEGO",CA,32.7188,-117.164
23913,"SAN DIMAS",CA,33.7866,-118.299
23916,"SAN FERNANDO",CA,34.2877,-118.435
23918,"SAN FRANCISCO",CA,37.7752,-122.419
23919,"SAN GABRIEL",CA,34.0942,-118.1
23921,"SAN GERONIMO",CA,38.0166,-122.66
23922,"SAN GREGORIO",CA,37.3283,-122.36
23924,"SAN JACINTO",CA,33.7874,-116.989
23925,"SAN JOAQUIN",CA,36.4584,-120.202
23927,"SAN JOSE",CA,37.3165,-121.874
23932,"SAN JUAN BAUTISTA",CA,36.831,-121.443
23933,"SAN JUAN CAPISTRANO",CA,33.5036,-117.655
23935,"SAN LEANDRO",CA,37.7258,-122.157
23936,"SAN LORENZO",CA,37.6812,-122.134
23938,"SAN LUCAS",CA,36.4574,-121.29
23941,"SAN LUIS OBISPO",CA,35.2696,-120.67
23942,"SAN LUIS REY",CA,33.0169,-116.846
23944,"SAN MARCOS",CA,33.1378,-117.176
23946,"SAN MARINO",CA,34.1197,-118.113
23947,"SAN MARTIN",CA,37.0901,-121.606
23948,"SAN MATEO",CA,37.5591,-122.322
23950,"SAN MIGUEL",CA,35.7055,-120.647
23952,"SAN PABLO",CA,37.9596,-122.334
23955,"SAN PEDRO",CA,33.736,-118.288
23958,"SAN QUENTIN",CA,37.9434,-122.48
23959,"SAN RAFAEL",CA,37.9884,-122.527
23961,"SAN RAMON",CA,37.7686,-121.976
23964,"SAN SIMEON",CA,35.5757,-120.888
23967,"SAN YSIDRO",CA,33.2537,-116.571
24034,"SANGER",CA,36.8974,-119.829
24041,"SANTA ANA",CA,33.7455,-117.868
24043,"SANTA BARBARA",CA,34.4234,-119.704
24044,"SANTA CLARA",CA,37.3523,-121.968
24047,"SANTA CLARITA",CA,34.4332,-118.531
24049,"SANTA CRUZ",CA,36.9779,-122.033
24056,"SANTA FE SPRINGS",CA,33.9355,-118.064
24058,"SANTA MARGARITA",CA,35.3584,-120.26
24059,"SANTA MARIA",CA,34.9209,-120.436
24061,"SANTA MONICA",CA,34.0105,-118.496
24062,"SANTA PAULA",CA,34.3503,-119.072
24065,"SANTA RITA PARK",CA,37.1869,-120.65
24066,"SANTA ROSA",CA,38.4456,-122.718
24071,"SANTA YNEZ",CA,34.6461,-120.092
24072,"SANTA YSABEL",CA,33.0169,-116.846
24074,"SANTEE",CA,32.8552,-116.983
24093,"SARATOGA",CA,37.2664,-122.021
24147,"SAUSALITO",CA,37.8563,-122.495
24263,"SCOTIA",CA,40.4402,-124.023
24281,"SCOTT BAR",CA,41.7289,-123.03
24292,"SCOTTS VALLEY",CA,37.0556,-122.012
24339,"SEAL BEACH",CA,33.6403,-117.769
24356,"SEASIDE",CA,36.429,-121.498
24370,"SEBASTOPOL",CA,38.4021,-122.824
24402,"SEELEY",CA,32.7941,-115.695
24407,"SEIAD VALLEY",CA,41.8339,-123.235
24429,"SELMA",CA,36.6375,-119.992
24469,"SEQUOIA NATIONAL PARK",CA,36.3644,-118.723
24526,"SHAFTER",CA,35.7636,-118.436
24542,"SHANDON",CA,35.6101,-120.292
24587,"SHASTA",CA,40.6013,-122.494
24588,"SHASTA LAKE",CA,40.661,-122.357
24593,"SHAVER LAKE",CA,37.0988,-119.166
24617,"SHEEP RANCH",CA,38.2432,-120.437
24691,"SHERIDAN",CA,38.9894,-121.347
24710,"SHERMAN OAKS",CA,34.1508,-118.449
24739,"SHINGLE SPRINGS",CA,38.6218,-120.788
24742,"SHINGLETOWN",CA,40.4887,-121.961
24784,"SHOSHONE",CA,35.9777,-116.271
24832,"SIERRA CITY",CA,39.5936,-120.627
24833,"SIERRA MADRE",CA,34.1619,-118.05
24835,"SIERRAVILLE",CA,39.5825,-120.371
24888,"SILVERADO",CA,33.742,-117.727
24902,"SIMI VALLEY",CA,34.2863,-118.718
24972,"SKYFOREST",CA,34.84,-115.967
25015,"SLOUGHHOUSE",CA,38.5186,-121.125
25022,"SMARTVILLE",CA,39.1944,-121.314
25032,"SMITH RIVER",CA,41.926,-124.16
--INSERT INTO uscities VALUES 25091,"SNELLING",CA,37.4837,-120.463
25122,"SODA SPRINGS",CA,39.3196,-120.435
25128,"SOLANA BEACH",CA,33.0071,-117.257
25136,"SOLEDAD",CA,36.4495,-121.368
25150,"SOLVANG",CA,34.596,-120.141
25160,"SOMERSET",CA,38.6393,-120.6
25184,"SOMES BAR",CA,41.4511,-123.467
25185,"SOMIS",CA,34.304,-119.039
25190,"SONOMA",CA,38.2559,-122.477
25191,"SONORA",CA,37.9609,-120.344
25201,"SOQUEL",CA,37.0319,-121.95
25210,"SOULSBYVILLE",CA,38.0104,-120.231
25254,"SOUTH DOS PALOS",CA,37.0135,-120.745
25257,"SOUTH EL MONTE",CA,33.7866,-118.299
25267,"SOUTH GATE",CA,33.9377,-118.193
25292,"SOUTH LAKE TAHOE",CA,38.939,-119.977
25316,"SOUTH PASADENA",CA,34.1119,-118.157
25339,"SOUTH SAN FRANCISCO",CA,37.6547,-122.408
25499,"SPRECKELS",CA,36.6261,-121.655
25534,"SPRING VALLEY",CA,32.731,-116.972
25589,"SPRINGVILLE",CA,36.1265,-118.928
25609,"SQUAW VALLEY",CA,36.7503,-119.354
25647,"STANDARD",CA,37.9864,-120.241
25650,"STANDISH",CA,40.3417,-120.423
25656,"STANFORD",CA,37.1894,-121.705
25675,"STANTON",CA,33.6403,-117.769
25821,"STEVENSON RANCH",CA,33.7866,-118.299
25827,"STEVINSON",CA,37.3245,-120.865
25834,"STEWARTS POINT",CA,38.6767,-123.372
25859,"STINSON BEACH",CA,37.9116,-122.652
25862,"STIRLING CITY",CA,39.9951,-121.479
25886,"STOCKTON",CA,37.9587,-121.291
25936,"STONYFORD",CA,39.2821,-122.431
25941,"STORRIE",CA,39.9185,-121.337
25980,"STRATFORD",CA,36.1894,-119.852
25994,"STRATHMORE",CA,36.1374,-119.039
26003,"STRAWBERRY",CA,38.1841,-120.021
26006,"STRAWBERRY VALLEY",CA,39.5773,-121.102
26040,"STUDIO CITY",CA,34.1504,-118.396
26091,"SUGARLOAF",CA,34.2472,-116.819
26095,"SUISUN CITY",CA,38.1954,-121.995
26121,"SULTANA",CA,36.521,-119.352
26141,"SUMMERLAND",CA,34.422,-119.593
26188,"SUN CITY",CA,33.7144,-117.206
26196,"SUN VALLEY",CA,34.2191,-118.369
26215,"SUNLAND",CA,34.2669,-118.303
26222,"SUNNYVALE",CA,37.3686,-122.034
26224,"SUNOL",CA,37.5859,-121.883
26231,"SUNSET BEACH",CA,33.6403,-117.769
26245,"SURFSIDE",CA,33.6403,-117.769
26257,"SUSANVILLE",CA,40.4213,-120.646
26269,"SUTTER",CA,39.1726,-121.803
26271,"SUTTER CREEK",CA,38.4366,-120.743
26358,"SYLMAR",CA,34.3076,-118.45
26393,"TAFT",CA,35.7033,-118.413
26401,"TAHOE CITY",CA,39.1636,-120.132
26402,"TAHOE VISTA",CA,39.2226,-120.069
26405,"TAHOMA",CA,38.9987,-120.108
26437,"TALMAGE",CA,39.1272,-123.165
26491,"TARZANA",CA,34.1735,-118.553
26524,"TAYLORSVILLE",CA,39.9635,-120.776
26542,"TECATE",CA,32.5768,-116.628
26544,"TECOPA",CA,36.626,-117.219
26553,"TEHACHAPI",CA,35.1313,-118.441
26554,"TEHAMA",CA,40.0214,-122.119
26571,"TEMECULA",CA,33.5081,-117.125
26582,"TEMPLE CITY",CA,33.7866,-118.299
26584,"TEMPLETON",CA,35.5178,-120.654
26614,"TERMO",CA,40.9509,-120.613
26616,"TERRA BELLA",CA,35.9048,-119.044
26667,"THE SEA RANCH",CA,38.7173,-123.464
26677,"THERMAL",CA,33.5578,-116.157
26730,"THORNTON",CA,38.1899,-121.451
26747,"THOUSAND OAKS",CA,34.1998,-118.869
26748,"THOUSAND PALMS",CA,33.8438,-116.393
26756,"THREE RIVERS",CA,36.4355,-118.828
26839,"TIPTON",CA,36.006,-119.334
26898,"TOLLHOUSE",CA,36.9642,-119.37
26905,"TOLUCA LAKE",CA,33.7866,-118.299
26910,"TOMALES",CA,38.2427,-122.914
26936,"TOPANGA",CA,33.7866,-118.299
26938,"TOPAZ",CA,38.6171,-119.506
26961,"TORRANCE",CA,33.8262,-118.36
27007,"TRABUCO CANYON",CA,33.6595,-117.587
27008,"TRACY",CA,37.7397,-121.436
27026,"TRANQUILLITY",CA,36.6326,-120.283
27034,"TRAVER",CA,36.4442,-119.472
27036,"TRAVIS AFB",CA,38.2712,-121.941
27071,"TRES PINOS",CA,36.7617,-121.275
27092,"TRINIDAD",CA,40.9823,-124.126
27098,"TRINITY CENTER",CA,41.0501,-122.686
27108,"TRONA",CA,35.7624,-117.373
27150,"TRUCKEE",CA,39.3453,-120.173
27183,"TUJUNGA",CA,34.2493,-118.29
27185,"TULARE",CA,36.1965,-119.344
27188,"TULELAKE",CA,41.9352,-121.589
27214,"TUOLUMNE",CA,37.9217,-120.268
27218,"TUPMAN",CA,35.2944,-118.905
27230,"TURLOCK",CA,37.5034,-120.854
27267,"TUSTIN",CA,33.749,-117.812
27276,"TWAIN",CA,39.9509,-121.095
27277,"TWAIN HARTE",CA,38.0858,-120.176
27279,"TWENTYNINE PALMS",CA,34.1355,-116.066
27283,"TWIN BRIDGES",CA,38.8021,-120.141
27294,"TWIN PEAKS",CA,34.84,-115.967
27344,"UKIAH",CA,39.4037,-123.321
27400,"UNION CITY",CA,37.5891,-121.974
27458,"UNIVERSAL CITY",CA,33.7866,-118.299
27468,"UPLAND",CA,34.1069,-117.651
27476,"UPPER LAKE",CA,39.2525,-122.856
27524,"VACAVILLE",CA,38.3552,-121.981
27543,"VALENCIA",CA,34.442,-118.608
27556,"VALLECITO",CA,38.0852,-120.472
27558,"VALLEJO",CA,38.1415,-122.233
27564,"VALLEY CENTER",CA,33.0169,-116.846
27572,"VALLEY FORD",CA,38.3072,-122.856
27584,"VALLEY SPRINGS",CA,38.1904,-120.733
27589,"VALLEY VILLAGE",CA,34.1649,-118.404
27600,"VALYERMO",CA,33.7866,-118.299
27617,"VAN NUYS",CA,34.1867,-118.449
27695,"VENICE",CA,33.989,-118.462
27701,"VENTURA",CA,34.2659,-119.258
27716,"VERDUGO CITY",CA,33.7866,-118.299
27731,"VERNALIS",CA,37.8899,-121.254
27795,"VICTOR",CA,38.1147,-121.204
27808,"VICTORVILLE",CA,34.507,-117.33
27812,"VIDAL",CA,34.2,-115.287
27831,"VILLA GRANDE",CA,38.4645,-123.038
27835,"VILLA PARK",CA,33.6403,-117.769
27854,"VINA",CA,39.9272,-122.025
27863,"VINEBURG",CA,38.4631,-122.99
27872,"VINTON",CA,40.0235,-120.799
27904,"VISALIA",CA,36.3302,-119.292
27905,"VISTA",CA,33.2016,-117.243
27912,"VOLCANO",CA,38.4473,-120.707
28078,"WALLACE",CA,38.1616,-120.944
28113,"WALNUT",CA,34.038,-117.86
28120,"WALNUT CREEK",CA,37.9063,-122.064
28123,"WALNUT GROVE",CA,38.1816,-121.579
28222,"WARNER SPRINGS",CA,33.0169,-116.846
28279,"WASCO",CA,35.4679,-118.704
28291,"WASHINGTON",CA,39.3523,-120.791
28353,"WATERFORD",CA,37.6596,-120.776
28418,"WATSONVILLE",CA,36.9165,-121.772
28434,"WAUKENA",CA,36.1296,-119.516
28528,"WEAVERVILLE",CA,40.7049,-122.957
28559,"WEED",CA,41.6661,-122.409
28570,"WEIMAR",CA,39.0189,-120.962
28594,"WELDON",CA,35.5419,-118.578
28650,"WENDEL",CA,40.3406,-120.282
28670,"WEOTT",CA,40.324,-123.882
28728,"WEST COVINA",CA,34.0616,-117.932
28779,"WEST HILLS",CA,34.1866,-118.643
28780,"WEST HOLLYWOOD",CA,33.7866,-118.299
28848,"WEST POINT",CA,38.403,-120.477
28870,"WEST SACRAMENTO",CA,38.5512,-121.55
28961,"WESTLAKE VILLAGE",CA,34.1394,-118.82
28964,"WESTLEY",CA,37.5617,-121.249
28966,"WESTMINSTER",CA,33.7592,-117.99
28980,"WESTMORLAND",CA,33.038,-115.591
29007,"WESTPORT",CA,39.6604,-123.786
29030,"WESTWOOD",CA,40.3038,-121.023
29062,"WHEATLAND",CA,39.0834,-121.398
29096,"WHISKEYTOWN",CA,40.7352,-122.194
29159,"WHITE WATER",CA,33.9451,-116.65
29200,"WHITETHORN",CA,40.4795,-123.848
29229,"WHITMORE",CA,40.5751,-121.863
29243,"WHITTIER",CA,33.9658,-118.037
29287,"WILDOMAR",CA,33.7529,-116.056
29321,"WILLIAMS",CA,39.1427,-122.244
29388,"WILLITS",CA,39.526,-123.366
29397,"WILLOW CREEK",CA,40.8721,-123.91
29411,"WILLOWS",CA,39.5194,-122.293
29421,"WILMINGTON",CA,33.78,-118.262
29440,"WILSEYVILLE",CA,38.3903,-120.491
29463,"WILTON",CA,38.4052,-121.239
29479,"WINCHESTER",CA,33.7529,-116.056
29507,"WINDSOR",CA,38.5328,-122.804
29568,"WINNETKA",CA,34.2132,-118.571
29612,"WINTERHAVEN",CA,32.9818,-114.685
29614,"WINTERS",CA,38.6228,-121.923
29630,"WINTON",CA,37.4111,-120.553
29645,"WISHON",CA,37.2746,-119.541
29659,"WITTER SPRINGS",CA,39.185,-122.965
29667,"WOFFORD HEIGHTS",CA,35.4723,-118.553
29710,"WOODACRE",CA,38.0072,-122.662
29719,"WOODBRIDGE",CA,38.158,-121.315
29744,"WOODLAKE",CA,36.4659,-119.122
29747,"WOODLAND",CA,38.6774,-121.765
29756,"WOODLAND HILLS",CA,34.1685,-118.606
29816,"WOODY",CA,35.6084,-118.796
29880,"WRIGHTWOOD",CA,34.84,-115.967
29974,"YERMO",CA,34.9269,-116.709
29976,"YETTEM",CA,36.4718,-119.259
29983,"YOLO",CA,38.751,-121.832
29988,"YORBA LINDA",CA,33.891,-117.777
30010,"YORKVILLE",CA,38.9346,-123.268
30016,"YOSEMITE NATIONAL PARK",CA,37.6379,-119.695
30032,"YOUNTVILLE",CA,38.4161,-122.362
30035,"YREKA",CA,41.6238,-122.44
30036,"YUBA CITY",CA,39.1322,-121.625
30037,"YUCAIPA",CA,34.0623,-116.971
30039,"YUCCA VALLEY",CA,34.1209,-116.422
30056,"ZAMORA",CA,38.7827,-121.898
30076,"ZENIA",CA,40.6726,-123.035
