8,"ABBOTSFORD",WI,44.9602,-90.3749
36,"ABRAMS",WI,44.7923,-88.0441
89,"ADAMS",WI,43.8921,-89.8275
117,"ADELL",WI,43.6585,-87.9737
153,"AFTON",WI,42.6055,-89.0704
246,"ALBANY",WI,42.7128,-89.4512
342,"ALGOMA",WI,44.596,-87.5403
392,"ALLENTON",WI,43.3821,-88.2622
429,"ALMA",WI,44.3467,-91.8365
431,"ALMA CENTER",WI,44.451,-90.9759
434,"ALMENA",WI,45.4344,-91.9659
440,"ALMOND",WI,44.3795,-89.3566
516,"ALTOONA",WI,44.8036,-91.4423
559,"AMBERG",WI,45.4928,-88.0496
584,"AMERY",WI,45.3486,-92.4014
599,"AMHERST",WI,44.3931,-89.3353
600,"AMHERST JUNCTION",WI,44.5304,-89.3563
707,"ANIWA",WI,45.0088,-89.3578
751,"ANTIGO",WI,45.1608,-89.0939
789,"APPLETON",WI,44.2616,-88.4157
832,"ARCADIA",WI,44.2517,-91.3877
866,"ARENA",WI,43.1196,-89.9477
873,"ARGONNE",WI,45.7118,-88.8104
884,"ARGYLE",WI,42.6901,-89.9227
900,"ARKANSAW",WI,44.6028,-92.0622
901,"ARKDALE",WI,44.08,-89.8039
927,"ARLINGTON",WI,43.3368,-89.3606
944,"ARMSTRONG CREEK",WI,45.6723,-88.5305
967,"ARPIN",WI,44.5357,-90.0072
1033,"ASHIPPUN",WI,43.2175,-88.5253
1052,"ASHLAND",WI,46.5586,-90.7388
1098,"ATHELSTANE",WI,45.4206,-88.2469
1112,"ATHENS",WI,44.9823,-90.0078
1205,"AUBURNDALE",WI,44.5597,-90.0053
1222,"AUGUSTA",WI,44.7268,-91.2126
1275,"AVALON",WI,42.6593,-88.8307
1303,"AVOCA",WI,43.1385,-90.2807
1348,"BABCOCK",WI,44.2983,-90.1404
1369,"BAGLEY",WI,42.7964,-90.8231
1378,"BAILEYS HARBOR",WI,45.077,-87.146
1426,"BALDWIN",WI,44.9692,-92.4411
1452,"BALSAM LAKE",WI,45.4216,-92.3788
1465,"BANCROFT",WI,44.3416,-89.5263
1476,"BANGOR",WI,43.9193,-91.0815
1497,"BARABOO",WI,43.4466,-89.864
1549,"BARNEVELD",WI,43.0084,-89.8974
1573,"BARRON",WI,45.4773,-91.8678
1574,"BARRONETT",WI,45.5574,-92.0167
1628,"BASSETT",WI,42.581,-87.6629
1693,"BAY CITY",WI,44.6315,-92.4352
1708,"BAYFIELD",WI,46.8535,-90.9159
1748,"BEAR CREEK",WI,44.4324,-88.5596
1792,"BEAVER DAM",WI,43.463,-88.8344
1860,"BEETOWN",WI,42.8736,-90.9364
1875,"BELDENVILLE",WI,44.7897,-92.4484
1888,"BELGIUM",WI,43.4996,-87.918
1946,"BELLEVILLE",WI,42.9038,-89.5863
1994,"BELMONT",WI,42.6854,-90.2638
1999,"BELOIT",WI,42.5226,-89.0208
2046,"BENET LAKE",WI,42.5001,-88.08
2066,"BENOIT",WI,46.6828,-91.1433
2093,"BENTON",WI,42.5545,-90.3508
2140,"BERLIN",WI,43.9157,-89.0271
2270,"BIG BEND",WI,42.8824,-88.2055
2281,"BIG FALLS",WI,44.6178,-89.0166
2357,"BIRCHWOOD",WI,45.7327,-91.615
2372,"BIRNAMWOOD",WI,44.9192,-89.1042
2405,"BLACK CREEK",WI,44.4702,-88.4547
2408,"BLACK EARTH",WI,43.114,-89.6245
2416,"BLACK RIVER FALLS",WI,44.2954,-90.8313
2452,"BLAIR",WI,44.2517,-91.2648
2477,"BLANCHARDVILLE",WI,42.6933,-90.1048
2500,"BLENKER",WI,44.6191,-89.9186
2517,"BLOOMER",WI,45.0424,-91.408
2552,"BLOOMINGTON",WI,42.8382,-90.9077
2589,"BLUE MOUNDS",WI,43.0382,-89.8046
2601,"BLUE RIVER",WI,42.9705,-90.5717
2709,"BONDUEL",WI,44.6992,-88.4543
2774,"BOSCOBEL",WI,42.896,-90.7791
2805,"BOULDER JUNCTION",WI,46.0784,-89.5314
2841,"BOWLER",WI,44.8987,-88.8389
2867,"BOYCEVILLE",WI,45.0758,-92.013
2871,"BOYD",WI,45.0052,-91.1756
2958,"BRANCH",WI,44.1099,-87.4839
2977,"BRANDON",WI,43.741,-88.6225
2995,"BRANTWOOD",WI,45.5845,-90.1669
3119,"BRIGGSVILLE",WI,43.7076,-89.5516
3131,"BRILL",WI,45.4234,-91.8482
3134,"BRILLION",WI,44.1632,-88.1339
3165,"BRISTOL",WI,42.5535,-88.029
3210,"BRODHEAD",WI,42.6058,-89.5801
3217,"BROKAW",WI,45.0274,-89.6541
3249,"BROOKFIELD",WI,43.0609,-88.1262
3273,"BROOKLYN",WI,42.7171,-89.5827
3342,"BROWNSVILLE",WI,43.6028,-88.523
3345,"BROWNTOWN",WI,42.5632,-89.7788
3355,"BRUCE",WI,45.4692,-91.2931
3365,"BRULE",WI,46.5554,-91.6054
3393,"BRUSSELS",WI,44.7524,-87.6259
3405,"BRYANT",WI,45.1604,-88.994
3604,"BURLINGTON",WI,42.6921,-88.2288
3612,"BURNETT",WI,43.5173,-88.7335
3686,"BUTLER",WI,43.1085,-88.0715
3693,"BUTTE DES MORTS",WI,44.1031,-88.6539
3697,"BUTTERNUT",WI,46.3948,-90.6282
3739,"CABLE",WI,46.2102,-91.1893
3760,"CADOTT",WI,45.0158,-91.3533
3798,"CALEDONIA",WI,42.8037,-87.9309
3874,"CAMBRIA",WI,43.5502,-89.1517
3888,"CAMBRIDGE",WI,42.9875,-89.0807
3924,"CAMERON",WI,45.4656,-91.6844
3935,"CAMP DOUGLAS",WI,43.9885,-90.2393
3940,"CAMP LAKE",WI,42.536,-88.1444
3963,"CAMPBELLSPORT",WI,43.6827,-88.3509
4198,"CAROLINE",WI,44.7358,-88.8767
4288,"CASCADE",WI,43.7255,-88.0484
4294,"CASCO",WI,44.5961,-87.6373
4304,"CASHTON",WI,43.8511,-90.699
4330,"CASSVILLE",WI,42.7825,-90.9453
4368,"CATARACT",WI,44.0876,-90.8423
4377,"CATAWBA",WI,45.5358,-90.5045
4422,"CAZENOVIA",WI,43.4636,-90.2822
4429,"CECIL",WI,44.8103,-88.3916
4453,"CEDAR GROVE",WI,43.5905,-87.8553
4478,"CEDARBURG",WI,43.3215,-88.004
4591,"CENTURIA",WI,45.4209,-92.5441
4733,"CHASEBURG",WI,43.667,-90.7414
4887,"CHETEK",WI,45.4054,-91.8281
4925,"CHILI",WI,44.6069,-90.3759
4935,"CHILTON",WI,44.0206,-88.1859
4956,"CHIPPEWA FALLS",WI,44.935,-91.3907
5062,"CLAM LAKE",WI,46.6452,-90.4427
5203,"CLAYTON",WI,45.3148,-92.4308
5217,"CLEAR LAKE",WI,45.2829,-92.4298
5272,"CLEVELAND",WI,43.9357,-87.8035
5343,"CLINTON",WI,42.5624,-88.86
5347,"CLINTONVILLE",WI,44.5934,-88.8681
5391,"CLYMAN",WI,43.3155,-88.7206
5435,"COBB",WI,42.9633,-90.3693
5448,"COCHRANE",WI,44.2377,-91.7417
5497,"COLBY",WI,44.88,-90.3847
5524,"COLEMAN",WI,45.3063,-88.0024
5541,"COLFAX",WI,45.0379,-91.888
5543,"COLGATE",WI,43.2094,-88.2415
5570,"COLLINS",WI,44.091,-87.9902
5593,"COLOMA",WI,44.0261,-89.4869
5664,"COLUMBUS",WI,43.3569,-89.1209
5677,"COMBINED LOCKS",WI,44.3487,-88.3612
5712,"COMSTOCK",WI,45.4957,-92.0378
5776,"CONOVER",WI,46.0724,-89.2609
5781,"CONRATH",WI,45.3576,-91.0884
5834,"COON VALLEY",WI,43.5745,-91.0438
5919,"CORNELL",WI,45.1252,-91.1709
5933,"CORNUCOPIA",WI,46.8345,-91.0928
5999,"COTTAGE GROVE",WI,43.0712,-89.197
6025,"COUDERAY",WI,45.838,-91.2918
6131,"CRANDON",WI,45.5118,-88.8918
6228,"CRIVITZ",WI,45.2617,-88.078
6275,"CROSS PLAINS",WI,43.1065,-89.6951
6347,"CUBA CITY",WI,42.7516,-90.6992
6350,"CUDAHY",WI,42.948,-87.8668
6380,"CUMBERLAND",WI,45.4277,-91.8995
6419,"CURTISS",WI,44.944,-90.5279
6427,"CUSHING",WI,45.5543,-92.6622
6438,"CUSTER",WI,44.5807,-89.5865
6506,"DALE",WI,44.4163,-88.4649
6520,"DALLAS",WI,45.2619,-91.8452
6535,"DALTON",WI,43.6793,-89.1867
6564,"DANBURY",WI,45.9726,-92.293
6568,"DANE",WI,43.24,-89.5233
6616,"DARIEN",WI,42.6583,-88.661
6624,"DARLINGTON",WI,42.6911,-90.1348
6721,"DE FOREST",WI,43.1491,-89.2609
6733,"DE PERE",WI,44.4536,-87.9783
6743,"DE SOTO",WI,43.4807,-91.1333
6816,"DEER PARK",WI,45.0875,-92.379
6820,"DEERBROOK",WI,45.2723,-89.0868
6829,"DEERFIELD",WI,43.0577,-89.0918
6853,"DELAFIELD",WI,43.0157,-88.3865
6864,"DELAVAN",WI,42.6416,-88.6535
6889,"DELLWOOD",WI,43.9555,-89.9418
6943,"DENMARK",WI,44.4592,-87.8857
7087,"DICKEYVILLE",WI,42.6351,-90.5833
7174,"DODGE",WI,44.1431,-91.5204
7178,"DODGEVILLE",WI,42.9642,-90.1314
7232,"DORCHESTER",WI,44.9965,-90.3744
7275,"DOUSMAN",WI,42.9515,-88.4441
7311,"DOWNING",WI,45.0019,-92.0997
7317,"DOWNSVILLE",WI,44.9465,-91.9034
7324,"DOYLESTOWN",WI,43.4266,-89.1491
7352,"DRESSER",WI,45.3618,-92.5499
7372,"DRUMMOND",WI,46.6828,-91.1433
7463,"DUNBAR",WI,45.5916,-88.2224
7537,"DURAND",WI,44.6402,-91.8319
7599,"EAGLE",WI,42.9291,-88.4749
7614,"EAGLE RIVER",WI,45.9881,-89.2656
7698,"EAST ELLSWORTH",WI,44.7348,-92.4655
7813,"EAST TROY",WI,42.7565,-88.5073
7844,"EASTMAN",WI,43.2206,-91.0341
7880,"EAU CLAIRE",WI,44.8109,-91.4995
7881,"EAU GALLE",WI,44.7493,-92.0419
7927,"EDEN",WI,43.6725,-88.5038
7935,"EDGAR",WI,44.9046,-90.0125
7951,"EDGERTON",WI,42.8038,-89.1014
7956,"EDGEWATER",WI,45.7424,-91.4765
7986,"EDMUND",WI,43.0113,-90.1339
8021,"EGG HARBOR",WI,45.0123,-87.266
8069,"ELAND",WI,44.8084,-89.3013
8087,"ELCHO",WI,45.4134,-89.1433
8090,"ELDERON",WI,44.7802,-89.2478
8100,"ELDORADO",WI,43.8323,-88.5822
8115,"ELEVA",WI,44.394,-91.4117
8171,"ELK MOUND",WI,44.8551,-91.737
8186,"ELKHART LAKE",WI,43.8274,-87.9915
8188,"ELKHORN",WI,42.6717,-88.564
8258,"ELLISON BAY",WI,45.2531,-87.0447
8275,"ELLSWORTH",WI,44.7401,-92.5483
8282,"ELM GROVE",WI,43.0482,-88.0879
8322,"ELMWOOD",WI,44.7445,-92.2264
8332,"ELROY",WI,43.827,-90.1045
8344,"ELTON",WI,45.2125,-88.8346
8367,"EMBARRASS",WI,44.6686,-88.7043
8375,"EMERALD",WI,45.1145,-92.2762
8428,"ENDEAVOR",WI,43.6866,-89.4834
8490,"EPHRAIM",WI,45.1592,-87.171
8606,"ETTRICK",WI,44.1842,-91.2577
8633,"EUREKA",WI,44.0032,-88.8397
8661,"EVANSVILLE",WI,42.7664,-89.2502
8704,"EXELAND",WI,45.7804,-91.2247
8749,"FAIRCHILD",WI,44.6598,-91.0148
8833,"FAIRWATER",WI,43.7475,-88.8665
8851,"FALL CREEK",WI,44.7629,-91.3063
8854,"FALL RIVER",WI,43.4171,-89.0705
9006,"FENCE",WI,45.7445,-88.4756
9010,"FENNIMORE",WI,42.8064,-90.6773
9045,"FERRYVILLE",WI,43.3192,-91.0547
9062,"FIFIELD",WI,45.8143,-90.453
9101,"FISH CREEK",WI,45.1104,-87.2099
9218,"FLORENCE",WI,45.8455,-88.2843
9265,"FOND DU LAC",WI,43.7752,-88.439
9270,"FONTANA",WI,42.5456,-88.463
9276,"FOOTVILLE",WI,42.6726,-89.2112
9317,"FOREST JUNCTION",WI,44.2111,-88.1515
9337,"FORESTVILLE",WI,44.7224,-87.5281
9364,"FORT ATKINSON",WI,42.9265,-88.8416
9520,"FOUNTAIN CITY",WI,44.1708,-91.675
9550,"FOX LAKE",WI,43.5682,-88.8957
9554,"FOXBORO",WI,46.4529,-92.1714
9566,"FRANCIS CREEK",WI,44.2049,-87.7156
9611,"FRANKLIN",WI,42.8873,-88.0096
9628,"FRANKSVILLE",WI,42.7856,-87.9955
9643,"FREDERIC",WI,45.5263,-92.4293
9668,"FREDONIA",WI,43.477,-87.9612
9683,"FREEDOM",WI,44.4163,-88.4649
9721,"FREMONT",WI,44.2728,-88.8333
9759,"FRIENDSHIP",WI,43.998,-89.7771
9766,"FRIESLAND",WI,43.5901,-89.0593
9884,"GALESVILLE",WI,44.0948,-91.3395
9905,"GALLOWAY",WI,44.9009,-89.7701
10080,"GAYS MILLS",WI,43.2697,-90.8318
10094,"GENESEE DEPOT",WI,42.9601,-88.3745
10117,"GENOA",WI,43.6181,-90.838
10119,"GENOA CITY",WI,42.5494,-88.4386
10167,"GERMANTOWN",WI,43.2355,-88.1247
10241,"GILE",WI,46.3957,-90.1911
10250,"GILLETT",WI,44.9164,-88.1743
10263,"GILMAN",WI,45.1978,-90.6321
10266,"GILMANTON",WI,44.3111,-91.8064
10328,"GLEASON",WI,45.381,-89.6072
10354,"GLEN FLORA",WI,45.4862,-90.8479
10358,"GLEN HAVEN",WI,42.8221,-90.9822
10382,"GLENBEULAH",WI,43.7721,-88.0413
10469,"GLENWOOD CITY",WI,45.0604,-92.2484
10474,"GLIDDEN",WI,46.1261,-90.6112
10572,"GOODMAN",WI,45.6488,-88.3332
10602,"GORDON",WI,46.293,-91.8946
10640,"GOTHAM",WI,43.2345,-90.2618
10684,"GRAFTON",WI,43.3,-87.941
10739,"GRAND MARSH",WI,43.9479,-89.7275
10758,"GRAND VIEW",WI,46.6828,-91.1433
10806,"GRANTON",WI,44.6072,-90.4573
10812,"GRANTSBURG",WI,45.7953,-92.6935
10849,"GRATIOT",WI,42.5799,-90.0312
10914,"GREEN BAY",WI,44.516,-88.0079
10923,"GREEN LAKE",WI,43.8563,-88.9859
10940,"GREEN VALLEY",WI,44.8047,-88.2692
10956,"GREENBUSH",WI,43.7183,-87.6187
10960,"GREENDALE",WI,42.9378,-87.9989
10987,"GREENLEAF",WI,44.3474,-88.0377
11038,"GREENVILLE",WI,44.287,-88.5564
11065,"GREENWOOD",WI,44.6604,-90.6756
11086,"GRESHAM",WI,44.8061,-88.7328
11277,"HAGER CITY",WI,44.6555,-92.5737
11307,"HALES CORNERS",WI,42.9436,-88.0465
11407,"HAMMOND",WI,44.9669,-92.4565
11454,"HANCOCK",WI,44.1035,-89.4916
11477,"HANNIBAL",WI,45.2068,-90.4841
11491,"HANOVER",WI,42.6323,-89.1594
11656,"HARSHAW",WI,45.6901,-89.664
11673,"HARTFORD",WI,43.3576,-88.319
11681,"HARTLAND",WI,43.1237,-88.3361
11768,"HATLEY",WI,44.798,-89.5139
11777,"HAUGEN",WI,45.6204,-91.8018
11814,"HAWKINS",WI,45.5186,-90.7431
11829,"HAWTHORNE",WI,46.5142,-91.8621
11863,"HAYWARD",WI,45.9552,-91.2783
11873,"HAZEL GREEN",WI,42.5439,-90.5363
11876,"HAZELHURST",WI,45.7483,-89.8216
11894,"HEAFFORD JUNCTION",WI,45.3377,-89.7355
11955,"HELENVILLE",WI,43.009,-88.6726
12041,"HERBSTER",WI,46.6828,-91.1433
12090,"HERTEL",WI,45.7996,-92.1537
12110,"HEWITT",WI,44.6459,-90.1051
12159,"HIGH BRIDGE",WI,46.3761,-90.7612
12182,"HIGHLAND",WI,42.9911,-90.1338
12207,"HILBERT",WI,44.1465,-88.1951
12229,"HILLPOINT",WI,43.3909,-90.1285
12250,"HILLSBORO",WI,43.6168,-90.6598
12262,"HILLSDALE",WI,45.3198,-91.8818
12299,"HINGHAM",WI,43.6394,-87.9157
12325,"HIXTON",WI,44.4038,-91.0442
12374,"HOLCOMBE",WI,45.1508,-91.1213
12403,"HOLLANDALE",WI,42.8715,-89.9239
12445,"HOLMEN",WI,43.9686,-91.2235
12515,"HONEY CREEK",WI,42.6675,-88.5417
12594,"HORICON",WI,43.422,-88.6243
12623,"HORTONVILLE",WI,44.3421,-88.5882
12650,"HOULTON",WI,45.0801,-92.7466
12714,"HUBERTUS",WI,43.3672,-88.2529
12733,"HUDSON",WI,44.9719,-92.4812
12771,"HUMBIRD",WI,44.5167,-90.7099
12856,"HURLEY",WI,46.371,-90.2216
12874,"HUSTISFORD",WI,43.3305,-88.603
12876,"HUSTLER",WI,43.8801,-90.2729
12990,"INDEPENDENCE",WI,44.3565,-91.4437
13076,"IOLA",WI,44.5071,-89.1229
13105,"IRMA",WI,45.3664,-89.67
13108,"IRON BELT",WI,46.3182,-90.342
13113,"IRON RIDGE",WI,43.363,-88.5815
13115,"IRON RIVER",WI,46.5996,-91.4374
13219,"IXONIA",WI,43.1477,-88.5886
13246,"JACKSON",WI,43.3239,-88.1522
13319,"JANESVILLE",WI,42.6794,-89.0316
13377,"JEFFERSON",WI,42.9935,-88.7598
13463,"JIM FALLS",WI,45.0889,-91.2568
13485,"JOHNSON CREEK",WI,43.0923,-88.7433
13562,"JUDA",WI,42.5644,-89.5079
13575,"JUMP RIVER",WI,45.2068,-90.4841
13589,"JUNCTION CITY",WI,44.589,-89.708
13593,"JUNEAU",WI,43.3722,-88.7102
13655,"KANSASVILLE",WI,42.72,-88.1206
13684,"KAUKAUNA",WI,44.3345,-88.2958
13752,"KELLNERSVILLE",WI,44.2226,-87.8017
13773,"KEMPSTER",WI,45.2494,-89.0321
13785,"KENDALL",WI,43.8164,-90.4026
13802,"KENNAN",WI,45.5288,-90.6062
13824,"KENOSHA",WI,42.5778,-87.8226
13882,"KESHENA",WI,44.8865,-88.5751
13903,"KEWASKUM",WI,43.4994,-88.2064
13904,"KEWAUNEE",WI,44.4382,-87.5927
13933,"KIEL",WI,43.9632,-87.9551
13934,"KIELER",WI,42.8593,-90.7913
13972,"KIMBERLY",WI,44.3032,-88.4734
13991,"KING",WI,44.3365,-89.1463
14046,"KINGSTON",WI,43.6911,-89.1302
14131,"KNAPP",WI,44.9475,-92.0752
14171,"KOHLER",WI,43.7484,-87.7762
14196,"KRAKOW",WI,44.7557,-88.2898
14249,"LA CROSSE",WI,43.8188,-91.2194
14251,"LA FARGE",WI,43.6,-90.6365
14302,"LA POINTE",WI,46.8033,-90.6923
14320,"LA VALLE",WI,43.5475,-90.1172
14334,"LAC DU FLAMBEAU",WI,46.0681,-89.7657
14368,"LADYSMITH",WI,45.4908,-91.0943
14442,"LAKE DELTON",WI,43.5939,-89.7912
14451,"LAKE GENEVA",WI,42.6179,-88.5202
14482,"LAKE MILLS",WI,43.0809,-88.9133
14487,"LAKE NEBAGAMON",WI,46.493,-91.7134
14509,"LAKE TOMAHAWK",WI,45.7757,-89.5748
14570,"LAKEWOOD",WI,45.3083,-88.4778
14629,"LANCASTER",WI,42.8642,-90.685
14633,"LAND O LAKES",WI,46.0737,-89.4445
14679,"LANNON",WI,43.1533,-88.1644
14697,"LAONA",WI,45.5617,-88.7065
14723,"LARSEN",WI,44.195,-88.6886
14889,"LEBANON",WI,43.2568,-88.6281
15001,"LENA",WI,45.0635,-88.2148
15054,"LEOPOLIS",WI,44.781,-88.8907
15107,"LEWIS",WI,45.4689,-92.5219
15222,"LIME RIDGE",WI,43.4682,-90.1615
15284,"LINDEN",WI,42.9631,-90.3206
15375,"LITTLE CHUTE",WI,44.2947,-88.3163
15405,"LITTLE SUAMICO",WI,44.7446,-87.9955
15449,"LIVINGSTON",WI,42.8987,-90.5116
15519,"LODI",WI,43.3428,-89.557
15535,"LOGANVILLE",WI,43.3858,-90.0179
15552,"LOMIRA",WI,43.5169,-88.4808
15572,"LONE ROCK",WI,43.2415,-90.2652
15601,"LONG LAKE",WI,45.9138,-88.6235
15772,"LOWELL",WI,43.3431,-88.7914
15798,"LOYAL",WI,44.7295,-90.6346
15809,"LUBLIN",WI,45.1666,-90.7698
15827,"LUCK",WI,45.4554,-92.4677
15898,"LUXEMBURG",WI,44.542,-87.6705
15941,"LYNDON STATION",WI,43.7141,-89.9493
15961,"LYNXVILLE",WI,43.2662,-91.022
15978,"LYONS",WI,42.6487,-88.359
16072,"MADISON",WI,43.0632,-89.4007
16123,"MAIDEN ROCK",WI,44.6239,-92.2907
16172,"MALONE",WI,43.8753,-88.2871
16203,"MANAWA",WI,44.4881,-88.927
16256,"MANITOWISH WATERS",WI,46.1551,-89.8455
16257,"MANITOWOC",WI,44.0885,-87.6802
16332,"MAPLE",WI,46.6526,-91.7338
16362,"MAPLEWOOD",WI,45.0597,-87.006
16374,"MARATHON",WI,44.8754,-89.8008
16408,"MARENGO",WI,46.3668,-90.8408
16422,"MARIBEL",WI,44.2766,-87.8017
16445,"MARINETTE",WI,45.0868,-87.7163
16470,"MARION",WI,44.5466,-88.9377
16482,"MARKESAN",WI,43.7236,-89.0654
16517,"MARQUETTE",WI,43.7465,-89.1384
16540,"MARSHALL",WI,43.1739,-89.0913
16550,"MARSHFIELD",WI,44.6621,-90.1702
16642,"MASON",WI,46.3623,-91.1169
16675,"MATHER",WI,43.9452,-90.0495
16702,"MATTOON",WI,45.0062,-89.0474
16724,"MAUSTON",WI,43.9087,-90.0724
16796,"MAYVILLE",WI,43.4835,-88.5459
16805,"MAZOMANIE",WI,43.191,-89.7293
16881,"MC FARLAND",WI,43.0105,-89.3639
16934,"MC NAUGHTON",WI,45.7229,-89.5573
17044,"MEDFORD",WI,45.1647,-90.4458
17060,"MEDINA",WI,44.4163,-88.4649
17096,"MELLEN",WI,46.3207,-90.7461
17112,"MELROSE",WI,44.1964,-90.9792
17140,"MENASHA",WI,44.141,-88.5691
17167,"MENOMONEE FALLS",WI,43.1485,-88.1243
17168,"MENOMONIE",WI,44.8678,-91.9432
17177,"MEQUON",WI,43.2471,-87.9809
17187,"MERCER",WI,46.1437,-90.1107
17229,"MERRILL",WI,45.2175,-89.7133
17230,"MERRILLAN",WI,44.4368,-90.7963
17233,"MERRIMAC",WI,43.3645,-89.664
17245,"MERTON",WI,43.146,-88.3098
17366,"MIDDLETON",WI,43.1148,-89.5292
17430,"MIKANA",WI,45.6096,-91.6197
17502,"MILLADORE",WI,44.5982,-89.9045
17571,"MILLSTON",WI,44.1869,-90.6358
17578,"MILLTOWN",WI,45.5158,-92.4617
17622,"MILTON",WI,42.7378,-89.0413
17631,"MILWAUKEE",WI,43.0402,-87.9145
17647,"MINDORO",WI,44.0214,-91.033
17661,"MINERAL POINT",WI,42.9897,-90.1526
17697,"MINOCQUA",WI,45.8276,-89.8243
17698,"MINONG",WI,46.0971,-91.8599
17726,"MISHICOT",WI,44.1678,-87.7392
17820,"MONDOVI",WI,44.4877,-91.6807
17867,"MONROE",WI,42.613,-89.657
17910,"MONTELLO",WI,43.8126,-89.372
17932,"MONTFORT",WI,43.0313,-90.4925
17964,"MONTICELLO",WI,42.743,-89.621
17981,"MONTREAL",WI,46.3966,-90.3091
18143,"MORRISONVILLE",WI,43.2773,-89.3564
18201,"MOSINEE",WI,44.8092,-89.7013
18251,"MOUNT CALVARY",WI,43.712,-88.4436
18291,"MOUNT HOPE",WI,42.9755,-90.8496
18293,"MOUNT HOREB",WI,42.9734,-89.5139
18352,"MOUNT STERLING",WI,43.2064,-90.9405
18387,"MOUNTAIN",WI,45.0957,-88.4789
18447,"MUKWONAGO",WI,42.9759,-88.3297
18524,"MUSCODA",WI,43.1234,-90.4884
18530,"MUSKEGO",WI,42.888,-88.1327
18620,"NASHOTAH",WI,43.1091,-88.4025
18694,"NECEDAH",WI,44.0226,-90.1306
18711,"NEENAH",WI,44.171,-88.4746
18721,"NEILLSVILLE",WI,44.6881,-90.6694
18725,"NEKOOSA",WI,44.3,-89.9208
18740,"NELSON",WI,44.4736,-91.9105
18743,"NELSONVILLE",WI,44.4902,-89.3109
18758,"NEOPIT",WI,44.8689,-88.6186
18760,"NEOSHO",WI,43.2898,-88.534
18774,"NESHKORO",WI,43.9221,-89.311
18806,"NEW AUBURN",WI,45.1182,-91.4867
18820,"NEW BERLIN",WI,42.973,-88.1286
18884,"NEW FRANKEN",WI,44.5714,-87.8333
18892,"NEW GLARUS",WI,42.8163,-89.6513
18922,"NEW HOLSTEIN",WI,43.9497,-88.0981
18951,"NEW LISBON",WI,43.9111,-90.1659
18961,"NEW LONDON",WI,44.4056,-88.8591
18989,"NEW MUNSTER",WI,42.5746,-88.2326
19017,"NEW RICHMOND",WI,45.0909,-92.497
19103,"NEWBURG",WI,43.4338,-88.0623
19201,"NEWTON",WI,43.9576,-87.7928
19229,"NIAGARA",WI,45.5794,-87.9188
19244,"NICHOLS",WI,44.5668,-88.4582
19442,"NORTH FREEDOM",WI,43.4031,-89.8722
19472,"NORTH LAKE",WI,43.0187,-88.303
19509,"NORTH PRAIRIE",WI,42.941,-88.4017
19611,"NORWALK",WI,43.8316,-90.6475
19696,"OAK CREEK",WI,42.8863,-87.892
19737,"OAKDALE",WI,43.9715,-90.3612
19744,"OAKFIELD",WI,43.6902,-88.6782
19849,"OCONOMOWOC",WI,43.0871,-88.4633
19851,"OCONTO",WI,44.8971,-88.0826
19852,"OCONTO FALLS",WI,44.902,-88.1258
19855,"ODANAH",WI,46.5608,-90.6197
19894,"OGDENSBURG",WI,44.4268,-88.9932
19896,"OGEMA",WI,45.4515,-90.2877
19920,"OJIBWA",WI,45.797,-91.1272
19928,"OKAUCHEE",WI,43.1179,-88.4394
20053,"OMRO",WI,44.0508,-88.7549
20060,"ONALASKA",WI,43.8867,-91.1304
20076,"ONEIDA",WI,44.4472,-88.2333
20096,"ONTARIO",WI,43.6965,-90.548
20105,"OOSTBURG",WI,43.6209,-87.8106
20169,"OREGON",WI,42.9339,-89.3896
20177,"ORFORDVILLE",WI,42.6143,-89.2331
20268,"OSCEOLA",WI,45.2838,-92.5356
20275,"OSHKOSH",WI,44.0224,-88.5461
20285,"OSSEO",WI,44.3335,-91.347
20367,"OWEN",WI,44.9009,-90.6275
20405,"OXFORD",WI,43.7678,-89.4639
20438,"PACKWAUKEE",WI,43.7644,-89.4576
20541,"PALMYRA",WI,42.8939,-88.5971
20617,"PARDEEVILLE",WI,43.5168,-89.3146
20637,"PARK FALLS",WI,45.8465,-90.3604
20725,"PATCH GROVE",WI,42.9422,-90.9646
20842,"PEARSON",WI,45.3861,-88.9712
20881,"PELICAN LAKE",WI,45.5259,-89.236
20886,"PELL LAKE",WI,42.54,-88.3582
20898,"PEMBINE",WI,45.3924,-87.9043
20974,"PEPIN",WI,44.5091,-92.1318
21050,"PESHTIGO",WI,45.1743,-87.902
21093,"PEWAUKEE",WI,43.0802,-88.2649
21105,"PHELPS",WI,46.0928,-89.2578
21121,"PHILLIPS",WI,45.7246,-90.371
21137,"PHLOX",WI,45.2494,-89.0321
21157,"PICKEREL",WI,45.3625,-88.9503
21160,"PICKETT",WI,43.9567,-88.7192
21203,"PIGEON FALLS",WI,44.4249,-91.2074
21274,"PINE RIVER",WI,44.156,-89.021
21391,"PITTSVILLE",WI,44.4089,-90.1909
21400,"PLAIN",WI,43.2938,-90.0223
21414,"PLAINFIELD",WI,44.1919,-89.2975
21457,"PLATTEVILLE",WI,42.796,-90.645
21489,"PLEASANT PRAIRIE",WI,42.5293,-87.8855
21516,"PLOVER",WI,44.4139,-89.5655
21520,"PLUM CITY",WI,44.6196,-92.1804
21547,"PLYMOUTH",WI,43.7685,-87.9758
21677,"POPLAR",WI,46.5942,-91.8153
21708,"PORT EDWARDS",WI,44.3509,-89.8763
21762,"PORT WASHINGTON",WI,43.3877,-87.8812
21764,"PORT WING",WI,46.7156,-91.3532
21771,"PORTAGE",WI,43.5067,-89.3993
21784,"PORTERFIELD",WI,45.2059,-87.8274
21834,"POTOSI",WI,42.6924,-90.7317
21840,"POTTER",WI,44.1199,-88.0965
21862,"POUND",WI,45.1175,-87.9771
21887,"POWERS LAKE",WI,42.5557,-88.2969
21898,"POY SIPPI",WI,44.134,-88.9864
21900,"POYNETTE",WI,43.4333,-89.3945
21911,"PRAIRIE DU CHIEN",WI,43.084,-91.0691
21913,"PRAIRIE DU SAC",WI,43.3608,-89.8084
21914,"PRAIRIE FARM",WI,45.2624,-91.9928
21939,"PRENTICE",WI,45.5329,-90.2817
21947,"PRESCOTT",WI,44.7472,-92.6405
21953,"PRESQUE ISLE",WI,46.2,-89.7387
22006,"PRINCETON",WI,43.8327,-89.1227
22085,"PULASKI",WI,44.5838,-88.1034
22208,"RACINE",WI,42.7261,-87.7884
22216,"RADISSON",WI,45.8006,-91.269
22308,"RANDOLPH",WI,43.5414,-89.0095
22310,"RANDOM LAKE",WI,43.5829,-88.0006
22410,"READFIELD",WI,44.27,-88.7755
22422,"READSTOWN",WI,43.4703,-90.7745
22497,"REDGRANITE",WI,44.0802,-89.217
22530,"REEDSBURG",WI,43.5324,-89.9945
22534,"REEDSVILLE",WI,44.1424,-87.9047
22540,"REESEVILLE",WI,43.288,-88.8874
22629,"REWEY",WI,42.8569,-90.3778
22658,"RHINELANDER",WI,45.7045,-89.3866
22669,"RIB LAKE",WI,45.208,-90.169
22675,"RICE LAKE",WI,45.5197,-91.8266
22703,"RICHFIELD",WI,43.2727,-88.2067
22722,"RICHLAND CENTER",WI,43.3661,-90.4302
22779,"RIDGELAND",WI,45.1683,-91.8758
22796,"RIDGEWAY",WI,43.0166,-89.9865
22835,"RINGLE",WI,44.9297,-89.365
22846,"RIO",WI,43.3983,-89.2502
22874,"RIPON",WI,43.7825,-88.5334
22895,"RIVER FALLS",WI,44.8024,-92.5954
22976,"ROBERTS",WI,44.9744,-92.5976
23015,"ROCHESTER",WI,42.7482,-88.2436
23031,"ROCK FALLS",WI,44.9465,-91.9034
23046,"ROCK SPRINGS",WI,43.4599,-89.9319
23083,"ROCKLAND",WI,43.8411,-90.9507
23294,"ROSENDALE",WI,43.7757,-88.6595
23304,"ROSHOLT",WI,44.6058,-89.3568
23337,"ROTHSCHILD",WI,44.8988,-89.7129
23409,"ROYALTON",WI,44.4619,-88.915
23416,"RUBICON",WI,43.3044,-88.5044
23426,"RUDOLPH",WI,44.4741,-89.7955
23649,"SAINT CLOUD",WI,43.7975,-88.2017
23651,"SAINT CROIX FALLS",WI,45.5097,-92.6117
23676,"SAINT GERMAIN",WI,45.9421,-89.6869
23753,"SAINT NAZIANZ",WI,44.0057,-87.9223
23824,"SALEM",WI,42.5746,-88.1375
23978,"SAND CREEK",WI,45.1429,-91.6998
24116,"SARONA",WI,45.7371,-91.7759
24137,"SAUK CITY",WI,43.2511,-89.8958
24139,"SAUKVILLE",WI,43.4325,-87.9475
24177,"SAXEVILLE",WI,44.2093,-89.0969
24179,"SAXON",WI,46.5026,-90.4027
24186,"SAYNER",WI,46.0202,-89.4979
24199,"SCANDINAVIA",WI,44.451,-89.1469
24228,"SCHOFIELD",WI,44.8665,-89.577
24458,"SENECA",WI,43.2064,-90.9405
24502,"SEXTONVILLE",WI,43.2794,-90.2876
24510,"SEYMOUR",WI,44.4304,-88.4633
24566,"SHARON",WI,42.6077,-88.6237
24600,"SHAWANO",WI,44.7451,-88.6642
24614,"SHEBOYGAN",WI,43.7426,-87.7309
24615,"SHEBOYGAN FALLS",WI,43.7264,-87.8531
24656,"SHELDON",WI,45.3495,-90.8872
24661,"SHELL LAKE",WI,45.8784,-91.7922
24726,"SHERWOOD",WI,44.1674,-88.2294
24745,"SHIOCTON",WI,44.4829,-88.5895
24798,"SHULLSBURG",WI,42.6052,-90.1136
24879,"SILVER LAKE",WI,42.552,-88.1608
24932,"SINSINAWA",WI,42.8593,-90.7913
24940,"SIREN",WI,45.7827,-92.3857
24942,"SISTER BAY",WI,45.1783,-87.1017
25007,"SLINGER",WI,43.3274,-88.2609
25117,"SOBIESKI",WI,44.7266,-88.1218
25133,"SOLDIERS GROVE",WI,43.3698,-90.8084
25147,"SOLON SPRINGS",WI,46.4173,-91.811
25158,"SOMERS",WI,42.6423,-87.9032
25171,"SOMERSET",WI,45.0814,-92.4744
25302,"SOUTH MILWAUKEE",WI,42.9116,-87.9505
25328,"SOUTH RANGE",WI,46.5688,-91.9352
25355,"SOUTH WAYNE",WI,42.5799,-89.9317
25430,"SPARTA",WI,43.9499,-90.7528
25457,"SPENCER",WI,44.8052,-90.1411
25485,"SPOONER",WI,45.922,-91.8117
25516,"SPRING GREEN",WI,43.23,-90.0401
25539,"SPRING VALLEY",WI,44.7819,-92.2838
25543,"SPRINGBROOK",WI,45.9452,-91.6754
25575,"SPRINGFIELD",WI,42.636,-88.416
25672,"STANLEY",WI,44.9934,-91.0695
25705,"STAR LAKE",WI,46.0613,-89.4858
25706,"STAR PRAIRIE",WI,45.2656,-92.4808
25809,"STETSONVILLE",WI,45.194,-90.3028
25811,"STEUBEN",WI,43.2742,-90.9243
25814,"STEVENS POINT",WI,44.5234,-89.5556
25867,"STITZER",WI,42.9266,-90.5836
25872,"STOCKBRIDGE",WI,44.0805,-88.3124
25881,"STOCKHOLM",WI,44.5084,-92.2326
25901,"STODDARD",WI,43.6691,-91.1343
25908,"STONE LAKE",WI,45.8212,-91.4628
25949,"STOUGHTON",WI,42.9313,-89.1684
25990,"STRATFORD",WI,44.8091,-90.0307
26028,"STRUM",WI,44.3874,-91.3944
26048,"STURGEON BAY",WI,44.9453,-87.3841
26055,"STURTEVANT",WI,42.713,-87.934
26060,"SUAMICO",WI,44.6357,-88.122
26106,"SULLIVAN",WI,43.0183,-88.6004
26163,"SUMMIT LAKE",WI,45.3965,-89.2179
26193,"SUN PRAIRIE",WI,43.1814,-89.2418
26240,"SUPERIOR",WI,46.575,-92.1176
26247,"SURING",WI,45.1118,-88.4187
26261,"SUSSEX",WI,43.1489,-88.2454
26517,"TAYLOR",WI,44.2915,-91.0877
26675,"THERESA",WI,43.4836,-88.4501
26686,"THIENSVILLE",WI,43.2359,-87.9812
26743,"THORP",WI,44.8941,-90.7907
26753,"THREE LAKES",WI,45.7621,-89.1573
26786,"TIGERTON",WI,44.7598,-89.0391
26799,"TILLEDA",WI,44.796,-88.8984
26851,"TISCH MILLS",WI,44.2828,-87.6324
26907,"TOMAH",WI,43.9838,-90.4733
26909,"TOMAHAWK",WI,45.3378,-89.7652
26931,"TONY",WI,45.452,-90.9644
26997,"TOWNSEND",WI,45.3095,-88.6059
27041,"TREGO",WI,45.9664,-91.8864
27050,"TREMPEALEAU",WI,44.0768,-91.4602
27075,"TREVOR",WI,42.5172,-88.138
27104,"TRIPOLI",WI,45.7255,-89.944
27207,"TUNNEL CITY",WI,44.0031,-90.562
27249,"TURTLE LAKE",WI,45.4001,-92.0747
27291,"TWIN LAKES",WI,42.5239,-88.2354
27305,"TWO RIVERS",WI,44.2255,-87.6278
27398,"UNION CENTER",WI,43.9452,-90.0495
27413,"UNION GROVE",WI,42.7394,-88.0831
27454,"UNITY",WI,44.841,-90.2575
27485,"UPSON",WI,46.3703,-90.4343
27535,"VALDERS",WI,44.0533,-87.8999
27610,"VAN DYNE",WI,43.8396,-88.5439
27763,"VERONA",WI,42.9957,-89.5665
27774,"VESPER",WI,44.4623,-90.0033
27885,"VIOLA",WI,43.5018,-90.7068
27903,"VIROQUA",WI,43.5305,-90.9916
27945,"WABENO",WI,45.4436,-88.6194
28034,"WALDO",WI,43.6627,-87.9303
28050,"WALES",WI,43.0036,-88.3769
28159,"WALWORTH",WI,42.5615,-88.5972
28244,"WARRENS",WI,43.9879,-90.4666
28282,"WASCOTT",WI,46.5251,-91.9216
28289,"WASHBURN",WI,46.6973,-90.9042
28321,"WASHINGTON ISLAND",WI,45.3738,-86.8975
28362,"WATERFORD",WI,42.7632,-88.1974
28372,"WATERLOO",WI,43.129,-88.9475
28385,"WATERTOWN",WI,43.183,-88.727
28431,"WAUKAU",WI,43.9886,-88.7712
28435,"WAUKESHA",WI,43.0132,-88.2358
28439,"WAUNAKEE",WI,43.184,-89.3227
28441,"WAUPACA",WI,44.4292,-89.0467
28442,"WAUPUN",WI,43.4593,-88.7545
28447,"WAUSAU",WI,44.9626,-89.6468
28448,"WAUSAUKEE",WI,45.3833,-87.8762
28450,"WAUTOMA",WI,44.0753,-89.2712
28451,"WAUZEKA",WI,43.1101,-90.9571
28551,"WEBSTER",WI,45.8696,-92.3029
28692,"WEST BEND",WI,43.4195,-88.1875
28873,"WEST SALEM",WI,43.8976,-91.1202
28914,"WESTBORO",WI,45.3309,-90.4015
28923,"WESTBY",WI,43.6537,-90.8417
28947,"WESTFIELD",WI,43.8487,-89.4785
29046,"WEYAUWEGA",WI,44.3325,-88.9228
29047,"WEYERHAEUSER",WI,45.4091,-91.423
29081,"WHEELER",WI,45.0941,-91.8793
29124,"WHITE LAKE",WI,45.248,-88.8032
29171,"WHITEHALL",WI,44.4438,-91.2858
29178,"WHITELAW",WI,44.1893,-87.7816
29208,"WHITEWATER",WI,42.7843,-88.5926
29280,"WILD ROSE",WI,44.1689,-89.2232
29315,"WILLARD",WI,44.7153,-90.7697
29327,"WILLIAMS BAY",WI,42.6913,-88.635
29437,"WILMOT",WI,42.5072,-88.1913
29450,"WILSON",WI,44.9458,-92.2561
29470,"WILTON",WI,43.8488,-90.4688
29523,"WINDSOR",WI,43.2078,-89.3418
29564,"WINNEBAGO",WI,44.0706,-88.5178
29565,"WINNECONNE",WI,44.1249,-88.7451
29604,"WINTER",WI,45.8327,-91.0144
29637,"WISCONSIN DELLS",WI,43.569,-89.4417
29638,"WISCONSIN RAPIDS",WI,44.3952,-89.8281
29651,"WITHEE",WI,44.9442,-90.6384
29656,"WITTENBERG",WI,44.8013,-89.1148
29700,"WONEWOC",WI,43.6909,-90.2036
29738,"WOODFORD",WI,42.6493,-89.8622
29755,"WOODLAND",WI,43.4142,-88.7049
29765,"WOODMAN",WI,43.0358,-90.853
29773,"WOODRUFF",WI,45.8596,-89.6537
29807,"WOODVILLE",WI,44.9462,-92.3765
29815,"WOODWORTH",WI,42.581,-87.6629
29875,"WRIGHTSTOWN",WI,44.4949,-88.1247
29911,"WYOCENA",WI,43.4989,-89.305
30052,"ZACHOW",WI,44.7315,-88.3698
30075,"ZENDA",WI,42.5136,-88.4843
